title,common_keywords_3_plus
Deep One Tuck Sweat Shorts [Grey]," 기장,  여름,  반바지,  허리,  사이즈,  버뮤다,  바지,  크다, 편하다"
바이오워싱 카펜터 버뮤다 데님 팬츠_라이트블루," 색감,  기장,  바지,  허리,  버뮤다,  여름,  크다, 사이즈,  편하다"
데미지 워시드 데님 팬츠-미디엄 블루(Cool Air)," 색감,  크다,  얇다,  편하다,  허리,  사이즈,  여름, 바지"
Wide Cargo Half Denim Pants - 5COL," 색감,  크다,  기장,  편하다,  사이즈,  맞다,  여름,  허리, 바지"
Deep One Tuck Sweat Shorts [Black]," 두껍다, 편하다,  기장,  재질,  사이즈,  회색,  여름,  바지,  핏,  제로"
[쿨탠다드] 세미 와이드 히든 밴딩 슬랙스 [블랙]," 핏,  슬랙스,  얇다,  사이즈,  편하다,  와이드, 시원하다,  여름"
버뮤다 와이드 원턱 스웨트 쇼츠 [그레이],"편하다,  가격,  얇다,  재질,  사이즈,  여름,  바지,  핏,  운동"
캣 브러쉬 워시드 버뮤다 데님 쇼츠 (SAND BLUE)," 크다,  배송,  사이즈,  버뮤다,  편하다,  바지,  핏,  허리"
캣 브러쉬 워시드 버뮤다 데님 쇼츠 (NORMAL BLACK)," 색감,  워싱,  배송,  작다,  허리,  바지, 사이즈"
Deep One Tuck Sweat Pants [Grey]," 길이,  크다,  통,  기장,  허리,  사이즈,  바지,  와이드, 편하다"
DOODLE HEART HALF T WHITE GREYISH BLUE," 배송,  가격,  사이즈,  편하다,  재질,  핏,  여름"
[SET] 워셔블 케이블 반팔 니트 세트," 색감,  니트,  배송,  가격,  가성비,  여름,  재질,  핏,  덥다"
[2PACK] 쿨 코튼 티셔츠 블랙+화이트," 배송,  가격,  얇다, 사이즈,  여름,  편하다,  재질,  기본,  시원하다"
[3천원 결제혜택]링클 체크 박시 오버핏 롤업 하프 셔츠 다크 네이비,"여름,  셔츠,  얇다,  단추,  사이즈,  시원하다,  편하다,  재질,  핏,  가격"
460G 컷 헤비 피그먼트 티셔츠-차콜-," 색상,  재질,  핏,  탄탄하다,  피그먼트,  적당하다,  편하다"
[16수 코마사] 2PACK SMALL ARCH T-SHIRT WHITE _ BLACK," 가격, 사이즈,  편하다,  여름,  재질,  무난,  적당하다"
빈티지 워싱 네이비 체크셔츠," 색감,  배송,  얇다,  가격,  사이즈,  재질,  체크,  적당하다,  여름"
[3PACK] 에어쿨링 드라이 기능성 무지 반팔티,"운동,  가격,  가성비,  여름,  사이즈,  편하다,  재질,  시원하다"
TAG OG TEE - WHITE," 배송, 사이즈,  디자인,  편하다,  재질,  핏,  크다,  빠르다"
[2PACK] EL 스트리트 아트워크 오버핏 반팔티 2종 2PACK," 배송,  가격,  얇다,  빠르다,  여름,  편하다, 사이즈,  디자인,  적당하다"
[무료반품]베켄바우어 트랙탑 - 인디고_IP0418," 색감,  디자인,  가을,  배송,  저지, 사이즈,  편하다,  아디다스"
파이어버드 트랙탑 - 블랙_IJ7058," 시보리, 사이즈,  핏,  편하다,  배송,  아디다스,  저지,  크다,  빠르다"
ASI 포시즌 에센셜 피그먼트 후드집업_차콜 그레이," 지퍼, 색감,  가격,  핏,  편하다,  사이즈,  디자인,  배송"
[무료반품]베켄바우어 트랙탑 - 블랙화이트_II5763," 저지,  크다,  빠르다, 사이즈,  핏,  포인트,  디자인,  배송,  아디다스,  흔하다"
2WAY 스웻 후드 집업 (MELANGE GREY)," 크다,  레이어드,  편하다,  기장,  지퍼,  적당하다,  짧다"
[유튜버 PICK]FR-40S 프렌치 워크 5P 자켓_Military Navy," 재킷,  크다, 사이즈,  간절기,  핏,  편하다,  디자인,  배송,  만족하다"
[쿨탠다드] 릴렉스드 베이식 블레이저 [블랙],"여름,  얇다,  가성비,  가격,  시원하다,  핏,  편하다,  블레이저,  사이즈,  배송"
시어 후드 베스트 블랙,"얇다,  배송,  가격,  가볍다,  편하다,  사이즈,  재질,  여름,  덥다"
[SAINT YEAR] 세미 오버 핏 셋업 수트_GREY," 셋업,  색감,  바지,  결혼식,  얇다,  맞다,  가성비,  가격"
MATIN KIM LOGO COATING JUMPER IN BLACK," 얇다,  디자인,  핏,  편하다,  마뗑킴,  사이즈,  빠르다,  재질, 배송"
1875663," 길이,  여름,  허리,  사이즈,  편하다,  시원하다,  라인"
3977452," 길이,  원피스,  사이즈,  소재,  타이트,  탄탄하다"
1875664," 얇다,  여름,  짧다,  편하다,  라인,  핏,  길이, 시원하다,  사이즈,  적당하다"
4018731," 리본,  길이,  귀엽다,  치마,  가격,  짧다,  편하다,  디자인"
3977488," 길이,  원피스,  기장,  재질,  사이즈,  탄탄하다, 짧다"
2551401," 길이,  치마,  짧다,  사이즈,  속바지,  바지,  핏, 편하다,  맞다,  허리"
2978106," 크다, 편하다,  얇다,  단추,  허리,  사이즈,  여름,  재질,  시원하다"
3295891," 밑단,  가격, 색감,  허리,  디자인,  사이즈,  여름"
1645762," 길이,  크다,  배송,  치마, 사이즈,  허리,  맞다,  편하다"
1944554,"허리,  길이,  편하다,  짧다,  사이즈,  치마,  크다,  적당하다"
