Review,keyword_1,keyword_2,keyword_3,keyword_4,common_keywords_all,common_keywords_3_plus,Answer
예쁘고 질 좋아요 추천합니다! 무진장 세일때 잘 샀어요,"['무진장', '추천', '세일', '질']","['무진장', '추천', '세일']","['추천', '무진장', '세일']","['무진장', '세일', '추천']",,"무진장,   추천,   세일","무진장, 추천, 세일, 질"
기본치마입니당 속옷색 주의하면 될거같아여요,"['주의', '기본', '속옷', '색', '치마']","['치마', '주의', '요요', '기본', '속옷']","['주의', '치마', '요요', '속옷', '기본']","['요요', '주의', '속옷', '기본', '치마']", 속옷,"주의,   기본,   속옷,   치마,   요요","주의, 기본, 속옷, 치마"
너무 하얀색아니고 적당한 크림색이라 좋습니다,"['하얀색', '크림색']","['크림색', '적당하다', '아니다', '하얀색']","['크림', '색', '아니다', '적당하다', '하얀색']","['하얀색', '아니다', '적당하다', '크림']",,"하얀색,   적당하다,   아니다","적당하다, 크림색, 하얀색, 아니다"
"매장에서 입어보고
무신사 스토어에서 바로 구매
배송받고 바로 입고
나갔어요
완죤 조아요","['물다', '입어보다', '스토어', '매장', '배송받다']","['매장', '입어보다', '스토어', '물다', '배송받다']","['배송', '받다', '입어보다', '매장', '스토어', '물다']","['스토어', '받다', '매장', '입어보다', '물다', '배송']", 물다,"물다,   입어보다,   스토어,   매장","입어보다, 스토어, 매장, 배송"
크지도 않고 작지도 않고 딱 맞네요. 구김이 두드러지는건 흰색이라 어쩔 수 없는 것 같아요. 어디에나 잘 어울려서 자주 입을 것 같아요.,"['크다', '어울리다', '맞다', '두드러지다', '구김', '흰색', '작다']","['두드러지다', '어울리다', '크다', '흰색', '구김', '없다']","['흰색', '어울리다', '맞다', '구김', '에나', '두드러지다', '어쩔']","['두드러지다', '어쩔', '에나', '구김', '어울리다', '흰색', '없다', '크다', '맞다']", 구김,"어울리다,   두드러지다,   구김,   흰색,   크다,   맞다","맞다, 구김, 두드러지다, 흰색, 어울리다"
사이즈 맞고 핏도 예쁘고 잘샀어요..원단도 탄탄하고 좋아요.,"['원단', '사이즈', '탄탄하다', '핏']","['탄탄하다', '원단', '사이즈', '핏', '맞다']","['맞다', '핏', '원단', '사이즈', '탄탄하다']","['원단', '탄탄하다', '맞다', '사이즈']", 사이즈,"원단,   사이즈,   탄탄하다,   핏,   맞다","원단, 사이즈, 탄탄하다, 핏, 맞다"
"음...저는 약간 살짝 끼어요.
몸이 불편하진 않은데 보기에는 조금 불편할 수 있을 것 같아서 한 사이즈 더 크게 살 걸 그랬나 생각은 했습니다.
하지만, 색감도 예쁘구요, 신축성이 좀 있어서 편해요. 만족합니다.",['끼'],"['만족하다', '신축', '보기', '불편하다', '음서', '사이즈', '색감', '몸']","['색감', '만족하다', '사이즈', '편하다', '보기', '에는', '불편하다']","['불편하다', '음서', '보기', '끼다', '그렇다', '크게', '에는', '신축', '색감', '만족하다']", 보기,"만족하다,   보기,   불편하다,   색감","만족하다, 보기, 불편하다, 색감, 사이즈, 색감, 신축성, 편하다, 만족하다"
"s사이즈는 허리가 작아서 m샀는데 좀 크네용.
여름엔 좀 춥고 봄,가을이 젤 좋을 것 같아요~","['m', '춥다', '크다', '허리', '봄', 's사이즈', '작다', '여름', '가을']","['여름', '사이즈', '작다', '허리', '크다', '추다']","['추다', '여름', '작다', '크다', 's', '사이즈', '허리']","['추다', '작다', '여름', '크다', '허리', '사이즈']"," 크다,  허리,  사이즈","크다,   허리,   작다,   여름,   사이즈,   추다","사이즈, 허리, 봄, 가을, 작다, 크다"
"77반 88에게 타이트하게 맞아요ㅋㅋ 이쁘고 핏하고 시원하지만 계속 숨참고 있어야 한다는 게 단점..ㅎ_ㅎ입니다
그래도 잘 입고 다니고 있어요! 키는 163입니다","['계속', '한다는', '시원하다', '맞다', '핏', '타이트', '단점', '키', '숨', '참고']","['키', '단점', '시원하다', '참고', '타이트']","['시원하다', '타이트', '맞다', '단점']","['한다는', '계속', '단점', '참고', '타이트', '하고', '맞다', '시원하다']",,"시원하다,   타이트,   단점,   맞다,   참고","시원하다, 타이트, 맞다, 단점"
예뻐요 생각했던 핏입니다 이런 스타일 옷 찾고 있었는데 좋아요,"['스타일', '찾다', '이렇다', '핏']","['스타일', '이렇다', '핏입니', '찾다']","['핏입니', '스타일', '이렇다', '찾다']","['핏입니', '이렇다', '찾다', '스타일']",,"스타일,   찾다,   이렇다,   핏입니","스타일, 핏"
길이가 다른 원피스들에 비해 긴 편이에요. 엄마가 좋아하는 길이ㅋㅋ 그래도 허리 라인 잡혀있어서 예뻐요,"['허리', '엄마', '원피스', '라인', '길이']","['원피스', '길이', '편이', '허리', '길이', '라인', '엄마', '비다']","['엄마', '편이', '잡히다', '원피스', '비다', '좋아하다', '허리', '라인']","['엄마', '비다', '길이', '좋아하다', '잡히다', '편이', '원피스', '라인', '허리']",,"허리,   엄마,   원피스,   라인,   길이,   편이,   비다","허리, 엄마, 라인, 길이, 원피스"
여름 내 잘 입었어요 딱 맞게 입고싶어 xs할까 고민하다가 s구입한건데 어깨가 딱 맞더라구요.,"['고민', 's', '맞다', '내', '어깨', '여름', 'xs']","['고민', '어깨', '싶다', '맞다', '맞다']","['맞다', '고민', '어깨', '건데']","['맞다', '건데', '어깨', 'xs', '고민', '여름']",,"맞다,   고민,   어깨","여름, 맞다, 고민, 어깨"
편하고 좋아여 흰색도 살 예정이에여 라인도 잡아쥼!!,"['잡아쥼', '살', '편하다', '흰색', '예정', '라인']","['편하다', '잡아쥼', '흰색', '라인', '예정']","['라인', '예정', '편하다', '잡아쥼', '흰색']","['잡아쥼', '흰색', '예정', '이에요', '라인', '편하다']",,"잡아쥼,   편하다,   흰색,   예정,   라인","편하다, 라인, 흰색"
pk원피스는 처음인데 진짜 맘에들어요. 근데 좀 짧긴해요. 아랫배 부각도 있긴있어요. 그래도 이뻐요... 스트레이트 체형이라면 도전하십쇼!!,"['도전쇼', '짧다', '처음', '원피스', '스트레이트', '체형라면', '부각', '아랫배']","['도전쇼', '체형라면', '스트레이트', '원피스', '처음', '부각']","['체형', '라면', '도전', '쇼', '부각']","['스트레이트', '아랫', '도전', '부각', '라면', 'pk', '체형', '처음', '근데', '인데']",,"부각,   처음,   스트레이트","부각, 처음, 스트레이트, 체형, 짧다, 원피스, 아랫배"
얇아서 여름에 입기 시원 할 듯.. 허리가 잘록하게 들어 가 있어서 핏되는 게 예쁩니다,"['잘록하다', '시원하다', '허리', '들어가다', '여름', '얇다', '핏되']","['잘록하다', '시원하다', '허리', '들어가다', '여름', '얇다', '핏되']","['잘록하다', '여름', '얇다', '핏되', '들어가다', '시원하다', '허리']","['잘록하다', '핏되', '들어가다', '여름', '허리', '시원하다', '얇다']",,"잘록하다,   시원하다,   허리,   들어가다,   여름,   얇다,   핏되","허리, 잘록하다, 시원하다, 여름, 얇다, 핏되다"
편하게 휘뚜루마뚜루 입고 다닐 수 있어 좋습니다 진짜 얇아서 시원해요,"['편하다', '휘뚜루마뚜루', '얇다', '시원']","['시원하다', '편하다', '얇다']","['얇다', '시원하다', '편하다', '휘뚜루마뚜루']","['휘뚜루마뚜루', '편하다', '시원하다', '얇다']",,"편하다,   얇다,   휘뚜루마뚜루,   시원하다","편하다, 얇다, 시원하다"
162/52 하비인데 S사이즈 딱 좋아요. 핏 예뻐서 손이 자주 가요. 다만 얇아서 비치는감이 있어 속치마 꼭 입어줍니다.,"['비침', '핏', 's사이즈', '가요', '속치마', '하비', '얇다', '손']","['줍다', '사이즈', '치마', '비치다', '하비', '손', '가요']","['줍다', '얇다', '하비', '비치다', '손', '가요']","['줍다', '하비', '가요', '인데', '치마', '비치다', '사이즈', '얇다']",,"가요,   하비,   얇다,   손,   줍다,   비치다","하비, 사이즈, 핏, 얇다, 비치다, 속치마"
"사이즈도 좋구요
재질이 부드럽네요
무게도 너무 가볍","['부드럽다', '사이즈', '재질', '가볍다', '무게']","['가법', '사이즈', '부드럽다', '재질', '무게']","['부드럽다', '무게', '사이즈', '재질', '가법']","['가법', '무게', '부드럽다', '재질', '사이즈']", 사이즈,"부드럽다,   사이즈,   재질,   무게,   가법","부드럽다, 사이즈, 재질, 무게, 가볍다"
너무 맘에 들어요! 배송도 빠르고 시원한 재질이에요,[''],"['재질', '배송', '시원하다', '빠르다']","['재질', '배송', '시원하다', '빠르다']","['이에요', '빠르다', '재질', '배송', '시원하다']",,"재질,   배송,   시원하다,   빠르다","배송, 빠르다, 재질, 시원하다"
"어느날 갑자기 신랑이 무신사에 대한 사랑이 생겨서 저도 한번 볼까나 하고 어플도 깔고 집근처에 가서 보기도 했는데 너무 좋더라구요.
너무 시원하고 바느질도 꼼꼼 진짜 이런 신세계가 있나 싶을정도에요. 그리고 스타일도 너무 좋아서 알림 신청 해놓고 괜찮은거있으면 바로 살거에요","['알림', '시원', '살', '물다', '집', '신랑', '근처', '바느질', '스타일', '앱']","['신청', '생기다', '신랑', '사랑', '시원하다', '사', '이렇다', '바느질', '갑자기', '근처']","['신세계', '스타일', '보기', '갑자기', '가다', '바느질']","['바느질', '생기다', '근처', '신청', '신세계', '꼼꼼', '대한', '알림', '보기', '갑자기']",,"바느질,   갑자기,   근처","바느질, 시원하다, 꼼꼼하다, 스타일"
너무길어서 살짝 잘랏더니 더 이뿌네요 엄청얇아서 좋긴한데 밝은데 가면 다리라인이 다 보일정돓 비치긴해요!! 저는 걍 청반바지 입고 입어요,"['반바지', '청', '비치', '얇다', '밝다', '다리라인']","['다리라인', '비치다', '반바지', '가면']","['반바지', '얇다', '자르다', '밝다', '가면']","['일정', '반바지', '가면', '자르다', '밝다', '그냥', '다리', '비치다', '라인', '얇다']",,"반바지,   얇다,   밝다,   가면","반바지, 얇다, 밝다, 비치다, 길다"
원단 너무 시원하구 핏도 좋아요 좀 긴 거 빼면 완전 만족스러움 ...,"['원단', '시원', '만족스럽다', '핏']","['만족스럽다', '시원하다', '완전하다', '원단', '핏', '빼다']","['빼다', '핏', '시원하다', '완전하다', '만족스럽다', '원단']","['완전하다', '빼다', '만족스럽다', '원단', '시원하다']",,"원단,   만족스럽다,   핏,   시원하다,   완전하다,   빼다","원단, 시원하다, 핏, 길다, 만족스럽다"
"대만족스러운 카라티
얇고 소재도 찰랑해서 여름에 딱좋음
절대 안 들러붙는 재질
하나도안짧음 길고 넉넉하게나온편","['하나', '길다', '넉넉하다', '찰랑', '짧다', '칼라티', '절대', '재질', '여름', '소재', '나오다', '얇다', '들러붙다', '편']","['만족', '찰랑하다', '넉넉하다', '칼라티', '재질', '소재', '나오다', '절대', '길다', '여름']","['여름', '넉넉하다', '얇다', '소재', '찰랑하다', '나오다', '들러붙다', '재질', '절대']","['스러운', '절대', '들러붙다', '칼라', '찰랑하다', '만족', '넉넉하다', '하나', '길다', '나오다']",,"넉넉하다,   절대,   나오다,   소재,   찰랑하다,   들러붙다,   재질,   여름,   길다","넉넉하다, 소재, 찰랑하다, 들러붙다, 재질, 여름, 길다, 만족스럽다, 얇다"
"일단 지금까지 사서 입었던 원피스 중에서 최고에요
평소 바지 L사이즈 입는 하비라서
M이랑 L 엄청 고민했는데  저랑 비슷하신분들은 엠 하셔도 충분하실겁니다! 키가 있어서 짧을 걱정했는데 길이도 딱 이쁘고 스판끼 입기도 편하네요😆😆
검정색도 바로 살거에욤 다들 고민하지말고 사세여~~","['살', '바지', '분', '평소', '스판', '길이', '하비라서', '겁니다', '최고', '고민', '사서', '검은색', '엠', '사이즈', '키', 'm', '걱정', '짧다', '편하다', '충분하다', '원피스', 'l']","['충분하다', '스판', '검은색', '고민', '겁니다', '중', '사이즈', '사서']","['바지', '편하다', '최고', '사이즈', '분']","['고민', '겁니다', '거에욤', '검은색', '하비', '스판', '충분하다', '말고', '바지', '평소']",,"사이즈,   겁니다,   바지,   검은색,   고민,   충분하다,   스판","사이즈, 바지, 고민, 스판, 원피스, 최고, 하비, 편하다"
한사이즈 작은걸 살까 했지만 괜찮아요 편하고 흰색 재구매 합니당,"['재다', '걸', '편하다', '흰색', '사이즈', '작다', '살다']","['흰색', '사이즈', '편하다', '작다', '재다', '살다']","['사이즈', '작다', '편하다', '살다', '흰색', '재다']","['흰색', '재다', '살다', '작다', '사이즈', '편하다']"," 살다,  재다,  작다","재다,   편하다,   흰색,   사이즈,   작다,   살다","편하다, 흰색, 사이즈, 작다"
"여자친구 사줬는데 좋아해요.
다른 후기들처럼 아래가 좀 비쳐요.","['후기처럼', '사주다', '좋아하다', '여자친구', '비치', '아래']","['여자친구', '후기', '비치다', '아래', '사주다', '좋아하다']","['좋아하다', '비치다', '사주다', '후기', '처럼', '아래', '여자친구']","['아래', '좋아하다', '사주다', '처럼', '여자친구', '후기', '비치다']"," 비치다,  사주다","사주다,   좋아하다,   여자친구,   아래,   후기,   비치다","사주다, 좋아하다, 여자친구, 후기, 비치다"
딱 기본적인 사이즈에 편안하게 입고 다닐 수 있어옹,"['편안하다', '기본', '옹', '사이즈']","['기본', '사이즈', '편안하다']","['사이즈', '편안하다', '기본']","['편안하다', '기본', '사이즈']",,"편안하다,   기본,   사이즈","편안하다, 기본, 사이즈"
기장도 재질도 넘 맘에들어요 매장에서 입어보고 넘 괜찮길래 구매했습니다 앱에서 구매하는게 더 저렴하네요 pk 원피스 기장 대개 짧은데 이건 부담스럽지않고 딱이뻐요,"['짧다', '부담스럽지', '원피스', '재질', '매장', '앱', '기장']","['매장', '입어보다', '부담', '기장', '기장', '재질', '앱', '원피스']","['저렴하다', '짧다', '부담', '스럽지', '앱', '매장', '입어보다', '대개']","['대개', '기장', '스럽지', '이건', '부담', 'pk', '저렴하다', '매장', '입어보다', '재질']",,"매장,   기장,   재질,   앱,   입어보다,   부담","매장, 기장, 재질, 앱, 입어보다, 원피스"
재질도 너무 시원하고 핏도 너무 이쁘네요 다른 색상도 사고 싶어요,"['재질', '시원', '핏', '색상']","['색상', '시원하다', '재질', '사고', '핏', '싶다']","['색상', '핏', '재질', '시원하다', '사고']","['색상', '사고', '재질', '시원하다']", 재질,"재질,   색상,   핏,   시원하다,   사고","재질, 시원하다, 핏, 색상"
여름 내내 잘 입고 다녔어요! 시원하고 라인도 들어가고 예뻐요~ 길이도 적당해서 잘 입고 다녔습니다! 최고에요,"['시원하다', '내내', '여름', '최고', '들어가다', '적당하다', '라인', '길이']","['적당하다', '시원하다', '들어가다', '길이', '라인', '여름', '내내', '최고']","['최고', '라인', '들어가다', '길이', '적당하다', '내내']","['내내', '최고', '들어가다', '적당하다', '라인', '여름', '길이', '시원하다']"," 라인,  들어가다,  길이","내내,   최고,   들어가다,   적당하다,   라인,   길이,   시원하다,   여름","최고, 적당하다, 라인, 길이, 시원하다, 여름"
제 키에 길이 딱 적당하고 허리라인 예뻐 보여서 좋아요,"['키', '길이', '허리라인']","['적당하다', '보', '허리라인', '길이', '키']","['보', '여서', '적당하다', '키', '허리', '라인', '길이']","['여서', '적당하다', '허리', '라인', '길이']", 길이,"길이,   키,   적당하다","길이, 키, 적당하다, 허리, 라인"
"뚠뚠인데 허리 라인 잡혀서 날씬해보여요 
얇아서 여름에 입기 딱 좋고 살짝 비치기는 하는데 속치마 입으려니 속치마가 더 길어서 못입었네요ㅋㅋㄱㄱ
속바지 입으시면 될것같아여","['허리', '속바지', '날씬하다', '뚠뚠', '못', '속치마', '보이', '여름', '비치', '얇다', '잡히다', '라인']","['비치', '치마', '날씬하다', '치마', '허리', '잡히다']","['속바지', '얇다', '여름', '날씬하다', '잡히다']","['치마', '뚠뚠', '비치', '잡히다', '인데', '날씬하다', '속바지', '보이다', '허리', '라인']"," 날씬하다,  잡히다","날씬하다,   잡히다,   허리,   속바지,   비치,   치마","날씬하다, 라인, 잡히다, 허리, 속바지, 얇다, 치마, 여름"
pk원피스는 처음인데 진짜 맘에들어요. 근데 좀 짧긴해요. 아랫배 부각도 있긴있어요. 그래도 이뻐요... 스트레이트 체형이라면 도전하십쇼!!,"['도전쇼', '짧다', '처음', '원피스', '스트레이트', '체형라면', '부각', '아랫배']","['도전쇼', '체형라면', '스트레이트', '원피스', '처음', '부각']","['체형', '라면', '도전', '쇼', '부각']","['라면', '아랫', '도전', '스트레이트', 'pk', '부각', '체형', '처음', '인데', '근데']", 부각,"부각,   처음,   스트레이트","부각, 스트레이트, 체형, 원피스, 짧다"
"진짜 날씬해보이고 좋아요!!!!
여름에 잘입을 것 같아요","['여름', '날씬']","['날씬하다', '여름', '보이']","['여름', '날씬하다', '보이']","['보이', '날씬하다', '여름']",,"여름,   날씬하다,   보이","여름, 날씬하다"
"길이가 짧은듯하지만 허리는 예쁘게 잘맞아요.
자주입겠어요.","['짧다', '길이', '허리', '맞다']","['허리', '길이', '짧다', '맞다']","['맞다', '짧다', '허리', '길이']","['길이', '짧다', '맞다', '허리']",,"짧다,   길이,   허리,   맞다","짧다, 길이, 허리, 맞다"
디자인은 예쁜데 허리가 너무 커요ㅠ 배송은 빨랐어요,"['크다', '디자인', '빠르다', '허리', '배송']","['배송', '허리', '크다', '디자인', '빠르다']","['배송', '크다', '빠르다', '디자인', '허리']","['디자인', '빠르다', '배송', '크다', '허리']",,"크다,   디자인,   빠르다,   허리,   배송","크다, 디자인, 빠르다, 허리, 배송"
"여행 때문에 샀는데 핏이 진짜 예뻐요!! 색감도 화면이랑 똑같고 s 사서 너무 작진 않을까 걱정했는데 전혀 작지 않았습니다-! 저랑 키,몸무게 비슷하신 분들은 s 사세용",['여행'],"['사서', '여행', '화면', '전혀', '작다', '색감', '작다', '몸무게']","['몸무게', '색감', '작다', '화면', '걱정', '분']","['작다', '몸무게', '여행', '전혀', '때문', '똑같다', '사서', '화면', '걱정', '색감']",,"작다,   여행,   화면,   색감,   몸무게","여행, 화면, 색감, 몸무게, 핏, 작지 않다"
데이트할 때 잘 입었습니다요 셔츠랑 입어도 예쁨,"['데이트', '셔츠']","['셔츠', '데이트']","['셔츠', '데이트']","['데이트', '셔츠']",,"데이트,   셔츠","데이트, 셔츠"
소재도 탄탄하고 합리적인 가격에 구매할 수 있어 좋습니다.,"['가격', '탄탄', '소재', '합리']","['합리', '탄탄하다', '소재', '가격']","['소재', '가격', '합리', '탄탄하다']","['합리', '소재', '탄탄하다', '가격']",,"가격,   소재,   합리,   탄탄하다","가격, 소재, 합리, 탄탄하다"
"맘에 들어요 기장도 너무 짧지않고 허리도 딱입니당 하나 아쉬운거는 엉덩이 밑에 부분이 좀 붕 떠요ㅠㅠ 아쉽,,","['붕', '기장', '엉덩이', '허리']","['엉덩이', '기장', '허리', '부분', '하나', '짧다']","['허리', '엉덩이', '부분', '기장', '짧다', '아쉽다', '밑', '하나']","['아쉽다', '딱이다', '부분', '하나', '엉덩이', '기장', '짧다', '허리']",,"기장,   엉덩이,   허리,   부분,   하나,   짧다","기장, 엉덩이, 허리, 짧지 않다"
168기준 허벅지 중간정도와서 활동할 때 전! 혀 불편함 없어요! 나아이스,"['중간', '혀', '불편', '활동', '허벅지', '아이스']","['허벅지', '불편하다', '활동', '중간', '오다', '아이스', '기준', '없다']","['오다', '아이스', '허벅지', '활동', '중간', '불편하다', '기준']","['아이스', '활동', '중간', '허벅지', '불편하다', '기준', '오다', '없다']",,"중간,   활동,   허벅지,   아이스,   불편하다,   오다,   기준","허벅지, 중간, 활동, 불편함 없다"
원래 짧은 치마는 손도안대는데 치마 바지라 너무 편하고 예뻐요,"['바지', '편하다', '치마']","['치마', '치마바지라', '편하다', '원래', '손', '대다', '짧다']","['치마', '바지라', '원래', '대다', '편하다', '짧다', '손']","['원래', '대다', '치마', '바지라', '짧다', '편하다']",,"편하다,   치마,   원래,   대다,   짧다","편하다, 치마, 바지, 짧다"
"키가 작은편인데도 길이감도 좋고
핏이 넘 예뻐요","['키', '길이감', '핏']","['펴다', '길이감', '키', '작다', '핏']","['펴다', '핏', '키', '길이감', '작다']","['길이감', '펴다', '작다']",,"길이감,   키,   핏,   펴다,   작다","길이감, 키, 핏, 작다"
"S와M중 고민하다가
조금더 활동성 편하게 입고 싶어서
M으로 구매했습니다.
확실히 허리가 남고 넉넉해요
아주 딱 맞지는 않습니다.

지난주
무신사 스토어 주변을 들리게되어 방문하였다가
다른색 s를  입어봤더니 s는 또 너무 타이트해서
편하게 입길 원했던 저에게는 M이 맞구나 하였습니다.
(무신사 다른 카고스커트는 s가 딱 이쁘게 핏이 되었는데 이거는 s가 타이트했어요ㅠㅠ)

위에 편하게 스타일링 할 수 있어서 
요즘 너무 잘 입고 있습니다","['방문', 's오다', 's', '주변', '맞다', '확실하다', 's늘다', '고민', '물다', '허리', '넉넉하다', '입어보다', '스토어', '활동성', '되어다', '색', 'm', '입길', '지난주', '편하다', '타이트', '원하다', '에게는', '남고', '들리다']","['넉넉하다', '활동', '물다', '타이트', '확실하다', '고민', '스타일링', '스토어', '스커트']","['스타', '일링', '입어보다', 's', '늘다', '편하다', '허리', '타이트', '가다']","['타이트', '물다', '되어다', '가다', '들리다', '지난주', '스토어', '입길', '남고', '방문']",,"타이트,   물다,   스토어","활동성, 편하다, m, 허리, 넉넉하다, s, 타이트, 핏, 스타일링, 스토어"
재질도 좋구 휘뚜루마뚜루 잘입고다니이 좋을거같아요,"['휘뚜루마뚜루', '재질']",['재질'],"['휘뚜루마뚜루', '재질']","['휘뚜루마뚜루', '재질']",,"재질,   휘뚜루마뚜루",재질
재질이 탄탄합니다! 바지가 함께 달린 스커트를 좋아하는데 핏도 예쁘고 좋아요,"['재질', '탄탄하다']","['스커트', '재질', '탄탄하다', '바지', '달리다', '핏', '좋아하다']","['좋아하다', '재질', '핏', '스커트', '달리다', '바지', '탄탄하다']","['달리다', '좋아하다', '탄탄하다', '스커트', '재질', '바지']",,"재질,   탄탄하다,   스커트,   바지,   달리다,   좋아하다","재질, 탄탄하다, 바지, 스커트, 핏, 좋아하다"
엄청 좋아요.. 착용감이 꽤나 좋습니다.. 진짜 편하고 매일 입고있어요..,"['편하다', '매일', '꽤', '착용']","['착용', '편하다', '매일', '꽤']","['착용', '편하다', '꽤', '매일']","['매일', '착용', '편하다']",,"편하다,   매일,   착용,   꽤","매일, 착용, 편하다"
"색감이 좀 어두워서 아쉬워요~
일자핏이라 펑퍼짐해보이지않아서 좋네요.
요새 살이 쪘음에도 불구하고 허리는 넉넉해서 단추로 조절해야 더 이쁘네요.
마르신분들은 단추로 허리 줄여도 클거같네요.","['크다', '어둡다', '허리', '넉넉하다', '핏', '이자', '단추', '보이지', '줄', '찌', '불구', '살이', '아쉽다', '조절', '분', '색감', '펑퍼짐하다', '마르다']","['단추', '펑퍼짐하다', '넉넉하다', '마르다', '허리', '보이지', '허리', '불구', '줄이다', '색감']","['조절', '단추', '불구', '살이', '보이지', '찌다', '색감', '허리']","['펑퍼짐하다', '이자', '불구', '찌다', '보이지', '살이', '단추', '마르다', '어둡다', '아쉽다']"," 보이지,  불구","불구,   허리,   단추,   보이지,   살이,   마르다,   펑퍼짐하다,   색감","허리, 단추, 마르다, 색감, 어둡다, 넉넉하다, 일자핏"
"와 진짜 최고의 치마를 찾았아요
여름이라 엉땀때문에 걱정 많았는데 방수라 티안나고
스판 짱짱해서 너무 편해요
엉덩이가 좀 커서 엠으로 시켰는데 기장이니 허리가 매우 크더라구요… 다른 색상 에스로 살 의향 있습니다
강추~~","['허리', '색상', '스판', '엠', '엉덩이', '강추', '방수', '최고', '치마', '기장']","['크다', '엉덩이', '커서', '걱정', '여름', '방수', '기장', '강추', '치마', '허리']","['허리', '여름', '엉덩이', '커서', '걱정', '편하다', '기장', '최고']","['의향', '에스', '강추', '짱짱하다', '최고', '많다', '걱정', '방수', '나다', '때문']",,"허리,   엉덩이,   강추,   방수,   최고,   기장,   걱정","허리, 엉덩이, 강추, 방수, 최고, 치마, 여름, 편하다, 크다, 기장, 걱정"
얇고 예뻐서 색깔별로 다 샀는데 베이지가 좀 어두운 베이지네요 약간 그레이랑 비슷한 느낌? 오히려 어두워서 ㄷ좋음,"['그레이', '색깔', '얇다', '베이지', '어두움']","['그레이', '베이지', '베이지', '두운', '어둡다', '얇다']","['색깔', '별로', '그레이', '어둡다', '베이지', '얇다', '두운']","['베이지', '어둡다', '두운', '별로', '그레이', '색깔', '얇다']", 얇다,"베이지,   그레이,   얇다,   색깔,   두운,   어둡다","얇다, 색깔, 어둡다, 베이지, 그레이"
넘 이쁩니다~ 다른 색도 사고 싶네요 ! 가을까지 입을수 있어요,"['색', '가을']","['색도', '사고', '싶다', '가을']","['가을', '색도', '사고']","['가을', '색도', '사고']", 사고,"가을,   색도,   사고","가을, 색"
163에 58 m 사이즈 딱 맞는 몸이어서 m 주문했는데 허리가 큽니다. 단추를 당겨서 끼워도 조금 큽니다. 길이는 발목을 거의 덮는 정도입니다. 디자인이나 재질은 마음에 듭니다.,"['m', '크다', '주문', '디자인', '허리', '몸', '사이즈', '발목', '재질', '길이']","['디자인', '크다', '몸', '길이', '사이즈', '당기다', '단추']","['사이즈', '크다', '발목', '허리', '단추', '길이', '디자인', '덮다', '주문']","['당기다', '끼우다', '덮다', '이나', '크다', '디자인', '주문', '발목', '길이', '맞다']"," 크다,  길이","크다,   디자인,   길이,   주문,   사이즈,   발목","크다, 디자인, 길이, 주문, 사이즈, 발목, 재질"
키에비해 좀 길지만 그냥 입어도 괜찮아요 ㅎㅎ 여름에 교복될듯,"['그냥', '교복', '비', '키', '길', '여름']","['길', '교복', '여름', '키', '비다', '그냥']","['여름', '비다', '그냥', '길', '키', '교복']","['비다', '교복', '그냥', '여름']", 교복,"그냥,   교복,   여름,   키,   길,   비다","길다, 여름, 교복"
"집사람 사줬는데 맘에들어해서 다행입니다
165기준으로 길긴하네요","['다행', '길다', '사주다', '기준', '집사람']","['다행', '기준', '집사람', '길다', '사주다']","['길다', '사주다', '다행', '기준', '집사람']","['다행', '사주다', '집사람', '기준', '길다']"," 사주다,  기준","다행,   길다,   사주다,   기준,   집사람","길다, 집사람, 사주다, 다행"
배송도 빨랐고 갖고 싶었는데 이정도 금액을 주고 살 가치가 있나 싶어서 고민하다 색감이랑 핏 보고 구입했고 결론적으로는 너무 잘산것같아요 예쁩니다 여름에 시원하게 착용 가능할 것 같아요,"['빠르다', '금액', '갖다', '주다', '살', '가치', '핏', '시원하다', '가능하다', '결론', '배송', '착용', '산', '여름', '색감']","['결론', '색감', '고민', '가능하다', '시원하다', '가치', '배송', '착용', '금액']","['배송', '가치', '금액', '여름', '착용', '색감', '결론', '으로는']","['금액', '으로는', '결론', '가치', '갖다', '가능하다', '주다', '빠르다', '착용', '고민']"," 가치,  착용","결론,   가치,   착용,   금액,   가능하다,   색감,   배송","가치, 시원하다, 착용, 금액, 가능하다, 색감, 배송"
배송 빨리 와서 좋았어요! 옷은 흉곽 부분이 많이 작게 나왔고 길이가 짧아서 좀 신경 쓰이긴 합니다 그래도 예뻐요,"['쓰이다', '짧다', '배송', '작다', '나오다', '흉곽', '오다', '부분', '길이', '빨리', '신경']","['신경', '길이', '배송', '오다', '흉곽', '쓰이다', '부분', '작다']","['작다', '짧다', '쓰이다', '나오다', '흉곽']","['쓰이다', '오다', '신경', '흉곽', '빨리', '나오다', '부분', '배송', '작다', '길이']", 흉곽,"쓰이다,   작다,   흉곽,   배송,   나오다,   오다,   부분,   길이,   신경","배송, 빨리, 흉곽, 작다, 길이, 신경, 짧다"
소재도 부드럽고 시원해서 좋아요! 비침 없는 탄탄한 면인데도 시원한 게 신기하네요! 조금 짧은 느낌은 있지만 키 164인 제가 단독으로 입기에 무리 없는 길이였습니다!,"['신기하다', '비침', '부드럽다', '시원하다', '짧다', '무리', '키', '탄탄하다', '소재', '단독', '길이']","['시원하다', '신기하다', '시원하다', '부드럽다', '무리', '소재', '단독', '키']","['소재', '부드럽다', '짧다', '탄탄하다', '길이', '신기하다']","['시원하다', '없다', '무리', '부드럽다', '신기하다', '단독', '인데', '소재', '비침', '길이']"," 신기하다,  부드럽다","신기하다,   부드럽다,   시원하다,   소재,   무리,   단독,   길이","신기하다, 부드럽다, 시원하다, 소재, 단독, 길이"
"두겹이라 비치지도 않고
완전 탄탄합니다
올해 원피스중 제일 이쁜듯요
너무 맘에 들어서 세칼라 구매했습니다🥰","['탄탄', '칼라', '들어서다', '올해', '원피스', '겹', '세']","['원피스', '겹', '들어서다', '비치다', '탄탄하다', '올해', '제일', '칼라']","['올해', '겹', '비치다', '원피스']","['제일', '올해', '칼라', '비치다', '들어서다', '원피스', '탄탄하다']",,"올해,   원피스,   칼라,   들어서다,   겹,   비치다","비치지 않다, 탄탄하다, 원피스, 칼라"
핏 진짜 너무 예뻐요 완전 인생 원피스예요!! 사진찍으면 밝아서 넘 예쁘게나와요,"['밝다', '핏', '사진', '원피스']","['나오다', '인생', '사진', '찍다', '원피스']","['밝다', '찍다', '나오다', '원피스', '사진']","['찍다', '밝다', '인생', '사진', '나오다', '원피스']"," 원피스,  사진","사진,   원피스,   밝다,   나오다,   찍다","사진, 원피스, 밝다, 인생, 핏"
생각보다 펄럭거려서 좀 유치하긴 하지만 마음에 들어요,"['유치하다', '펄럭거리다']","['펄럭거리다', '유치하다']","['유치하다', '펄럭거리다']","['펄럭거리다', '유치하다']",,"유치하다,   펄럭거리다","유치하다, 펄럭거리다"
음 살이 좀 더 찌면 허리가 조여져서 힘들것 같긴 합니다만 뭐 뺄 수 있겠죠,"['조이', '허리', '살', '찌', '힘들다', '빼다']","['허리', '조이다', '살이', '힘들다', '찌']","['조이다', '살이', '허리', '찌', '힘들다']","['힘들다', '살이', '조이다', '빼다', '허리']",,"허리,   힘들다,   찌,   조이다,   살이","허리, 조이다, 힘들다"
은은하게 들어가있는 워싱도 마음에들고 흐물흐물거리지 않는 소재의 재질이라 좋아요,"['워싱', '재질', '소재']","['소재', '은은하다', '재질', '거리', '들어가다', '워싱', '흐물흐물']","['소재', '재질', '워싱', '거리', '지', '은은하다', '흐물흐물', '들어가다']","['거리', '흐물흐물', '은은하다', '들어가다', '소재', '워싱', '재질']"," 워싱,  재질","워싱,   재질,   소재,   은은하다,   거리,   들어가다,   흐물흐물","워싱, 소재, 재질, 은은하다"
여기 반팔티 진짜 맘에 드네요! 다른 색도 구매하려구요!! ,"['팔', '티']","['색도', '팔']","['색도', '팔']",['색도'],,"팔,   색도","반팔, 티, 색"
워싱티셔츠 자체를 처음 사서 입어봤는데 편하게 입기 좋고 어디든 잘 어울려요!,"['워싱', '티셔츠']","['티셔츠', '어울리다', '편하다', '자체', '워싱', '사서', '처음']","['입어보다', '어울리다', '편하다', '티셔츠', '워싱', '자체', '처음']","['사서', '입어보다', '자체', '처음', '어울리다', '티셔츠', '워싱', '편하다']", 어울리다,"워싱,   티셔츠,   어울리다,   편하다,   자체,   처음","워싱, 티셔츠, 편하다, 어울리다, 처음"
색감 너무 예쁘고 두꼐도 적당해서 자주 손이가는 제품입니다,"['두께', '가다', '제품', '손', '적당하다', '색감']","['제품', '적당하다', '색감', '가다', '손', '두께']","['색감', '제품', '손', '두께', '적당하다', '가다']","['제품', '가다', '두께', '적당하다', '색감']",,"두께,   가다,   제품,   적당하다,   색감,   손","색감, 두께, 적당하다, 제품"
천이 워싱이 잘되어 있어서 십년입어도 멀쩡할거같아요,"['멀쩡', '워싱']","['워싱', '천이', '되어다', '멀쩡하다']","['멀쩡하다', '되어다', '워싱', '천이']","['멀쩡하다', '천이', '되어다', '워싱']",,"워싱,   천이,   되어다,   멀쩡하다","워싱, 멀쩡하다"
여름에 막 입기 좋은 그런 옷입니다. 웬만한 모든 바지와 잘 어울리고 사이즈도 오버한게 좋아요,"['막', '그렇다', '오버', '사이즈', '여름', '바지']","['어울리다', '사이즈', '오버', '그렇다', '바지', '모든', '여름']","['바지', '웬만하다', '여름', '그렇다', '오버', '어울리다', '사이즈']","['웬만하다', '모든', '그렇다', '바지', '어울리다', '오버', '여름', '사이즈']", 사이즈,"그렇다,   오버,   사이즈,   여름,   바지,   어울리다","여름, 바지, 어울리다, 사이즈, 오버"
살짝 두껍긴한데 짱짱하고 좋아요 한여름빼고는 잘 입을거 같아요!,"['짱짱하다', '빼다', '두껍다', '한여름']","['한여름', '짱짱하다', '빼다', '두껍다']","['짱짱하다', '빼다', '두껍다', '한여름']","['빼다', '한여름', '짱짱하다', '두껍다']", 두껍다,"짱짱하다,   빼다,   두껍다,   한여름","두껍다, 짱짱하다, 한여름, 빼다"
싼가격에 스타일리시한 제품 잘샀습니다 자주 입을거같아요 ,"['제품', '스타일리시', '가격']","['스타일리시', '가격', '제품']","['스타일리시', '가격', '제품']","['스타일리시', '싸다', '제품', '가격']",,"제품,   스타일리시,   가격","제품, 스타일리시, 가격"
원단이 좀 두꺼유ㅓ서 더울수있는데 튼툰해보입니다. 봉제 마감 퀄리티 완벽합니다 소버먼트 최고!,[''],"['튼툰보이다', '완벽하다', '원단', '퀄리티', '먼트', '유서', '덥다', '봉제', '마감']","['최고', '완벽하다', '퀄리티', '덥다', '마감', '튼툰', '보이다', '먼트', '봉제']","['유서', '튼툰', '완벽하다', '봉제', '마감', '퀄리티', '보이다', '최고', '덥다', '원단']"," 봉제,  퀄리티","완벽하다,   퀄리티,   덥다,   봉제,   마감","완벽하다, 퀄리티, 덥다, 두껍다, 튼튼하다, 봉제, 마감"
S사이즈 주문했는데 오버핏 사이즈 딱이고 빈티지색 이쁘고 좋아요 편하게 입기 좋아요,"['오버핏', '편하다', '빈티지', 's사이즈', '색']","['사이즈', '사이즈', '빈티', '편하다', '주문', '오버핏', '딱이다']","['딱이다', '오버핏', '편하다', '주문', '사이즈', 's', '빈티', '지']","['사이즈', '딱이다', '오버핏', '주문', '빈티', '편하다']", 오버핏,"오버핏,   편하다,   사이즈,   빈티,   주문,   딱이다","오버핏, 편하다, 사이즈, 빈티지, 주문"
원단이 상당히 부드럽고 전체적으로 핏도 너무 좋습니다,"['부드럽다', '핏']","['전체', '상당하다', '부드럽다', '원단', '핏']","['부드럽다', '상당하다', '전체', '핏', '원단']","['상당하다', '전체', '부드럽다', '원단']",,"부드럽다,   핏,   전체,   상당하다,   원단","부드럽다, 핏, 원단"
"저는 15일 걸렸는데, 최근 좋은 가격때의 배송이슈 치고는 빨리 받은것 같네요:) 안전배송에 감사드리고 제품 상태도 좋은 편이였어요 정사이즈에 가깝고 간절기 레이어드하기 좋은 아이템이라 만족합니다~✨️","['안전배송', '사이즈', '배송', '레이어드', '제품', '간절기', '정', '일']","['만족하다', '레이어드', '간절기', '안전배송', '사이즈', '아이템', '이슈', '감사드리다']","['안전', '배송', '만족하다', '제품', '아이템', '감사', '드리다', '빨리', '받다', '펴다']","['치고는', '최근', '이슈', '안전', '레이어드', '감사', '상태', '펴다', '배송', '가깝다']",,"배송,   레이어드","배송, 레이어드"
편안하고 옷핏이 좋아요 가성비로 잘 산 것 같아요!,"['가성비', '핏대', '편안']","['편안하다', '가성비', '핏대']","['가성비', '편안하다', '핏대']","['핏대', '편안하다', '가성비']",,"가성비,   핏대,   편안하다","편안하다, 핏, 가성비"
깔끔한 디자인에 퀄리티도 좋아 만족스럽습니다,"['깔끔하다', '퀄리티', '디자인', '만족스럽다']","['만족스럽다', '퀄리티', '디자인', '깔끔하다']","['깔끔하다', '퀄리티', '만족스럽다', '디자인']","['만족스럽다', '깔끔하다', '퀄리티', '디자인']", 디자인,"깔끔하다,   퀄리티,   디자인,   만족스럽다","깔끔하다, 퀄리티, 디자인, 만족스럽다"
이뻐요 되게 오버핏입니다 다만 지퍼가 너무 불편해요 ㅠ 그리고 모자 각이 조금 안 살긴 하는데 그래도 이쁩ㄴ다ㅕ,"['오버핏', '불편', '살', '지퍼', '모자']","['지퍼', '모자', '살다', '불편하다']","['불편하다', '되게', '지퍼', '오버핏']","['살다', '되게', '불편하다', '오버핏', '모자', '지퍼']",,"지퍼,   오버핏,   모자,   불편하다","지퍼, 오버핏, 모자, 불편하다"
색상이랑 예쁜데 옷 자체가 약간 무게감이 느껴지네요,"['색상', '무게']","['색상', '무게', '자체', '느껴지다']","['느껴지다', '색상', '무게', '자체']","['느껴지다', '자체', '무게', '색상']",,"색상,   무게,   자체,   느껴지다","색상, 무게감, 느껴지다"
지퍼 디테일도 너무 이쁘고 피그먼트가 과하지 않아 무난한 빈티지 느낌으오 입을 수 있을 것 같습니다! 다만 좀 무거운 느낌이 있어요,"['무겁다', '빈티지', '지퍼', '무난', '디테일', '피그먼트']","['피그먼트', '무겁다', '디테일도', '빈티', '무난', '지퍼']","['피그먼트', '디테', '일도', '지퍼']","['일도', '디테', '무난', '빈티', '피그먼트', '무겁다', '지퍼']", 지퍼,"지퍼,   피그먼트,   무겁다,   무난","지퍼, 디테일, 피그먼트, 무난, 무겁다"
색감과 디자인이 이쁘고 짚업이라 유용합니다. 가격 착하고 세탁후 그대로 유지되고 배송 빨라요. 옷이 조그 무겁지만 만족합니다.,"['집업', '가격', '디자인', '세탁', '빠르다', '무겁다', '유지', '유용하다', '배송', '착하다', '그대로', '후', '만족하다', '색감', '조']","['만족하다', '유용하다', '무겁다', '색감', '디자인', '착하다', '집업', '가격', '배송']","['세탁', '유용하다', '색감', '착하다', '만족하다', '디자인', '집업', '배송', '무겁다']","['유지', '유용하다', '착하다', '그대로', '세탁', '만족하다', '빠르다', '무겁다', '디자인', '집업']",,"집업,   디자인,   무겁다,   유용하다,   착하다,   만족하다,   세탁,   배송,   색감","집업, 디자인, 무겁다, 유용하다, 가격, 착하다, 만족하다, 세탁, 배송, 색감, 빠르다"
지퍼가 레전드레전드이긴한데 다른건 다 이쁩니다,"['레전드', '지퍼']","['레전드이기다', '레전드', '지퍼']","['레전드', '이기다', '지퍼']","['레전드', '이기다', '지퍼']",,"레전드,   지퍼","레전드, 지퍼"
핏도 이쁘고 색감도 괜찮아요 옷은 생각보다 무겁네요,"['색감', '무겁다', '핏']","['무겁다', '색감', '핏']","['무겁다', '핏', '색감']","['무겁다', '색감']",,"색감,   무겁다,   핏","색감, 무겁다, 핏"
적당한 두께감에 적당한 오버핏이라 데일리하게 입기 너무 좋아요!!,"['오버핏', '온', '데일리', '두께감', '적당하다']","['적당하다', '데일리', '오버핏', '두께감']","['두께감', '오버핏', '데일리', '적당하다']","['적당하다', '데일리', '두께감', '오버핏']",,"오버핏,   데일리,   두께감,   적당하다","오버핏, 데일리, 두께감, 적당하다"
기본적으로 하나씩은 가지고 있어야할 아이템~ 어디에나 무난하게  어울려서 좋와요 색이 빠질수록 더 좋음 번창하세요,"['번창', '어울리다', '가지', '기본', '무난', '하나씩', '색', '빠지다', '아이템']","['번창', '하나', '어울리다', '기본', '무난', '가지', '색', '아이템']","['색', '아이템', '빠지다', '번창', '하나', '씩', '기본', '가지']","['번창', '가지', '아이템', '에나', '하나', '기본', '빠지다', '어울리다', '무난']",,"번창,   가지,   기본,   아이템,   어울리다,   무난,   색,   빠지다,   하나","기본, 아이템, 무난, 어울리다, 색"
오버핏에 멋스러운 스타일이에요. 약간 빈티지한 색감도 좋아요. 스타일도 멋스러워요,"['오버핏', '빈티지', '온', '스타일', '색감']","['스타일', '스타일', '빈티', '색감', '오버핏', '멋스럽다', '멋']","['스타일', '멋', '스럽다', '오버핏', '스러운', '빈티', '지', '색감']","['스타일', '스러운', '스럽다', '이에요', '빈티', '오버핏', '색감']",,"스타일,  오버핏,   색감,   빈티","오버핏, 스타일, 빈티지, 색감"
"178/58

멸치에게 L사이즈 사면 혹여나 너무 크지 않을까? 조금 걱정했지만 허리도 딱 맞도 버뮤다팬츠로써 딱 예쁜 핏 나와서 너무 마음에 들어요

키가 저랑 비슷하다면 사이즈 L로 가시길 추천 합니다.","['크다', '허리', '핏', '맞다', '멸치', '사이즈', '키', 'l', '버뮤다팬츠']","['버뮤다팬츠', '멸치', '추천', '사이즈', '나오다', '갈다', '허리']","['사이즈', '크다', '추천', '멸치', '허리', '맞다', '걱정']","['멸치', '사면', '사이즈', '갈다', '걱정', '추천', '나오다', '맞다', '팬츠', '허리']",,"허리,   멸치,   사이즈,   맞다,   추천","허리, 멸치, 사이즈, 맞다, 추천"
바다에 빠지는 바람에 모양새가 이쁘진않지만 기장이 적당히 길어서 핏이 너무 예뻐요 처음에 배송왔을때는 잘산건가 싶었는ㄷㅔ 입고보니까 너무 좋아서 교복마냥 입고 있습니다 굿,"['굿', '핏', '바다', '처음', '건가', '배송', '적당하다', '모양새', '산', '오다', '빠지다', '보', '기장', '교복처럼']","['적당하다', '기장', '교복', '배송', '건가', '처음', '바다']","['교복', '처럼', '모양새', '바람', '바다', '보']","['모양새', '바다', '건가', '바람', '빠지다', '교복', '처럼', '배송', '처음', '오다']",,"바다,   교복,   처음,   건가,   배송,   모양새","기장, 길다, 핏, 교복"
"여름에 더워서 청바지나 데님팬츠 같은 긴바지를 못 입어서 걱정 했는데 딱 이바지를 발견해서 바로 주문 했는데 4일안에 오더라고요. 입었는데 진짜 여름 인생바지 감탄 나온만큼 핏도 이쁘고 사이즈도 적당합니다.결론부터 말하자면 그냥 최고입니다. 제 반바지중에 top1에 드만큼 정물 최고입니다.두깨감은 다른 반바지에 비해 좀 두꺼운편이지만 덥다는 느낌 전혀 안들어요. 가끔 이바지 입고 축구나 농구도 하러 다닙니다. 제가 허박지가 좀 두꺼워서 다른 반바지를 입으면 좀 다리가 통통해 보이는데 이바지는 오버핏으러 나와서 이점을 해결해줘서 너무 좋습니다. 진짜 길이 완벽,통 완벽,디자인도 무난해서 어느 코디든 다 잘 어울립니다.재질이 좋아서 세탁 많이 해도 늘어나지 않고 처음 배송 온것처럼 똑같습니다.진짜 여름 인생 반바지네요.","['오버핏', '이바지', '완벽', '다리', '배송', '재질', '무난', '바지', '통', '두께', '디자인', '늘어나다', '팬츠', '농구', '사이즈', '가끔', '코디', '여름', '덥다', '반바지', '호박지', '세탁', '인생', '전혀', '청바지', '축구', '똑같다']","['발견', '오다', '인생', '말', '사이즈', '무난', '디자인', '적당하다', '전혀']","['반바지', '바지', '청바지', '덥다', '이바지', '농구']","['반바지', '완벽', '이바지', '인생', '최고', '여름', '나오다', '덥다', '두껍다', '발견']",,"인생,   반바지,   덥다,   이바지","인생, 반바지, 덥다, 여름, 최고, 두께감, 오버핏"
키 작고 다리가 굵어서 안 어울려요!! 근데 바지는 이쁨,"['다리', '어울림', '굵다', '키', '작다', '바지']","['어울리다', '바지', '다리', '작고', '굵다']","['어울리다', '작고', '바지', '굵다', '다리']","['작고', '굵다', '근데', '다리', '어울리다', '바지']", 바지,"다리,   굵다,   바지,   어울리다,   작고","다리, 굵다, 바지"
좋습니다 핏도 이쁘고 맘에들어요 추천합니당.!! 좋아요오오,"['추천', '핏', '오']","['추천', '핏']","['추천', '핏']",['추천'],,"추천,   핏","핏, 추천"
생각보다 두툼한데 오히려 좋아요!! 기장도 적당하고 잘입고 다닐거 같아용,"['툼', '기장', '적당']","['적당하다', '기장', '두툼']","['두툼', '적당하다', '기장']","['두툼', '적당하다', '기장']",,"기장,   적당하다,   두툼","기장, 적당하다, 두툼"
사이즈도 잘 맞고 반바지라 시원하고 활동성 좋고 편해요 교복처럼 입고 있어요,"['반바지', '시원', '편하다', '교복', '사이즈', '활동성']","['교복', '시원하다', '편하다', '활동', '사이즈', '반바지', '맞다']","['반바지', '교복', '처럼', '편하다', '맞다', '시원하다', '사이즈', '활동', '성']","['활동', '처럼', '교복', '맞다', '시원하다', '반바지', '사이즈', '편하다']",,"반바지,   편하다,   교복,   사이즈,   시원하다,   활동,   맞다","반바지, 편하다, 교복, 사이즈, 시원하다, 활동, 맞다"
재질도 괜찮고 여름에 편하게 잘 입을 거 같아요 기본템으로 조아효,"['편하다', '재질', '기본', '여름']","['편하다', '재질', '여름', '기본']","['편하다', '여름', '재질', '기본']","['기본', '재질', '여름', '편하다']",,"편하다,   재질,   기본,   여름","편하다, 재질, 기본, 여름"
이런 스타일의 바지를 입어보고 싶어서 구매 했는데 너무 마음에 들었고요 약간 두꺼운 느낌이 있어서 한여름에는 입기에 더울것 같아요 몇번 빨았는데도 보풀이 안일어나는걸 보니 재질이 좋은것 같아요 근데 약간 무개감이 있어요 위에 상의를 오버핏으로 입으면 귀엽더라구요 특히 후드티를 입으면 짱이쁨니다,"['번', '오버핏', '일어나다', '온', '재질', '위', '바지', '한여름', '무게', '후드티', '빨다', '보풀', '덥다', '스타일', '짱', '걸', '두껍다', '귀엽다', '상의']","['스타일', '상의', '입어보다', '무게', '보풀', '재질', '일어나다', '이렇다']","['무게', '바지', '스타일', '덥다', '귀엽다']","['빨다', '오버핏', '특히', '일어나다', '후드', '무게', '보풀', '상의', '에는', '이렇다']",,"무게,   일어나다,   보풀,   스타일,   상의","무게, 일어나다, 보풀, 스타일, 상의, 바지, 스타일, 덥다, 두껍다, 재질"
"요즘같은 날씨, 더위때문에 편하지만 포인트를 줄 수 있는 코디로 연출해봤습니다. 번외코디로 오버핏 반팔과 긴 발목양말을 같이 신으면 농구선수같은 느낌으로 귀엽게 입을 수도 있어요!","['오버핏', '번외', '편하다', '농구선수', '포인트', '귀엽다', '팔', '코디', '발목', '연출', '양말']","['연출', '농구선수', '날씨', '신다', '포인트', '편하다', '코디', '팔']","['농구', '선수', '편하다', '귀엽다', '포인트', '팔']","['코디', '발목', '번외', '신다', '더위', '선수', '양말', '포인트', '때문', '연출']",,"포인트,   연출,   편하다,   팔,   코디","포인트, 연출, 편하다, 코디"
"편해보이고 품질도 좋아보입니다!
사알짝 두꺼운것같긴하지만 괜찮은 정도인 것 같습니다.","['편하다', '보이', '품질', '두껍다']","['보이다', '품질', '보이', '편하다', '두껍다']","['품질', '편하다', '보이다', '보이', '두껍다']","['품질', '보이', '보이다', '두껍다', '편하다']",,"편하다,   보이,   품질,   두껍다,   보이다","편하다, 품질, 두껍다"
여름에 입기 좋아여! 안에 매쉬가 있어 땀도 잘 마를듯,"['매다', '땀', '여름', '마르다']","['매다', '마르다', '여름', '땀']","['여름', '매다', '마르다', '땀']","['마르다', '매다', '여름']",,"매다,   여름,   마르다,   땀","여름, 매쉬, 땀, 마르다"
너무 이뻐요 제가 생각하던 핏이에요! 여름에 많이 입을듯요 ㅎㅎ,"['여름', '핏']","['여름', '핏']","['여름', '핏']","['이에요', '여름']",,"여름,   핏","여름, 핏"
저는 목쪽이 살짝 붕 뜨네요.. 왜이러지.. 이 부분은 아쉽지만 이뻐요,"['붕', '부분', '목', '아쉽다']","['이르다', '부분', '쪽', '아쉽다']","['아쉽다', '이르다', '쪽', '부분']","['이르다', '부분', '아쉽다']", 부분,"부분,   아쉽다,   이르다","아쉽다, 뜨다, 목"
프린팅에 매혹되어 그냥 바로 구매하게 되었습니다. 티의 두께는 얇은편이지만 비침이 없구 부드러운 소재입니다. 목의 시보리가 살짝 약해보이고 실제로 빨았을때 조금 늘어나는 부분이 있었습니다. 하지만 프린팅이 정말 예쁘고 여자친구가 탐내하는 티입니다. 강추 개추 드리겠습니다.,"['프린팅', '두께', '비침', '늘어나다', '개추', '강추', '소재', '여자친구', '시보리', '매혹', '티']","['여자친구', '소재', '비침', '편이', '개추', '티', '강추', '부드럽다', '부분']","['티', '부드럽다', '소재', '얇다', '목', '프린팅', '강추']","['되어다', '개추', '약하다', '매혹', '시보리', '실제', '빨다', '강추', '소재', '편이']"," 강추,  소재","강추,   소재,   티,   개추","강추, 소재, 티, 개추, 프린팅, 두께, 얇다, 부드럽다, 시보리"
166 여성인데 s 주문해도 살짝 커요. 그래도 오버핏으로 생각하고 입으려구용! 너무 예쁘걸랑요,"['크다', 's', '오버핏', '걸', '온', '여성']","['여성', '구', '크다', '주문', '걸', '오버핏']","['걸', '구', '여성', '오버핏', '주문', '크다']","['여성', '주문', '인데', '하고', '오버핏', '크다']",,"크다,  오버핏,   여성,   걸,   주문","크다, 오버핏, 여성,주문"
평범한 면티지만 이쁩니다~ 맘에 쏙 듭니다. 잘 입겠습니다^^,"['쏙', '평범하다', '티']","['평범하다', '티']","['티', '평범하다']",['평범하다'],,"평범하다,   티","평범하다, 티"
옷 질이 좋고 프린팅이 이뻐서 만족 합니다 가격도 나름 싸고 좋은 거 같아요,"['프린팅', '가격', '질', '싸다', '나름', '만족']","['만족하다', '프린팅', '가격', '싸다', '질', '나름']","['만족하다', '프린팅', '싸다', '나름', '질', '가격']","['나름', '싸다', '만족하다', '가격', '프린팅']", 프린팅,"프린팅,   가격,   싸다,   나름,   질,   만족하다","프린팅, 가격, 싸다, 질, 만족하다"
메종미네드 정말 좋아하는데 프린팅 너무 예쁘게 나와서 좋네요 강추합니다,"['프린팅', '메종미네드', '나오다', '강추']","['메종미네드', '강추', '프린팅', '나오다', '좋아하다']","['좋아하다', '메종', '미네', '드', '강추', '나오다', '프린팅']","['강추', '좋아하다', '나오다', '메종', '미네', '프린팅']",,"프린팅,   나오다,   강추,   좋아하다","프린팅, 강추, 좋아하다"
제품이 마음에 들어요 색상과 디자인도 마음에 듭니다. 사업 번창 하세요,"['번창', '디자인', '색상', '사업', '제품']","['번창', '색상', '디자인', '사업', '제품']","['번창', '색상', '사업', '디자인', '제품']","['사업', '번창', '색상', '제품', '디자인']"," 색상,  디자인","번창,   디자인,   색상,   사업,   제품","색상, 디자인, 제품"
옷 대박 예뻐요 적당히 꾸민 느낌이라 손 자주가는 티 중에 하나~,"['하나', '꾸미다', '가다', '손', '적당하다', '티', '대박']","['적당하다', '가다', '대박', '하나', '중', '꾸미다']","['적당하다', '하나', '꾸미다', '가다', '대박']","['대박', '꾸미다', '하나', '가다', '적당하다']"," 꾸미다,  가다","하나,   꾸미다,   가다,   적당하다,   대박","적당하다, 꾸미다, 티, 대박"
버뮤다랑 데님에 입기 좋습니다!! 로고가 너무 예뻐서 계속 입고 싶어요!!,"['계속', '버뮤다', '데님', '로고']","['버뮤다', '로고', '데님', '싶다', '계속']","['데님', '버뮤다', '로고', '계속']","['데님', '계속', '로고', '버뮤다']",,"계속,   버뮤다,   데님,   로고","버뮤다, 데님, 로고"
너무 많이 입고다녀서 그냥 잠옷으로 입고있습니다 홈플러스만 가도 두 명씩은 마주침,"['그냥', '홈플러스', '마주치다', '잠옷', '명']","['마주치다', '홈플러스', '명', '가도', '잠옷']","['홈플러스', '명', '씩', '가도', '잠옷', '그냥', '마주치다']","['잠옷', '가도', '홈플러스', '마주치다', '그냥']",,"홈플러스,   마주치다,   잠옷,   그냥,   명,   가도",잠옷
이뻐요 그냥 사세요 로고가 포인트주기 참 좋습니다,"['그냥', '로고', '주기', '포인트', '차다']","['포인트', '로고', '주기', '그냥']","['그냥', '로고', '주기', '포인트']","['차다', '주기', '로고', '그냥', '포인트']",,"그냥,   로고,   주기,   포인트","로고, 포인트"
너무 얇은 느낌인지라 몇 번 빨고 나니 핏을 유지하는 느낌이 많이 사라졌습니다,['얇다'],"['유지', '나니', '핏', '얇다', '사라지다', '인지']","['사라지다', '인지', '얇다', '핏', '유지', '나니']","['사라지다', '나니', '인지', '유지', '얇다']",,"얇다,   유지,   나니,   사라지다,   인지","얇다, 핏, 사라지다, 유지"
사이즈도 적당하게 맞고 핏도 좋아요 예뻐서 자주 입어요,"['사이즈', '핏', '적당']","['적당하다', '사이즈', '핏', '맞다']","['적당하다', '핏', '맞다', '사이즈']","['맞다', '적당하다', '사이즈']",,"사이즈,   핏,   적당하다,   맞다","사이즈, 핏, 적당하다, 맞다"
재질 이빠이 좋고 진짜 얇아서 가볍고 이쁘고 완벽해요..,"['완벽하다', '가득', '재질', '가볍다', '얇다']","['완벽하다', '가볍다', '재질', '가득', '얇다']","['가볍다', '얇다', '완벽하다', '가득', '재질']","['가득', '완벽하다', '가볍다', '얇다', '재질']"," 얇다,  재질","완벽하다,   가득,   재질,   가볍다,   얇다","재질, 얇다, 가볍다, 완벽하다"
그래픽이 상당히 이쁘고 핏도 좋습니다 두꼐감은 그렇게 두껍진 않아서 더울거 같진 않습니다.,"['그래픽', '두께감', '두껍다', '핏']","['상당하다', '그래픽', '덥다', '핏', '두께감', '두껍다']","['그래픽', '덥다', '두껍다', '상당하다', '핏', '두께감', '그렇게']","['상당하다', '그렇게', '덥다', '두께감', '두껍다', '그래픽']",,"그래픽,   두께감,   두껍다,   핏,   상당하다,   덥다","그래픽, 핏, 두께감, 두껍지 않다, 상당하다"
디자인이 마음에 들어요 외출할때 입기 좋을것 같아요,"['디자인', '외출']","['디자인', '외출']","['외출', '디자인']","['외출', '디자인']",,"디자인,   외출","디자인, 외출"
"색감 사진과 같이 흐리멍텅한 느낌 너무 좋고, 로고 너무 디테일 해서 좋아요. 사이즈 정 사이즈인갓 같고 두께감 좋아서 시원해요","['시원', '갓', '사진', '흐리다멍덩', '로고', '디테일', '사이즈', '두께감', '색감', '정']","['디테일해', '시원하다', '흐리다멍덩', '사이즈', '사진', '사이즈', '색감', '로고']","['색감', '사이즈', '흐리다', '멍덩', '디테', '일해', '사진', '시원하다']","['일해', '멍덩', '흐리다', '사이즈', '디테', '로고', '두께감', '사진', '시원하다', '색감']"," 사진,  사이즈","사이즈,   색감,   사진,   시원하다,   로고","사이즈, 색감, 사진, 시원하다, 로고"
진짜 이뻐요! 앞 프린팅과 뒤에 텍이 바깥으로 나온 디테일이 간지네요,"['프린팅', '텍', '디테일']","['프린팅', '디테일이', '간지', '텍', '나오다', '바깥', '뒤']","['바깥', '간지', '디테', '일이', '나오다', '뒤', '텍', '프린팅']","['바깥', '간지', '일이', '디테', '나오다', '프린팅']",,"프린팅,   텍,   간지,   나오다,   바깥","프린팅, 텍, 간지, 디테일, 나오다, 바깥"
믿고 사는 브라운브레스 기본티 입니다. 레터링 티셔츠의 정석이죠!,"['브라운브레스', '기본', '정석', '레터링', '티셔츠', '티']","['정석', '티셔츠', '레터링', '브라운브레스', '티', '살다', '기본', '믿다']","['티셔츠', '브라운', '브레스', '티', '정석', '죠', '믿다', '살다', '레터', '링', '기본']","['정석', '레터', '믿다', '살다', '기본', '티셔츠', '브레스', '브라운']",,"기본,   정석,   티셔츠,   티,   살다,   믿다","기본, 티셔츠, 레터링, 정석"
커플티로 입었는데 예뻤어요 ! 사이즈는 m하니까 딱 맞았고 생각보다 얇긴한데 여름애 시원하게 입기 좋았습니다,"['m', '시원하다', '맞다', '사이즈', '여름', '얇다', '커플티']","['커플티', '여름', '시원하다', '사이즈']","['사이즈', '여름', '얇다', '맞다', '시원하다']","['커플티', '시원하다', '여름', '얇다', '맞다', '사이즈']",,"시원하다,   사이즈,   여름,   맞다,   얇다,   커플티","시원하다, 사이즈, 여름, 맞다, 얇다, 커플티"
제가 말랐는데도 이쁘고 여름에 입기 딱좋은거같아요,"['여름', '마르다']","['여름', '마르다']","['여름', '마르다']","['마르다', '여름']",,"여름,   마르다","여름, 마르다"
옷 너무 예쁘고 다음에도 이 브랜드에서 살거같아요,"['브랜드', '살']",['브랜드'],['브랜드'],['브랜드'],브랜드,브랜드,브랜드
재질도 탄탄하고 무난하게 예뻐서 자주 입을 것 같아욤,"['재질', '무난', '탄탄']","['탄탄하다', '재질', '무난']","['무난', '재질', '탄탄하다']","['탄탄하다', '무난', '재질']",,"재질,   무난,   탄탄하다","재질, 무난, 탄탄하다"
목이 좁아서 좀 늘어나요 근데 세일할 때 사서 만족하면서 입고 있습니다,"['늘어나다', '세일', '목', '좁다', '만족하다']","['만족하다', '좁다', '세일', '목', '사서', '늘어나다']","['만족하다', '목', '늘어나다', '좁다', '세일', '사서']","['세일', '좁다', '사서', '근데', '만족하다', '늘어나다']",,"늘어나다,   세일,   좁다,   만족하다,   목,   사서","늘어나다, 세일, 좁다, 만족하다, 목"
흰색 검정색 두게 샀어요 번걸아가면서 잘 입을게요,"['번', '두다', '가면', '검은색', '걸', '흰색']","['가면', '검은색', '흰색', '두다']","['가면', '두다', '검은색', '흰색']","['가면', '두다', '검은색', '흰색']", 흰색,"두다,   가면,   검은색,   흰색","흰색, 검은색"
오버핏 티셔츠를 사고 싶었는데 때마침 1+1 행사를 하길래 구매해봤어요 두께는 얇지는 않고 그냥 딱 좋아여 사이즈는 좀 크니까 여성분들은 s추천합니다,[''],"['추천', '사이즈', '여성', '티셔츠', '행사', '사고', '얇다', '오버핏']","['티셔츠', '사이즈', '여성', '분들', '크다', '추천', '두께', '그냥']","['때마침', '행사', '여성', '분들', '사고', '오버핏', '추천', '그냥', '두께', '티셔츠']",,"추천,   여성,   티셔츠","오버핏, 티셔츠, 두께, 사이즈, 크다, 여성, s, 추천, 얇다"
면이 일반 티 보다 두꺼워서 한여름엔 입지 마세융 옷 변형도 잘 안 되서 좋구염 남찡구랑 커플로 맞췃는데 조아용,"['일반', '한여름', '두껍다', '커플', '남찡구', '티']","['변형도', '말다유', '커플', '입지', '일반', '한여름']","['두껍다', '맞추다', '커플', '입지', '남', '찡', '구', '한여름']","['맞추다', '입지', '변형도', '커플', '돼다', '일반', '말다', '한여름', '두껍다']", 커플,"한여름,   커플,   일반,   두껍다,   입지","한여름, 커플, 티, 변형, 두껍다"
사이즈도 딱 맞고 심플해서 어떤 옷이랑 입어도 잘 어울릴 것 같아요,"['사이즈', '어울림', '심플', '맞다']","['심플', '어울리다', '사이즈', '어떻다', '맞다']","['심플', '어울리다', '맞다', '사이즈', '어떻다']","['어떻다', '심플', '어울리다', '맞다', '사이즈']",,"사이즈,   심플,   맞다,   어울리다,   어떻다","사이즈, 맞다, 심플하다, 어울리다"
시원하고 정사이즈네요! 오버핏 하게 살껄 그랬나 싶기도 하고 얇아서 흰색은 비치다보니 패치 붙이고 입고 있습니다,"['오버핏', '패치', '비침', '시원', '흰색', '사이즈', '얇다', '정']","['사이즈', '시원하다', '흰색', '살걸', '비치', '패치']","['흰색', '얇다', '붙이', '사이즈', '비치', '오버핏']","['붙이', '패치', '살걸', '비치', '시원하다', '그렇다', '오버핏', '흰색', '얇다', '사이즈']",,"흰색,   사이즈,   오버핏,   패치,   얇다,   비치","시원하다, 오버핏, 패치, 사이즈, 얇다, 비치다"
"예일 옷은 처음이엇는데, 실측 사이즈 열심히 재보고 삿습니다. 꼼꼼하게 챙겨서 그런지 사이즈 너무 좋앗어요.  거기에 옷의 재질 디자인, 두께감 모두 너무 만족합니다. 또 사고 싶어요!","['재보고', '디자인', '챙기다', '거기', '처음', '사이즈', '예일', '꼼꼼하다', '열심히', '재질', '실측', '만족하다', '두께감', '사고']","['만족하다', '그렇다', '챙기다', '사이즈', '디자인', '실측', '재질', '거기', '사고']","['사이즈', '디자인', '재질', '만족하다', '챙기다', '두께감']","['챙기다', '열심히', '실측', '거기', '꼼꼼하다', '보고', '사고', '처음', '그렇다', '사이즈']",,"챙기다,   사이즈,   디자인,   거기,   재질,   실측,   만족하다,   사고","사이즈, 디자인, 재질, 실측, 만족하다, 두께감"
어디에 코디해도 무난합니다 두께는 보통 할인에 잘샀네여,[''],"['무난', '코디해도', '할인', '보통', '두께']","['할인', '무난', '두께', '보통', '코디', '해도']","['해도', '보통', '코디', '할인', '두께', '무난']",,"무난,   할인,   보통,   두께","무난, 할인, 보통, 두께"
로고가 작아서 부담스럽지 않고 가격도 저렴해서 매우 마음에 들어요!,"['저렴하다', '가격', '로고', '부담스럽지', '작다']","['부담', '저렴하다', '가격', '작다', '로고']","['저렴하다', '작다', '부담', '스럽지', '로고', '가격']","['스럽지', '부담', '저렴하다', '작다', '로고', '가격']", 로고,"저렴하다,   가격,   로고,   작다,   부담","저렴하다, 가격, 로고, 작다"
예일은 역시 두께감이 만족스러워요! 예일 반팔티는 진짜 면이 인정입니다!,[''],"['인정', '만족스럽다', '티', '팔', '예일', '예일', '두께감']","['인정', '두께감', '만족스럽다', '팔', '예일', '티']","['예일', '인정', '만족스럽다', '두께감']", 두께감,"예일,   인정,   만족스럽다,   두께감","두께감, 만족스럽다, 반팔, 티, 면, 예일, 인정"
재질도 탄탄하고 너무 두껍지도 않아서 여름에도 입고다니기 좋네요 게다가 2팩이라 아주 만족합니다,"['두께', '탄탄', '재질', '여름', '팩']","['만족하다', '탄탄하다', '재질', '팩', '여름']","['여름', '두껍다', '만족하다', '재질', '팩', '탄탄하다']","['탄탄하다', '만족하다', '두껍다', '재질', '여름']", 재질,"재질,   여름,   팩,   만족하다,   탄탄하다","재질, 여름, 만족하다, 탄탄하다"
"핏도 적당하고 두께감도 여릅에맞게 적당해서 아무때나 입고나가기 좋은거 같아요,  뒤에 레터링도 멋있어요!","['뒤', '핏', '맞다', '멋있다', '레터링', '여름', '두께감', '적당하다']","['적당하다', '적당하다', '레터링', '여름', '핏', '멋있다']","['여름', '멋있다', '적당하다', '맞다', '핏']","['적당하다', '멋있다', '두께감', '레터', '맞다', '여름']", 멋있다,"적당하다,   멋있다,   여름,   핏,   맞다","적당하다, 레터링, 멋있다, 여름, 핏, 맞다"
루즈하게 입는 스타일이라 제일 큰 사이즈로 샀는데도 저한테는 기장이 짧아서 너무 아쉽네요 ,"['스타일', '짧다', '아쉽다', '기장']","['테', '기장', '스타일', '사이즈', '루스', '제일', '짧다', '아쉽다']","['사이즈', '스타일', '아쉽다', '테', '루스', '짧다', '기장']","['루스', '제일', '짧다', '기장', '스타일', '아쉽다', '크다', '사이즈']"," 기장,  짧다","스타일,   짧다,   아쉽다,   기장,   사이즈,   루스","루스, 사이즈, 스타일, 기장, 짧다"
깔끔하면서도 포인트되는 박시한 티 찾고계시면 고민없이 구매하세요!! 어깨 핏을 가장 중요하게 생각하는데 예쁘게 잘 떨어지네요. 넣입 빼입 다 잘 활용할 수 있어요. 주변에서 칭찬 많이 받았어요ㅎㅎ,"['포인트', '깔끔하다', '박시', '티']","['중요하다', '주변', '활용', '박시', '칭찬', '가장', '포인트', '고민']","['어깨', '깔끔하다', '칭찬', '받다', '활용', '넣다', '계시']","['중요하다', '빼입', '활용', '계시', '어깨', '박시', '칭찬', '주변', '넣다', '가장']"," 활용,  칭찬","박시,   활용,   칭찬","깔끔하다, 포인트, 박시, 티, 어깨, 핏, 떨어지다, 활용"
살짝 생각보다 작아서 큰걸로 다시 시켰네요 그래도 티 자체는 이쁘고 어디든 입기 좋습니다,"['크다', '걸', '자체', '작다', '티', '다시']","['작다', '걸', '다시', '자체']","['걸', '자체']","['다시', '자체', '작다', '크다']",,"자체,   걸,   작다,   다시","작다, 티"
이미지랑 똑같고 여름에 잘 입고 다닐 것 같아요 저렴하게 사서 만족해요,"['저렴하다', '사서', '여름', '만족하다']","['만족하다', '저렴하다', '이미지', '사서', '여름', '똑같다']","['저렴하다', '만족하다', '여름', '똑같다', '이미지', '사서']","['이미지', '사서', '똑같다', '만족하다', '저렴하다', '여름']",,"저렴하다,   사서,   여름,   만족하다,   이미지,   똑같다","이미지, 똑같다, 여름, 저렴하다, 만족하다"
주변에서 예쁘다고 많이해요 원단도 튼튼하고 좋아요,[''],"['튼튼하다', '주변', '원단']","['튼튼하다', '원단', '주변']","['튼튼하다', '주변', '원단']", 원단,"튼튼하다,   주변,   원단","원단, 튼튼하다"
투플원으로 싸게 팔간래 구매해봤는데 쏘쏘 나쁘지않아요,"['토플', '쏘다', '싸다', '원', '팔간', '나쁘다']","['싸다', '간', '원', '토플', '나쁘다']","['원', '싸다', '팔', '간', '나쁘다', '토플']","['쏘다', '토플', '나쁘다', '싸다']", 나쁘다,"토플,   싸다,   나쁘다,   원","싸다, 나쁘지 않다"
뮤난하게 입기 좋응고같아요! 배송도 빠르고 좋아용,"['빠르다', '무난', '배송']","['무난', '배송', '빠르다']","['무난', '배송', '빠르다']","['무난', '빠르다', '배송']"," 빠르다,  배송","빠르다,   무난,   배송","무난, 배송, 빠르다"
배송 엄청 빠르게 왔고 포장상태도 좋고 옷도 이뻐요,"['오다', '포장상태', '빠르다', '배송']","['포장상태', '배송', '오다', '빠르다']","['오다', '빠르다', '배송', '포장', '상태']","['상태', '포장', '오다', '빠르다', '배송']"," 빠르다,  배송","오다,   빠르다,   배송","배송, 빠르다, 포장"
진짜 너무 대박 등 프린팅이 깔끔하게 포인트 주기 좋고 세탁해도 변형 없음,"['프린팅', '포인트', '세탁', '변형']","['프린팅', '변형', '세탁', '포인트', '대박', '주기', '없다']","['세탁', '프린팅', '깔끔하다', '대박', '주기', '변형']","['주기', '대박', '포인트', '변형', '깔끔하다', '없다', '세탁', '프린팅']",,"프린팅,   세탁,   변형,   포인트,   대박,   주기","프린팅, 깔끔하다, 포인트, 세탁, 변형 없음"
잘입을레요 무난하고 좋습니다 굳굳 번창이요 굳,"['굳다', '굳다굳다', '번창', '무난']","['번창', '무난', '굳다굳다']","['번창', '무난', '굳다']","['굳다', '번창', '하고', '무난']",,"번창,   무난,   굳다",무난하다
얇고 비침 그렇게 없습니다 딱 여름에 입기 좋아요 덩치 좋으신 분들한태 추천 드려요~,"['비침', '추천드리다', '여름', '덩치', '얇다']","['추천드리다', '분', '덩치', '여름', '비침', '없다', '얇다']","['추천', '드리다', '여름', '분', '얇다', '그렇게', '덩치']","['덩치', '그렇게', '드리다', '비침', '추천', '없다', '여름', '얇다']",,"여름,   덩치,   얇다,   비침","얇다, 비침이 없다, 여름, 덩치, 추천"
약간 두꺼운 편이라 한여름엔 좀 더워요 그래도 이게 핏 자체가 정필이라 어디에든 무난하게 입기 좋아요,[''],"['정필', '편이', '자체', '무난', '덥다', '한여름']","['무난', '덥다', '편이', '에든', '자체', '두껍다']","['에든', '정필', '한여름', '자체', '편이', '덥다', '두껍다', '무난']",,"편이,   자체,   무난,   덥다","두껍다, 한여름, 덥다, 핏, 무난"
저렴한 가격에 이쁜 프린트반팔 얻었어용 ㅎㅎ 너무 만족해여 ㅎㅎ,"['저렴하다', '가격', '팔', '프린트', '만족']","['만족하다', '저렴하다', '가격', '프린트', '팔', '얻다']","['만족하다', '얻다', '가격', '팔', '저렴하다', '프린트']","['얻다', '프린트', '만족하다', '저렴하다', '가격']",,"저렴하다,   가격,   프린트,   팔,   만족하다,   얻다","저렴하다, 가격, 프린트, 반팔, 만족하다"
옷감이 살짝 도톰해서 쉽게 늘어나지 않을 것 같아서 좋아요.,"['늘어나다', '도톰', '옷감']","['늘어나다', '도톰하다', '옷감', '쉬다']","['도톰하다', '옷감', '늘어나다', '쉬다']","['옷감', '도톰하다', '쉬다', '늘어나다']",,"늘어나다,   옷감,   도톰하다,   쉬다","옷감,  도톰하다, 늘어나다"
원단 좋고 면도 좋아요 디자인도 이쁘고 사이즈도 아주 딱 오버핏여서 이뻐용,"['원단', '오버핏', '디자인', '사이즈']","['사이즈', '디자인', '면도', '원단', '오버핏']","['오버핏', '여서', '사이즈', '디자인', '원단', '면도']","['면도', '여서', '오버핏', '원단', '디자인', '사이즈']",,"원단,   오버핏,   디자인,   사이즈,   면도","원단, 면, 디자인, 사이즈, 오버핏"
커버낫 기본템 좋네요 다른 브랜드 기본템은 너무 얇거나 아니면 목 마감이 안좋아서 금방 늘어나던데 요건 많이 입을 수 있을 것 같아요 가볍고 편해서 아주 맘에 듭니다!,"['금방', '기본', '편하다', '늘어나다', '브랜드', '목', '커버', '가볍다', '얇다', '마감']","['아니다', '늘어나다', '마감', '커버', '요건']","['얇다', '가볍다', '브랜드', '편하다', '마감']","['요건', '기본', '금방', '마감', '브랜드', '아니다', '가볍다', '늘어나다', '커버', '얇다']",,"마감,   늘어나다,   브랜드,   커버,   가볍다,   얇다","기본, 가볍다, 편하다"
XL입는데 L맞네요 재질은 매끄럽고 가벼워요  얇은편이나 비침은 없어요 구김도 적고요 추전합니다,"['비침', '추다', '구김', '재질', '가볍다', 'l', '얇다', '매끄럽다', 'xl']","['추다', '가볍다', '재질', '적다', '비침', '편이', '구김', '없다']","['적다', '가볍다', '매끄럽다', '편이', '추다', '맞다', '재질', '비침']","['매끄럽다', '추다', '적다', '구김', 'xl', '편이', '비침', '가볍다', '맞다', '없다']", 가볍다,"비침,   추다,   가볍다,   구김,   재질,   매끄럽다,   적다,   편이","xl,   l,   재질,   매끄럽다,   가볍다,   얇다,   추천, 비침, 적다, 구김, 없다"
제 옷 보더니 동생이 자기도 입고 싶다해서 주문했어요! 여름용 반팔 아주 시원하고 좋다고 동생 물놀이 때도 입고 잠옷으로도 입고 좋아하네요..,"['시원', '동생', '잠옷', '팔', '물놀이']","['동생', '동생', '여름', '시원하다', '물놀이', '팔']","['잠옷', '으로도', '동생', '좋아하다', '주문', '보더']","['동생', '보더', '물놀이', '잠옷', '으로도', '주문', '좋아하다', '시원하다', '여름']",,"동생,   잠옷,   물놀이","여름용, 반팔, 시원하다, 물놀이, 잠옷"
저렴하게 질좋은 티셔츠를 사게 되서 만족합니다.,['저렴하다'],"['티셔츠', '저렴하다', '만족하다', '돼다']","['티셔츠', '저렴하다', '만족하다']","['돼다', '티셔츠', '만족하다', '저렴하다']"," 저렴하다,  만족하다","저렴하다,   티셔츠,   만족하다","저렴하다, 질, 티셔츠, 만족하다"
가격대비 디자인 및 원단 품질이 좋은 반팔티입니다.,"['가격', '디자인', '품질', '원단', '팔', '티']","['디자인', '티', '품질', '가격', '대비', '원단', '팔']","['품질', '티', '디자인', '팔', '가격', '대비', '원단']","['품질', '대비', '디자인', '원단', '가격']", 가격,"가격,   디자인,   품질,   원단,   팔,   티,   대비","가격, 디자인, 원단, 품질, 반팔, 티"
여름엔 역시 쿨코튼이 최고입니다.시원하고 땀 흡수가 잘됩니다.,"['땀', '시원', '코튼', '흡수', '여름', '쿨']","['코튼', '시원하다', '여름', '흡수', '최고']","['여름', '최고', '코튼', '흡수', '시원하다']","['흡수', '최고', '코튼', '시원하다', '여름']",,"코튼,   흡수,   여름,   시원하다,   최고","여름, 코튼, 최고, 시원하다, 땀, 흡수"
생각보다 많이 얇아요 여름에 시원하고 좋겠지만 가을 겨울에는 조금 추울거 같아요. 사이즈는 크지도 작지도 않고 보통이에요. 무엇보다 배송이 빨라서 좋네요!,"['라서', '크다', '추다', '시원하다', '겨울에는', '보통', '사이즈', '배송', '여름', '얇다', '작', '가을']","['배송', '보통', '시원하다', '사이즈', '크다', '겨울', '가을', '여름']","['여름', '라서', '보통', '작', '얇다', '배송', '겨울', '에는']","['보통', '추다', '겨울', '가을', '에는', '라서', '이에요', '크다', '얇다', '배송']",,"보통,   배송,   라서,   크다,   여름,   얇다,   가을,   겨울","얇다, 여름, 시원하다, 가을, 겨울, 춥다, 사이즈, 보통, 배송, 빠르다"
항상 만만하게 입기 좋은 무난한 반팔. 사이즈도 적당히 여유있어서 여름에 안달라붙고 쾌적한 느낌이어서 좋음,"['쾌적하다', '항상', '여유', '사이즈', '팔', '무난', '만만하다', '여름', '달라붙다']","['적당하다', '만만하다', '항상', '사이즈', '무난', '여유', '팔', '여름']","['여름', '만만하다', '달라붙다', '적당하다', '쾌적하다']","['만만하다', '쾌적하다', '달라붙다', '여유', '항상', '적당하다', '무난', '여름', '사이즈']",,"만만하다,   여름,   쾌적하다,   항상,   여유,   사이즈,   무난,   달라붙다,   적당하다","무난, 반팔, 사이즈, 적당하다, 여유, 여름, 쾌적하다"
얇은 기능성 재질입니다. 운동이나 기타 작업할 때 적절하겠네요. 사이즈가 작아서 한두치수 크게 가는걸 추천드립니다.,"['기능성', '걸', '추천드리다', '적절', '크게', '사이즈', '치수', '가다', '작다', '재질', '운동', '작업', '얇다', '한두']","['추천드리다', '재질', '운동', '기능', '사이즈', '가다', '작업', '작다', '치수']","['작다', '추천', '드리다', '사이즈', '운동', '얇다', '작업', '재질', '적절하다', '한두', '치수']","['한두', '적절하다', '치수', '작업', '이나', '크게', '가다', '작다', '드리다', '기능']", 작업,"치수,   작다,   작업,   운동,   사이즈,   가다,   재질,   한두","얇다, 재질, 운동, 사이즈, 작다, 크게, 추천"
운동할 때 잘 입고 있습니다. 좀 까끌거리지만 가격 대비 좋아요,"['까끌까끌', '가격', '대비', '운동']","['운동', '거리', '가격', '대비']","['운동', '거리', '까끌까끌', '대비', '가격']","['거리', '까끌까끌', '대비', '가격', '운동']", 가격,"가격,   대비,   운동,   까끌까끌,   거리","운동, 까끌거리다, 가격"
저렴한 가격에 샀네요 잘 입을것 같아요 근데 조금 더 사이즈가 컷으면 좋았을 것 같네요,"['가격', '크다', '사이즈']","['사이즈', '저렴하다', '가격', '크다']","['크다', '사이즈', '가격']","['근데', '크다', '저렴하다', '사이즈', '가격']", 가격,"가격,   크다,   사이즈","저렴하다, 가격, 사이즈"
시원해서 통풍 잘 되서 좋네요 사이즈가 조금 널널하고 딱 맞습니다,"['맞다', '시원', '통풍', '널찍']","['시원하다', '사이즈', '통풍', '맞다', '돼다', '널찍하다']","['사이즈', '맞다', '시원하다', '널찍하다', '통풍']","['널찍하다', '돼다', '통풍', '맞다', '사이즈', '시원하다']", 통풍,"맞다,   통풍,   시원하다,   사이즈,   널찍하다","시원하다, 통풍, 사이즈, 널찍하다, 맞다"
너무 쿨링하고 시원하진않아요 ㅋㅋ 다른 그냥 보세 중국산비교했을때 그게 더 시원함 ,"['중국산', '쿨링', '시원하다']","['쿨링', '시원하다', '중국산', '시원하다', '그게', '비교', '그냥']","['중국산', '비교', '쿨링', '시원하다', '그게', '그냥']","['그게', '중국산', '비교', '시원하다', '쿨링', '하고', '그냥']",,"시원하다,   중국산,   쿨링,   그게,   비교,   그냥","시원하다, 쿨링"
운동할 때나 집에서 편하게 입고 있어요 저렴하게 잘 샀네요,"['편하다', '집', '저렴하다', '운동']","['집', '운동', '저렴하다', '편하다']","['저렴하다', '편하다', '운동', '집']","['저렴하다', '편하다', '운동']", 운동,"편하다,   저렴하다,   운동,   집","운동, 편하다, 저렴하다, 집"
단추도 싸구려~색감좋아보여서 선택했는데 확실히 가격이 낮아서 그런가 딘추부터ㅜ바느질까지 싼티가 팍팍나네요,['단추'],"['보', '단추', '가격', '런가', '확실하다', '싸구려', '색감', '티', '나다']","['바느질', '낮다', '런가', '보', '여서', '선택', '나다', '싸구려', '가격', '확실하다']","['팍팍', '추부', '런가', '싸구려', '바느질', '낮다', '선택', '확실하다', '여서', '싸다']"," 런가,  확실하다,  싸구려","런가,   확실하다,   싸구려","단추, 싸구려, 색감, 가격, 낮다, 바느질"
옷이 너무 이쁩니다!! 지금 더운날에서 시원하게 입을 수 있어요,"['덥다', '시원하다', '날']","['시원하다', '날', '덥다']","['시원하다', '날', '덥다']","['덥다', '시원하다']",,"덥다,   시원하다,   날","덥다, 시원하다"
긴팔을 받아 교환요청을 했는데 반품하고 다시 벋는데 일주일이걸렸네요. ㅡㅡ 사이즈에 비해 길이가 좀 짧은듯한 느낌이긴 한데 세탁 후 입어봐야겠네요,"['세탁', '벋다', '사이즈', '일주일', '교환', '팔', '반품', '길이']","['요청', '팔', '일주일', '사이즈', '반품', '길이', '교환', '세탁', '비다', '다시']","['세탁', '짧다', '입어보다', '일주일', '팔', '사이즈', '걸리다', '길이', '반품']","['벋다', '요청', '반품', '느끼다', '비다', '일주일', '교환', '걸리다', '길이', '세탁']",,"세탁,   일주일,   반품,   길이,   사이즈,   교환,   팔","반품, 사이즈, 길이, 짧다"
맛도리입니다 날이너무 더워 생각보다 많이 입지는 못했네요 ㅠㅠ,"['맛', '질']","['질', '입지', '날', '덥다', '맛']","['못', '날', '질', '맛', '덥다', '입지']","['입지', '덥다']",,"맛,   질,   입지,   덥다",덥다
얇고 엄청 시원해요 근데 이쁘니까 여름에 자꾸 손이가요,"['얇다', '여름', '시원하다']","['시원하다', '여름', '손', '가요', '자꾸', '얇다']","['여름', '시원하다', '가요', '자꾸', '얇다', '손']","['가요', '자꾸', '근데', '얇다', '시원하다', '여름']",,"얇다,   여름,   시원하다,   가요,   자꾸","얇다, 시원하다, 여름"
핏도 좋고 재질도 시원해서 너무 좋아요 여행갈때 입기 딱이에여,"['재질', '여행', '시원', '핏']","['여행', '시원하다', '재질', '딱이다', '핏']","['시원하다', '핏', '딱이다', '재질', '여행']","['여행', '갈다', '딱이다', '재질', '시원하다']",,"재질,   여행,   핏,   시원하다,   딱이다","핏, 재질, 시원하다, 여행"
가성비 말 안되고 지나가다가 똑같은 사람 만날 수는 있지만 옷 자체는 이쁨,"['똑같다', '지나가다', '말', '가성비', '사람', '만날']","['만날', '지나가다', '수', '자체', '사람', '가성비', '똑같다']","['지나가다', '수', '똑같다', '자체', '가성비', '사람', '만날']","['지나가다', '만날', '자체', '똑같다', '사람', '가성비']",,"똑같다,   지나가다,   가성비,   사람,   만날,   자체",가성비
여기저기 휘뚜루마뚜루 잘입고있어요 더워서 나시입고 걸쳐서 제일 많이 입는것같아요 흔하다고 하는데 생각보다 똑같은옷 많이 안마주친거같아요,"['마주치다', '흔하다', '민소매', '휘뚜루마뚜루', '똑같다', '걸치다']","['마주치다', '여기저기', '걸치다', '민소매', '흔하다', '덥다']","['덥다', '흔하다', '똑같다', '제일', '휘뚜루마뚜루', '민소매']","['민소매', '제일', '흔하다', '여기저기', '휘뚜루마뚜루', '마주치다', '똑같다', '걸치다', '덥다']",,"흔하다,   민소매,   마주치다,   휘뚜루마뚜루,   똑같다,   걸치다,   덥다","덥다, 민소매, 흔하다"
여름철에 입기좋은 반팔 셔츠입니다 . 무채색이라 조합해서 입기 너무 좋고 팔 쪽에 단추 디테일로 팔을 걷어도 이쁩니다. 여성분들한테는 오버사이즈로 입는걸 좋아하실 경우에는 추천드립니다!!,"['여성분들', '단추', '여름철', '오버사이즈', '팔', '조합', '셔츠', '디테일', '무채색']","['셔츠', '추천드리다', '여성늘다', '무채색', '조합', '경우', '여름철', '오버사이즈', '단추']","['팔', '셔츠', '여성', '분들', '늘다', '무채색', '추천', '드리다', '걷다', '조합']","['테일로', '무채색', '경우', '조합', '늘다', '여성', '에는', '여름철', '걷다', '분들']",,"조합,   무채색,   여름철,   셔츠","여름철, 반팔, 셔츠, 무채색, 디테일, 오버사이즈, 추천"
색감도 딱생각했던 색상에 적당히 낙낙해서 여름에 입기좋아요.,"['색상', '색감', '여름', '낙낙']","['색상', '적당하다', '색감', '낙낙', '여름']","['색감', '색상', '여름', '적당하다', '낙낙']","['낙낙', '색상', '적당하다', '색감', '여름']",,"색상,   색감,   여름,   낙낙,   적당하다","색감, 색상, 적당하다, 낙낙, 여름"
옷 이쁘고 잘 입고 있습니다 추천드려요 감사합니다,"['추천', '감사']",['추천드리다'],"['추천', '드리다']","['드리다', '추천']",,추천,추천
차르르한 얇은소재라 여름에 툭 걸쳐입기 좋아요,"['짜르르', '소재', '여름', '얇다', '걸치다']","['걸치다', '소재', '여름', '얇다']","['여름', '소재', '얇다', '걸치다', '짜르르']","['짜르르', '걸치다', '소재', '얇다', '여름']",,"소재,   여름,   얇다,   걸치다,   짜르르","얇다, 소재, 여름, 걸치다"
이쁘고 핏좋고 말해 뭐합니까 그냥 사세요 추천합니다,"['그냥', '핏좋다', '추천', '말', '합', '뭐']","['추천', '말', '합', '핏좋', '그냥']","['핏좋', '추천', '합', '그냥', '말']","['핏좋', '그냥', '추천']",,"그냥,   추천,   말,   합,   핏좋","핏, 추천"
생각보다는 품이 조여요 기장은 괜찮음 좀 더운감이 있어요 배송이 조금 느립니다 가격 합리적이에요,"['가격', '느리다', '품', '조여', '배송', '덥다', '합리', '기장']","['합리', '배송', '기장', '느리다', '조여', '가격', '덥다']","['느리다', '배송', '합리', '보다는', '기장', '조여']","['조여', '느리다', '보다는', '합리', '기장', '배송', '덥다', '가격']"," 기장,  배송","느리다,   조여,   배송,   합리,   기장,   가격,   덥다","품, 기장, 덥다, 배송, 느리다, 가격, 합리적"
아직 세탁은 안해봐서 잘 모르겠는데 두께감 조금 있습니다,"['두께감', '세탁']","['세탁', '모르다', '두께감']","['모르다', '세탁', '두께감', '아직']","['아직', '모르다', '두께감', '세탁']",,"두께감,   세탁,   모르다",두께감
케이블 흰색 니트 샀는데 비침도 거의 없는것 같아 단품 좋습니다,"['케이블', '비침', '흰색', '니트', '단품']","['케이블', '비침', '품', '흰색', '니트', '없다']","['케이블', '비침', '흰색', '단', '품', '니트']","['흰색', '비침', '케이블', '니트']",,"케이블,   비침,   흰색,   니트","니트,  단품, 비침"
몰라 그냥 내스타일이야 너네도 자신있게 입어 그게 멋이야,"['그냥', '멋이야', '내', '그게', '모르다', '스타일']","['모르다', '스타일', '멋', '그냥', '그게']","['스타일', '이야', '멋', '그냥', '그게', '모르다']","['이야', '모르다', '그게', '그냥', '스타일']",,"그냥,   그게,   모르다,   스타일","스타일, 그냥"
길이 제 키 기준 딱 적당해요 좀 긴 듯 싶은데 잠그면 밑에가 잡아주는 핏이라 짧아져요 사진에 잘 나오는 것 같아요 살짝 생각보다 광이 도는 느낌이 좀 있었습니다,"['사진', '적당', '광', '길이', '짧아지다']","['잡다', '나오다', '적당하다', '잠그다', '사진', '기준', '길이', '광']","['짧아지다', '사진', '길이', '밑', '잠그다', '잡다', '핏']","['기준', '잠그다', '잡다', '짧아지다', '적당하다', '길이', '가다', '사진', '나오다']",,"사진,   길이,   짧아지다,   잡다,   잠그다","길이, 적당하다, 핏, 짧아지다, 광"
"여름에 입기좋은 바지를 찾고있었는데 딱이네요
가볍고 적당히 얇으면서 핏도 딱 좋은,,

여름용으로 잘 입을듯해용 !!","['핏', '여름', '가볍다', '바지', '얇다', '적당하다']","['여름', '적당하다', '가볍다', '바지', '여름', '핏', '찾다']","['여름', '얇다', '가볍다', '바지', '핏', '딱이다']","['여름', '딱이다', '찾다', '가볍다', '적당하다', '얇다', '바지']",,"여름,   가볍다,   바지,   핏,   얇다,   적당하다","여름, 바지, 가볍다, 얇다, 핏"
배송도 엄청 빨리오고 옷도 예뻐요 핏도 잘 나오고 사이즈도 딱 맞아서 엄청 만족하고있습니다 앞으로 많이 살거같아요,"['살', '맞다', '앞', '핏', '사이즈', '배송', '나오다', '만족하다', '빨리']","['만족하다', '배송', '사이즈', '나오다', '오다', '핏']","['만족하다', '맞다', '오다', '나오다', '핏', '앞']","['빨리', '오다', '만족하다', '배송', '나오다', '맞다', '사이즈']",,"나오다,   만족하다,   맞다,   핏,   사이즈,   배송,   오다","배송, 빨리, 핏, 사이즈, 맞다, 만족하다"
진짜 커요 어느정도냐면 동기가 보고 “저스틴비버야? 바지 곧 벗겨지겠다” ...고 했습니다... 그치만 핏도 제 스타일이고 디자인도 예뻐서 제 최애 청바지 됐어요ㅎㅎ,"['크다', '동기', '디자인', '핏', '최애', '보고', '비버', '청바지', '벗겨지다', '스타일이고', '저스틴', '바지', '냐']","['스타일', '저스틴', '동기', '청바지', '크다', '디자인', '바지', '보고']","['바지', '청바지', '스타일', '이고', '벗겨지다', '디자인', '냐', '크다', '핏']","['동기', '벗겨지다', '저스틴', '비버', '최애', '돼다', '이고', '보고', '스타일', '디자인']",,"디자인,   크다,   동기,   보고,   청바지,   벗겨지다,   저스틴,   바지,   스타일","크다, 핏, 스타일, 디자인, 최애, 청바지"
"핏도 좋고 편해서 맘에들어요~
요새 자주 입고 있습니다:)","['편하다', '핏']","['편하다', '핏']","['편하다', '핏']",['편하다'],,"편하다,   핏","핏, 편하다"
귀엽고 이쁩니다 그리고 싸게 잘 산 듯 합니다 이쁜 바지에 이 가격 좋아여~ 최고입니다 좋습니다 귀엽습니다,"['가격', '귀엽다', '산다', '최고다', '싸다', '바지']","['바지', '가격', '최고', '귀엽다']","['귀엽다', '싸다', '바지']","['귀엽다', '싸다', '최고', '가격', '바지']",,"귀엽다,   바지,   가격,   싸다","귀엽다, 싸다, 바지, 가격, 최고"
"허리부분이 타이트해서 당기면서 늘려서 입었는데, 그부분 말고는 정말 모든게 완벽합니다! 올여름 최애 바지가되었어요! 아주 만족합니다!","['되어다', '당기다', '허리', '타이트', '완벽하다', '최애', '모든', '말고는', '늘리다', '바지', '만족하다', '부분', '올여름']","['만족하다', '완벽하다', '당기다', '타이트', '늘리다', '바지', '모든', '부분']","['완벽하다', '만족하다', '부분', '되어다', '모든', '타이트', '늘리다']","['부분', '당기다', '늘리다', '올여름', '말고는', '타이트', '최애', '모든', '완벽하다', '되어다']",,"타이트,   완벽하다,   모든,   늘리다,   부분,   되어다,   당기다,   만족하다","허리, 타이트, 완벽하다, 최애, 바지, 만족하다"
"우선 바지 크기가 전체적으로 커서 편하긴하지만 허리도 같이 커서 수선을 맡기거나 벨트가 없으면 입기 힘들다는게 단점..
그래도 바지 자체는 굉장히 예뻐서 다리가 발달되어 있으시거나 특히 허벅돼 분들에게 강추합니다!","['허다벅', '커서', '특히', '허리', '자체', '편하다', '발달되어다', '다리', '단점', '크기', '전체', '강추', '힘들다', '바지', '벨트', '수선', '분']","['강추', '전체', '크기', '힘들다', '편하다', '수선', '커서', '자체']","['바지', '다리', '크기', '벨트', '허리', '커서', '허다', '벅', '전체', '강추']","['커서', '맡다', '발달', '허다', '힘들다', '특히', '단점', '크기', '굉장하다', '수선']",,"크기,   커서,   전체,   수선,   힘들다,   강추","바지, 크다, 편하다, 허리, 벨트, 수선, 강추"
핏이 예쁘고 너무 좋았습니다! 깔끔하게 입기에 너무 좋아요!,"['깔끔하다', '핏']","['핏', '깔끔하다']","['깔끔하다', '핏']",['깔끔하다'],,"깔끔하다,   핏","핏, 깔끔하다"
생각보다 실물이 이뻐서 잘 입을 것 같네요. 감사합니다.,"['실물', '감사']",['실물'],['실물'],['실물'],,실물,실물
"반바지보다 살짝 더 긴 기장으로 어느 옷에나 매치해도 잘 어울릴거같습니다! 통도 널널하고 핏도 괜찮아서 올 여름 자주입고다닐거같아요. 허리사이즈는 살짝 크지만 벨트 매고 입으려고 합니다. 
색감도 사진과 같아서 살짝 어두운 청?색이라고 생각하시면 될거같아요. 전반적으로 매우 만족스럽습니다.","['반바지', '사진', '허리', '핏', '만족스럽다', '색감', '기장', '청색']","['만족스럽다', '매치', '청색', '사진', '사이즈', '전반', '두운', '어울리다']","['반바지', '색감', '벨트', '사이즈', '청색', '이라고', '크다', '사진']","['전반', '청색', '두운', '이라고', '에나', '매다', '매치', '올여름', '널찍하다', '만족스럽다']",,"청색,   만족스럽다,   사진","기장, 길다, 매치, 어울리다, 널찍하다, 여름, 핏, 허리, 사이즈, 색감, 어둡다, 만족스럽다"
색감 너무 이쁘고 핏 괜찮고 전체적으로 가격치곤 괜찮은데 처음에 냄새가 나요! 인기 많은 이유가 있는 듯!,"['가격', '핏', '냄새', '많다', '인기', '처음', '전체', '이유', '색감']","['가격치다', '전체', '이유', '냄새', '인기', '처음', '색감']","['냄새', '색감', '나요', '이유', '전체', '처음', '인기']","['인기', '이유', '나요', '치다', '전체', '많다', '냄새', '처음', '가격', '색감']",,"냄새,   인기,   처음,   전체,   이유,   색감","색감, 핏, 가격, 냄새, 인기"
요즘 체크 셔츠가 정말 다양한 브랜드에서 나오는데 이 제품을 우연히 보자마자 와 이건 사야겠다 하고 구매했는데 실제로 받고 입어보니 정말 이뻐요 재질도 시원한 재질이라 여름도 가능입니다,"['시원하다', '이건', '재질', '체크', '셔츠', '오다', '브랜드', '다양하다']","['가능', '입어보다', '시원하다', '나오다', '재질', '브랜드', '셔츠', '이건', '재질']","['셔츠', '브랜드', '여름', '재질', '체크', '입어보다', '다양하다']","['재질', '우연히', '가능', '다양하다', '브랜드', '이건', '실제', '받다', '입어보다', '나오다']",,"재질,   브랜드,   이건,   셔츠,   다양하다,   입어보다","체크, 셔츠, 재질, 시원하다, 여름"
재질도 좋고 배송도 빨랐어요 합리적이에요 좋아요,"['재질', '합리', '배송']","['합리', '재질', '배송', '빠르다']","['합리', '빠르다', '배송', '재질']","['합리', '이에요', '빠르다', '재질', '배송']","합리,  재질,  배송","재질,   합리,   배송,   빠르다","재질, 배송, 빠르다, 합리적"
크게 입고싶어서 xl로 구매했어요 역시나 너무 맘에 드네요,"['xl', '크게']","['크게', '싶다']","['크게', 'xl']","['xl', '크게']",,"크게,   xl","크게, xl"
깔끔한 기본 아디다스 져지입니다! 기장이랑 소매 길이도 적당하고 마음에 듭니다!,['깔끔하다'],"['저지', '길이', '적당하다', '기장', '아디다스', '기본', '깔끔하다']","['깔끔하다', '적당하다', '저지', '소', '길이', '기본', '기장', '아디다스']","['깔끔하다', '길이', '기본', '기장', '적당하다', '저지', '아디다스']"," 기장,  기본,  길이","깔끔하다,   저지,   길이,   적당하다,   기장,   아디다스,   기본","깔끔하다, 기본, 저지, 기장, 소매, 길이, 적당하다"
요즘 아디다스가 이뻐보이길래 사봤는데 역시 만족합니다,"['아디다스', '만족']","['만족하다', '아디다스', '보이다', '사보다']","['아디다스', '사보다', '만족하다', '보이다']","['사보다', '보이다', '만족하다', '아디다스']",,"아디다스,   만족하다,   보이다,   사보다",만족하다
엄청 커요!!! 허벅지 중간보다 살짝 위까지 와요 그치만 크게 입는 게 좋아서 그냥 입어요 ㅎㅎ,"['그냥', '중간', '크다', '허벅지', '크게', '위']","['크다', '크게', '허벅지', '오다', '중간', '위']","['그냥', '오다', '크다', '위']","['중간', '허벅지', '오다', '그냥', '크게', '크다']",,"크다,   그냥,   중간,   허벅지,   크게,   위,   오다",크다
재질도 부드럽고 배송도 빠르고 편하게 입고 다니기 좋아요,"['빠르다', '부드럽다', '편하다', '배송', '재질']","['부드럽다', '배송', '편하다', '재질', '빠르다']","['편하다', '부드럽다', '배송', '재질', '빠르다']","['부드럽다', '재질', '빠르다', '편하다', '배송']",,"빠르다,   부드럽다,   편하다,   배송,   재질","재질, 부드럽다, 배송, 빠르다, 편하다"
배송이 엄청빠르네요. 예쁘고 사이즈도 잘 맞아서 만족합니다.,"['빠르다', '맞다', '사이즈', '배송', '만족']","['만족하다', '배송', '사이즈', '빠르다', '맞다']","['만족하다', '맞다', '배송', '빠르다', '사이즈']","['만족하다', '맞다', '빠르다', '배송', '사이즈']",,"빠르다,   맞다,   사이즈,   배송,   만족하다","배송, 빠르다, 사이즈, 맞다, 만족하다"
오랜만에 입어보니 좋네요 로고가 아쉽고 핏이 많이달라졋네요,"['달라지다', '핏', '입어보다', '로고', '아쉽다', '오랜']","['입어보다', '로고', '핏', '아쉽다', '달라지다']","['달라지다', '오랜', '핏', '입어보다', '아쉽다', '로고']","['달라지다', '로고', '오랜', '아쉽다', '입어보다']",,"달라지다,   입어보다,   로고,   아쉽다,   핏,   오랜","로고, 아쉽다, 핏, 달라지다"
배송도 되게 빠르고 핏은 살짝 오버핏으로 나와서 힙해여,"['빠르다', '오버핏', '핏', '온', '배송']","['나오다', '배송', '핏', '빠르다', '오버핏']","['오버핏', '되게', '핏', '나오다', '배송', '빠르다']","['되게', '나오다', '오버핏', '빠르다', '배송']",,"빠르다,  오버핏,   배송,   핏,   나오다","배송, 빠르다, 핏, 오버핏, 힙"
