URL,review URL
https://www.musinsa.com/app/goods/1875663,https://www.musinsa.com/review/goods/1875663
https://www.musinsa.com/app/goods/3977452,https://www.musinsa.com/review/goods/3977452
https://www.musinsa.com/app/goods/1875664,https://www.musinsa.com/review/goods/1875664
https://www.musinsa.com/app/goods/4018731,https://www.musinsa.com/review/goods/4018731
https://www.musinsa.com/app/goods/3977488,https://www.musinsa.com/review/goods/3977488
https://www.musinsa.com/app/goods/2551401,https://www.musinsa.com/review/goods/2551401
https://www.musinsa.com/app/goods/2978106,https://www.musinsa.com/review/goods/2978106
https://www.musinsa.com/app/goods/3295891,https://www.musinsa.com/review/goods/3295891
https://www.musinsa.com/app/goods/4234927,https://www.musinsa.com/review/goods/4234927
https://www.musinsa.com/app/goods/1645762,https://www.musinsa.com/review/goods/1645762
https://www.musinsa.com/app/goods/4341683,https://www.musinsa.com/review/goods/4341683
https://www.musinsa.com/app/goods/1944554,https://www.musinsa.com/review/goods/1944554
https://www.musinsa.com/app/goods/2792603,https://www.musinsa.com/review/goods/2792603
https://www.musinsa.com/app/goods/1931894,https://www.musinsa.com/review/goods/1931894
https://www.musinsa.com/app/goods/3906921,https://www.musinsa.com/review/goods/3906921
https://www.musinsa.com/app/goods/3917556,https://www.musinsa.com/review/goods/3917556
https://www.musinsa.com/app/goods/2300718,https://www.musinsa.com/review/goods/2300718
https://www.musinsa.com/app/goods/3403231,https://www.musinsa.com/review/goods/3403231
https://www.musinsa.com/app/goods/3051711,https://www.musinsa.com/review/goods/3051711
https://www.musinsa.com/app/goods/3850173,https://www.musinsa.com/review/goods/3850173
https://www.musinsa.com/app/goods/3753558,https://www.musinsa.com/review/goods/3753558
https://www.musinsa.com/app/goods/4018732,https://www.musinsa.com/review/goods/4018732
https://www.musinsa.com/app/goods/4254226,https://www.musinsa.com/review/goods/4254226
https://www.musinsa.com/app/goods/4154987,https://www.musinsa.com/review/goods/4154987
https://www.musinsa.com/app/goods/4088113,https://www.musinsa.com/review/goods/4088113
https://www.musinsa.com/app/goods/4170370,https://www.musinsa.com/review/goods/4170370
https://www.musinsa.com/app/goods/3753562,https://www.musinsa.com/review/goods/3753562
https://www.musinsa.com/app/goods/3322615,https://www.musinsa.com/review/goods/3322615
https://www.musinsa.com/app/goods/4037442,https://www.musinsa.com/review/goods/4037442
https://www.musinsa.com/app/goods/1645760,https://www.musinsa.com/review/goods/1645760
https://www.musinsa.com/app/goods/3917557,https://www.musinsa.com/review/goods/3917557
https://www.musinsa.com/app/goods/3971357,https://www.musinsa.com/review/goods/3971357
https://www.musinsa.com/app/goods/3325011,https://www.musinsa.com/review/goods/3325011
https://www.musinsa.com/app/goods/4135237,https://www.musinsa.com/review/goods/4135237
https://www.musinsa.com/app/goods/4088117,https://www.musinsa.com/review/goods/4088117
https://www.musinsa.com/app/goods/4107519,https://www.musinsa.com/review/goods/4107519
https://www.musinsa.com/app/goods/2551406,https://www.musinsa.com/review/goods/2551406
https://www.musinsa.com/app/goods/3907183,https://www.musinsa.com/review/goods/3907183
https://www.musinsa.com/app/goods/2551407,https://www.musinsa.com/review/goods/2551407
https://www.musinsa.com/app/goods/3820464,https://www.musinsa.com/review/goods/3820464
https://www.musinsa.com/app/goods/3906947,https://www.musinsa.com/review/goods/3906947
https://www.musinsa.com/app/goods/2306207,https://www.musinsa.com/review/goods/2306207
https://www.musinsa.com/app/goods/4292856,https://www.musinsa.com/review/goods/4292856
https://www.musinsa.com/app/goods/3179754,https://www.musinsa.com/review/goods/3179754
https://www.musinsa.com/app/goods/2117256,https://www.musinsa.com/review/goods/2117256
https://www.musinsa.com/app/goods/2448899,https://www.musinsa.com/review/goods/2448899
https://www.musinsa.com/app/goods/2978103,https://www.musinsa.com/review/goods/2978103
https://www.musinsa.com/app/goods/2117249,https://www.musinsa.com/review/goods/2117249
https://www.musinsa.com/app/goods/3051712,https://www.musinsa.com/review/goods/3051712
https://www.musinsa.com/app/goods/2978104,https://www.musinsa.com/review/goods/2978104
https://www.musinsa.com/app/goods/3925079,https://www.musinsa.com/review/goods/3925079
https://www.musinsa.com/app/goods/3757209,https://www.musinsa.com/review/goods/3757209
https://www.musinsa.com/app/goods/3263886,https://www.musinsa.com/review/goods/3263886
https://www.musinsa.com/app/goods/3511194,https://www.musinsa.com/review/goods/3511194
https://www.musinsa.com/app/goods/3902122,https://www.musinsa.com/review/goods/3902122
https://www.musinsa.com/app/goods/2392491,https://www.musinsa.com/review/goods/2392491
https://www.musinsa.com/app/goods/3590873,https://www.musinsa.com/review/goods/3590873
https://www.musinsa.com/app/goods/3135592,https://www.musinsa.com/review/goods/3135592
https://www.musinsa.com/app/goods/3171883,https://www.musinsa.com/review/goods/3171883
https://www.musinsa.com/app/goods/3933048,https://www.musinsa.com/review/goods/3933048
https://www.musinsa.com/app/goods/4292846,https://www.musinsa.com/review/goods/4292846
https://www.musinsa.com/app/goods/2551402,https://www.musinsa.com/review/goods/2551402
https://www.musinsa.com/app/goods/4212671,https://www.musinsa.com/review/goods/4212671
https://www.musinsa.com/app/goods/3225475,https://www.musinsa.com/review/goods/3225475
https://www.musinsa.com/app/goods/3971726,https://www.musinsa.com/review/goods/3971726
https://www.musinsa.com/app/goods/2533425,https://www.musinsa.com/review/goods/2533425
https://www.musinsa.com/app/goods/4356172,https://www.musinsa.com/review/goods/4356172
https://www.musinsa.com/app/goods/4339404,https://www.musinsa.com/review/goods/4339404
https://www.musinsa.com/app/goods/3969465,https://www.musinsa.com/review/goods/3969465
https://www.musinsa.com/app/goods/3863284,https://www.musinsa.com/review/goods/3863284
https://www.musinsa.com/app/goods/1779568,https://www.musinsa.com/review/goods/1779568
https://www.musinsa.com/app/goods/3758432,https://www.musinsa.com/review/goods/3758432
https://www.musinsa.com/app/goods/4095421,https://www.musinsa.com/review/goods/4095421
https://www.musinsa.com/app/goods/3144417,https://www.musinsa.com/review/goods/3144417
https://www.musinsa.com/app/goods/2362073,https://www.musinsa.com/review/goods/2362073
https://www.musinsa.com/app/goods/4068489,https://www.musinsa.com/review/goods/4068489
https://www.musinsa.com/app/goods/4175670,https://www.musinsa.com/review/goods/4175670
https://www.musinsa.com/app/goods/4339381,https://www.musinsa.com/review/goods/4339381
https://www.musinsa.com/app/goods/2725422,https://www.musinsa.com/review/goods/2725422
https://www.musinsa.com/app/goods/2533486,https://www.musinsa.com/review/goods/2533486
https://www.musinsa.com/app/goods/3243818,https://www.musinsa.com/review/goods/3243818
https://www.musinsa.com/app/goods/2792604,https://www.musinsa.com/review/goods/2792604
https://www.musinsa.com/app/goods/1944553,https://www.musinsa.com/review/goods/1944553
https://www.musinsa.com/app/goods/4053229,https://www.musinsa.com/review/goods/4053229
https://www.musinsa.com/app/goods/3231222,https://www.musinsa.com/review/goods/3231222
https://www.musinsa.com/app/goods/4012720,https://www.musinsa.com/review/goods/4012720
https://www.musinsa.com/app/goods/2448902,https://www.musinsa.com/review/goods/2448902
https://www.musinsa.com/app/goods/4170371,https://www.musinsa.com/review/goods/4170371
https://www.musinsa.com/app/goods/3977541,https://www.musinsa.com/review/goods/3977541
https://www.musinsa.com/app/goods/4265733,https://www.musinsa.com/review/goods/4265733
https://www.musinsa.com/app/goods/3848109,https://www.musinsa.com/review/goods/3848109
https://www.musinsa.com/app/goods/3393420,https://www.musinsa.com/review/goods/3393420
https://www.musinsa.com/app/goods/2257612,https://www.musinsa.com/review/goods/2257612
https://www.musinsa.com/app/goods/3801258,https://www.musinsa.com/review/goods/3801258
https://www.musinsa.com/app/goods/4153604,https://www.musinsa.com/review/goods/4153604
https://www.musinsa.com/app/goods/4036171,https://www.musinsa.com/review/goods/4036171
https://www.musinsa.com/app/goods/4101346,https://www.musinsa.com/review/goods/4101346
https://www.musinsa.com/app/goods/3890916,https://www.musinsa.com/review/goods/3890916
https://www.musinsa.com/app/goods/3969611,https://www.musinsa.com/review/goods/3969611
https://www.musinsa.com/app/goods/2117257,https://www.musinsa.com/review/goods/2117257
https://www.musinsa.com/app/goods/3425498,https://www.musinsa.com/review/goods/3425498
https://www.musinsa.com/app/goods/4239931,https://www.musinsa.com/review/goods/4239931
https://www.musinsa.com/app/goods/3784436,https://www.musinsa.com/review/goods/3784436
https://www.musinsa.com/app/goods/4342208,https://www.musinsa.com/review/goods/4342208
https://www.musinsa.com/app/goods/4260722,https://www.musinsa.com/review/goods/4260722
https://www.musinsa.com/app/goods/2117254,https://www.musinsa.com/review/goods/2117254
https://www.musinsa.com/app/goods/4200576,https://www.musinsa.com/review/goods/4200576
https://www.musinsa.com/app/goods/3972174,https://www.musinsa.com/review/goods/3972174
https://www.musinsa.com/app/goods/4146791,https://www.musinsa.com/review/goods/4146791
https://www.musinsa.com/app/goods/3758436,https://www.musinsa.com/review/goods/3758436
https://www.musinsa.com/app/goods/4135439,https://www.musinsa.com/review/goods/4135439
https://www.musinsa.com/app/goods/3993685,https://www.musinsa.com/review/goods/3993685
https://www.musinsa.com/app/goods/4342169,https://www.musinsa.com/review/goods/4342169
https://www.musinsa.com/app/goods/3345173,https://www.musinsa.com/review/goods/3345173
https://www.musinsa.com/app/goods/4118529,https://www.musinsa.com/review/goods/4118529
https://www.musinsa.com/app/goods/4212373,https://www.musinsa.com/review/goods/4212373
https://www.musinsa.com/app/goods/3774994,https://www.musinsa.com/review/goods/3774994
https://www.musinsa.com/app/goods/3900612,https://www.musinsa.com/review/goods/3900612
https://www.musinsa.com/app/goods/2117253,https://www.musinsa.com/review/goods/2117253
https://www.musinsa.com/app/goods/4101425,https://www.musinsa.com/review/goods/4101425
https://www.musinsa.com/app/goods/3512402,https://www.musinsa.com/review/goods/3512402
https://www.musinsa.com/app/goods/3295890,https://www.musinsa.com/review/goods/3295890
https://www.musinsa.com/app/goods/4193422,https://www.musinsa.com/review/goods/4193422
https://www.musinsa.com/app/goods/1455772,https://www.musinsa.com/review/goods/1455772
https://www.musinsa.com/app/goods/4062895,https://www.musinsa.com/review/goods/4062895
https://www.musinsa.com/app/goods/4257818,https://www.musinsa.com/review/goods/4257818
https://www.musinsa.com/app/goods/2978589,https://www.musinsa.com/review/goods/2978589
https://www.musinsa.com/app/goods/4146787,https://www.musinsa.com/review/goods/4146787
https://www.musinsa.com/app/goods/2978587,https://www.musinsa.com/review/goods/2978587
https://www.musinsa.com/app/goods/2500573,https://www.musinsa.com/review/goods/2500573
https://www.musinsa.com/app/goods/3136176,https://www.musinsa.com/review/goods/3136176
https://www.musinsa.com/app/goods/3379470,https://www.musinsa.com/review/goods/3379470
https://www.musinsa.com/app/goods/2551409,https://www.musinsa.com/review/goods/2551409
https://www.musinsa.com/app/goods/4060700,https://www.musinsa.com/review/goods/4060700
https://www.musinsa.com/app/goods/3322824,https://www.musinsa.com/review/goods/3322824
https://www.musinsa.com/app/goods/3932387,https://www.musinsa.com/review/goods/3932387
https://www.musinsa.com/app/goods/2245440,https://www.musinsa.com/review/goods/2245440
https://www.musinsa.com/app/goods/3448351,https://www.musinsa.com/review/goods/3448351
https://www.musinsa.com/app/goods/3109155,https://www.musinsa.com/review/goods/3109155
https://www.musinsa.com/app/goods/3861416,https://www.musinsa.com/review/goods/3861416
https://www.musinsa.com/app/goods/3972973,https://www.musinsa.com/review/goods/3972973
https://www.musinsa.com/app/goods/3758458,https://www.musinsa.com/review/goods/3758458
https://www.musinsa.com/app/goods/4130230,https://www.musinsa.com/review/goods/4130230
https://www.musinsa.com/app/goods/3955789,https://www.musinsa.com/review/goods/3955789
https://www.musinsa.com/app/goods/4065964,https://www.musinsa.com/review/goods/4065964
https://www.musinsa.com/app/goods/4129517,https://www.musinsa.com/review/goods/4129517
https://www.musinsa.com/app/goods/4060705,https://www.musinsa.com/review/goods/4060705
https://www.musinsa.com/app/goods/4339400,https://www.musinsa.com/review/goods/4339400
https://www.musinsa.com/app/goods/2864414,https://www.musinsa.com/review/goods/2864414
https://www.musinsa.com/app/goods/2978108,https://www.musinsa.com/review/goods/2978108
https://www.musinsa.com/app/goods/3130645,https://www.musinsa.com/review/goods/3130645
https://www.musinsa.com/app/goods/4107456,https://www.musinsa.com/review/goods/4107456
https://www.musinsa.com/app/goods/2836289,https://www.musinsa.com/review/goods/2836289
https://www.musinsa.com/app/goods/2827957,https://www.musinsa.com/review/goods/2827957
https://www.musinsa.com/app/goods/4201903,https://www.musinsa.com/review/goods/4201903
https://www.musinsa.com/app/goods/4088118,https://www.musinsa.com/review/goods/4088118
https://www.musinsa.com/app/goods/3858290,https://www.musinsa.com/review/goods/3858290
https://www.musinsa.com/app/goods/3442340,https://www.musinsa.com/review/goods/3442340
https://www.musinsa.com/app/goods/4231266,https://www.musinsa.com/review/goods/4231266
https://www.musinsa.com/app/goods/3511186,https://www.musinsa.com/review/goods/3511186
https://www.musinsa.com/app/goods/3639483,https://www.musinsa.com/review/goods/3639483
https://www.musinsa.com/app/goods/3250317,https://www.musinsa.com/review/goods/3250317
https://www.musinsa.com/app/goods/3130633,https://www.musinsa.com/review/goods/3130633
https://www.musinsa.com/app/goods/3874162,https://www.musinsa.com/review/goods/3874162
https://www.musinsa.com/app/goods/4341707,https://www.musinsa.com/review/goods/4341707
https://www.musinsa.com/app/goods/4170372,https://www.musinsa.com/review/goods/4170372
https://www.musinsa.com/app/goods/2593051,https://www.musinsa.com/review/goods/2593051
https://www.musinsa.com/app/goods/3971203,https://www.musinsa.com/review/goods/3971203
https://www.musinsa.com/app/goods/3891800,https://www.musinsa.com/review/goods/3891800
https://www.musinsa.com/app/goods/4137462,https://www.musinsa.com/review/goods/4137462
https://www.musinsa.com/app/goods/4032881,https://www.musinsa.com/review/goods/4032881
https://www.musinsa.com/app/goods/3347453,https://www.musinsa.com/review/goods/3347453
https://www.musinsa.com/app/goods/3921342,https://www.musinsa.com/review/goods/3921342
https://www.musinsa.com/app/goods/2978588,https://www.musinsa.com/review/goods/2978588
https://www.musinsa.com/app/goods/3196505,https://www.musinsa.com/review/goods/3196505
https://www.musinsa.com/app/goods/1659998,https://www.musinsa.com/review/goods/1659998
https://www.musinsa.com/app/goods/3774993,https://www.musinsa.com/review/goods/3774993
https://www.musinsa.com/app/goods/3819866,https://www.musinsa.com/review/goods/3819866
https://www.musinsa.com/app/goods/3845243,https://www.musinsa.com/review/goods/3845243
https://www.musinsa.com/app/goods/3524288,https://www.musinsa.com/review/goods/3524288
https://www.musinsa.com/app/goods/2245439,https://www.musinsa.com/review/goods/2245439
https://www.musinsa.com/app/goods/1324169,https://www.musinsa.com/review/goods/1324169
https://www.musinsa.com/app/goods/3943154,https://www.musinsa.com/review/goods/3943154
https://www.musinsa.com/app/goods/3926490,https://www.musinsa.com/review/goods/3926490
https://www.musinsa.com/app/goods/4212670,https://www.musinsa.com/review/goods/4212670
https://www.musinsa.com/app/goods/4343512,https://www.musinsa.com/review/goods/4343512
https://www.musinsa.com/app/goods/3182696,https://www.musinsa.com/review/goods/3182696
https://www.musinsa.com/app/goods/4092994,https://www.musinsa.com/review/goods/4092994
https://www.musinsa.com/app/goods/2848613,https://www.musinsa.com/review/goods/2848613
https://www.musinsa.com/app/goods/3902073,https://www.musinsa.com/review/goods/3902073
https://www.musinsa.com/app/goods/2714524,https://www.musinsa.com/review/goods/2714524
https://www.musinsa.com/app/goods/3035265,https://www.musinsa.com/review/goods/3035265
https://www.musinsa.com/app/goods/2392492,https://www.musinsa.com/review/goods/2392492
https://www.musinsa.com/app/goods/4175651,https://www.musinsa.com/review/goods/4175651
https://www.musinsa.com/app/goods/4072942,https://www.musinsa.com/review/goods/4072942
https://www.musinsa.com/app/goods/4101470,https://www.musinsa.com/review/goods/4101470
https://www.musinsa.com/app/goods/3971202,https://www.musinsa.com/review/goods/3971202
https://www.musinsa.com/app/goods/4056085,https://www.musinsa.com/review/goods/4056085
https://www.musinsa.com/app/goods/4108244,https://www.musinsa.com/review/goods/4108244
https://www.musinsa.com/app/goods/2416846,https://www.musinsa.com/review/goods/2416846
