Product ID,Title,Review Count
1875663,[쿨탠다드] 우먼즈 피케 폴로 원피스 [블랙],1002
3977452,GIRLFRIEND SLEEVELESS MINI DRESS (BLACK),227
1875664,[쿨탠다드] 우먼즈 피케 폴로 원피스 [네이비],1004
4018731,레이스 리본 마이크로 미니 쇼츠 팬츠 스커트 [화이트],401
3977488,GIRLFRIEND SLEEVELESS MINI DRESS (WHITE),165
2551401,우먼즈 슬릿 미니 스코츠 [블랙],1006
2978106,우먼즈 카고 맥시 스커트 [라이트 베이지],816
3295891,None,236
1645762,우먼즈 데님 미디 스커트 [크림],956
1944554,우먼즈 데님 미니 스커트 [워시드 블랙],1014
2792603,우먼즈 맥시 스커트 [블랙],689
1931894,우먼즈 하이 웨이스트 슬릿 롱 스커트 [블랙],1005
2300718,우먼즈 데님 미디 스커트 [워시드 블랙],852
3051711,우먼즈 데님 맥시 스커트 [미디엄 인디고],825
3850173,[NF] 포멀 버튼 플리츠 미디 스커트 (GRAY)_F24QD871,266
3753558,튜튜 팬츠 스커트 크림,872
4018732,레이스 리본 마이크로 미니 쇼츠 팬츠 스커트 [블랙],285
3753562,튜튜 팬츠 스커트 블랙,533
1645760,우먼즈 데님 미디 스커트 [라이트 인디고],1009
3325011,나일론 스토퍼 벌룬 슬리브리스 롱 원피스[차콜],761
4135237,시어 라이트 슬리브리스 원피스_Pure White,193
2551406,우먼즈 플리츠 미니 스커트 [블랙],918
2551407,우먼즈 플리츠 미니 스커트 [그레이],877
3820464,어시메트릭 레이스 랩 스커트 [아이보리],333
2306207,Rancy Rain Mini Dress GREY,1013
2117256,우먼즈 하이 웨이스트 롱 스커트 [블랙],906
2448899,우먼즈 프론트 슬릿 데님 롱 스커트 [워시드 블랙],738
2978103,우먼즈 카고 미니 스커트 [베이지],410
2117249,우먼즈 베이식 미니 스커트 [블랙],1007
3051712,우먼즈 데님 맥시 스커트 [워시드 블랙],423
2978104,우먼즈 카고 미니 스커트 [블랙],450
3925079,맥시 스트링 슬리브리스 원피스_Black,212
3757209,우먼즈 카고 맥시 스커트 [라이트 그레이],401
3263886,side-line long denim skirt BLACK,432
3511194,None,273
3902122,셔링 롱 스커트 아이보리,238
2392491,우먼즈 슬릿 넥 폴로 원피스 [네이비],1000
3590873,베티붑 레이스 레이어드 프릴 미니 원피스_블랙,270
3135592,None,473
3933048,우먼즈 나일론 파라슈트 카고 드레스 [블랙],162
2551402,우먼즈 슬릿 미니 스코츠 [그레이],566
3225475,Pia onepiece - 3COL,466
2533425,None,749
3863284,우먼즈 소프트 저지 맥시 스커트 [블랙],207
1779568,IN PK OPS(IVORY),763
3144417,TULIP PANTS SKIRT(BLACK),243
2362073,우먼즈 데님 미니 스커트 [블랙],1009
2725422,우먼즈 데님 미니 스커트 [딥 인디고],564
2533486,WOMEN 쿨링 냉장고 마몽 주름 플레어 롱스커트 [WHITE] 롱치마 ver.,400
2792604,우먼즈 맥시 스커트 [미디엄 그레이],566
1944553,우먼즈 데님 미니 스커트 [라이트 인디고],1010
3231222,None,437
2448902,우먼즈 프론트 슬릿 데님 롱 스커트 [그레이],446
3393420,G CLASSIC MINI SKIRT (BLACK),254
2257612,우먼즈 플리츠 미디 스커트 [미디엄 그레이],297
3801258,None,213
2117257,우먼즈 하이 웨이스트 롱 스커트 [그레이],453
3425498,우먼즈 데님 맥시 스커트 [딥 인디고],283
2117254,우먼즈 플리츠 미디 스커트 [차콜 그레이],491
3972174,레이스 프릴 미디 스커트_Off White,180
3758436,우먼즈 헤비웨이트 CP 맥시 스커트 [다크 그레이],153
3774994,우먼즈 로 라이즈 데님 미니 스코츠 [라이트 인디고],181
2117253,우먼즈 플리츠 미디 스커트 [블랙],1003
3512402,None,162
3295890,RODEO TIERED RUFFLE SKIRT (WHITE),211
1455772,None,484
2978589,[쿨탠다드] 우먼즈 피케 폴로 원피스 [파스텔 블루],196
2978587,[쿨탠다드] 우먼즈 피케 폴로 원피스 [그린],191
2500573,세미 오버핏 롱 원피스 블랙,358
3379470,우먼즈 데님 미니 스커트 [그레이],225
2551409,우먼즈 플리츠 미니 스커트 [라이트 베이지],370
2245440,[쿨탠다드] 우먼즈 피케 폴로 원피스 [다크 그레이],330
3109155,Stacey pleats Skirt BLACK,211
3758458,우먼즈 나일론 파라슈트 스커트 [블랙],225
2864414,NICOLE PINTUCK LAYERED LONG SKIRT_BLACK,627
2978108,우먼즈 코튼 플리츠 미니 스커트 [블랙],192
2836289,PLEATS DENIM SKIRT GREY,1001
2593051,None,284
2978588,[쿨탠다드] 우먼즈 피케 폴로 원피스 [핑크],182
1659998,우먼즈 하이 웨이스트 펜슬 스커트 [블랙],541
3774993,우먼즈 로 라이즈 데님 미니 스코츠 [워시드 블랙],179
2245439,[쿨탠다드] 우먼즈 피케 폴로 원피스 [블루 그레이],238
1324169,우먼즈 플랫 테리 스웨트 롱 스커트 [블랙],1008
2714524,Punching Knit Dress BLACK,1008
3035265,론아스 7992 스판데님 다크인디고 롱스커트,236
2392492,우먼즈 슬릿 넥 폴로 원피스 [에그렛],496
2416846,플레어 코튼 미디 스커트 - 아이보리,429
