Product ID,Title,Review Count,Brand Name
1875663,[쿨탠다드] 우먼즈 피케 폴로 원피스 [블랙],1002,무신사 스탠다드 우먼
3977452,GIRLFRIEND SLEEVELESS MINI DRESS (BLACK),227,글로니
1875664,[쿨탠다드] 우먼즈 피케 폴로 원피스 [네이비],1004,무신사 스탠다드 우먼
4018731,레이스 리본 마이크로 미니 쇼츠 팬츠 스커트 [화이트],401,플레이스 스튜디오
3977488,GIRLFRIEND SLEEVELESS MINI DRESS (WHITE),165,글로니
2551401,우먼즈 슬릿 미니 스코츠 [블랙],1006,무신사 스탠다드 우먼
2978106,우먼즈 카고 맥시 스커트 [라이트 베이지],816,무신사 스탠다드 우먼
3295891,RODEO TIERED RUFFLE SKIRT (BABY BLUE),236,글로니
1645762,우먼즈 데님 미디 스커트 [크림],956,무신사 스탠다드 우먼
1944554,우먼즈 데님 미니 스커트 [워시드 블랙],1014,무신사 스탠다드 우먼
2792603,우먼즈 맥시 스커트 [블랙],689,무신사 스탠다드 우먼
1931894,우먼즈 하이 웨이스트 슬릿 롱 스커트 [블랙],1005,무신사 스탠다드 우먼
2300718,우먼즈 데님 미디 스커트 [워시드 블랙],852,무신사 스탠다드 우먼
3051711,우먼즈 데님 맥시 스커트 [미디엄 인디고],825,무신사 스탠다드 우먼
3850173,[NF] 포멀 버튼 플리츠 미디 스커트 (GRAY)_F24QD871,266,네스티팬시클럽
3753558,튜튜 팬츠 스커트 크림,872,러프넥
4018732,레이스 리본 마이크로 미니 쇼츠 팬츠 스커트 [블랙],285,플레이스 스튜디오
3753562,튜튜 팬츠 스커트 블랙,533,러프넥
1645760,우먼즈 데님 미디 스커트 [라이트 인디고],1009,무신사 스탠다드 우먼
3325011,나일론 스토퍼 벌룬 슬리브리스 롱 원피스[차콜],761,썸플레이스
4135237,시어 라이트 슬리브리스 원피스_Pure White,193,오로
2551406,우먼즈 플리츠 미니 스커트 [블랙],918,무신사 스탠다드 우먼
2551407,우먼즈 플리츠 미니 스커트 [그레이],877,무신사 스탠다드 우먼
3820464,어시메트릭 레이스 랩 스커트 [아이보리],333,밀로 우먼
2306207,Rancy Rain Mini Dress GREY,1013,어반드레스
2117256,우먼즈 하이 웨이스트 롱 스커트 [블랙],906,무신사 스탠다드 우먼
2448899,우먼즈 프론트 슬릿 데님 롱 스커트 [워시드 블랙],738,무신사 스탠다드 우먼
2978103,우먼즈 카고 미니 스커트 [베이지],410,무신사 스탠다드 우먼
2117249,우먼즈 베이식 미니 스커트 [블랙],1007,무신사 스탠다드 우먼
3051712,우먼즈 데님 맥시 스커트 [워시드 블랙],423,무신사 스탠다드 우먼
2978104,우먼즈 카고 미니 스커트 [블랙],450,무신사 스탠다드 우먼
3925079,맥시 스트링 슬리브리스 원피스_Black,212,오로
3757209,우먼즈 카고 맥시 스커트 [라이트 그레이],401,무신사 스탠다드 우먼
3263886,side-line long denim skirt BLACK,432,어반드레스
3511194,Greta Pocket Wrap Skirt CHARCOAL,273,어반드레스
3902122,셔링 롱 스커트 아이보리,238,벨로엘
2392491,우먼즈 슬릿 넥 폴로 원피스 [네이비],1000,무신사 스탠다드 우먼
3590873,베티붑 레이스 레이어드 프릴 미니 원피스_블랙,270,얼킨 캔버스
3135592,우먼즈 스퀘어 넥 져지 미니 드레스 [블랙],473,무신사 스탠다드 우먼
3933048,우먼즈 나일론 파라슈트 카고 드레스 [블랙],162,무신사 스탠다드 우먼
2551402,우먼즈 슬릿 미니 스코츠 [그레이],566,무신사 스탠다드 우먼
3225475,Pia onepiece - 3COL,466,어반드레스
2533425,WOMEN 쿨링 냉장고 세미 플레어 미디 롱치마 [블랙] 롱스커트 ver.,749,콜릿
3863284,우먼즈 소프트 저지 맥시 스커트 [블랙],207,무신사 스탠다드 우먼
1779568,IN PK OPS(IVORY),763,러브이즈트루
3144417,TULIP PANTS SKIRT(BLACK),243,어글리쉐도우
2362073,우먼즈 데님 미니 스커트 [블랙],1009,무신사 스탠다드 우먼
2725422,우먼즈 데님 미니 스커트 [딥 인디고],564,무신사 스탠다드 우먼
2533486,WOMEN 쿨링 냉장고 마몽 주름 플레어 롱스커트 [WHITE] 롱치마 ver.,400,콜릿
2792604,우먼즈 맥시 스커트 [미디엄 그레이],566,무신사 스탠다드 우먼
1944553,우먼즈 데님 미니 스커트 [라이트 인디고],1010,무신사 스탠다드 우먼
3231222,[캐리오버]허리 스모킹 나일론 원피스 AQ2WOM83,437,랩
2448902,우먼즈 프론트 슬릿 데님 롱 스커트 [그레이],446,무신사 스탠다드 우먼
3393420,G CLASSIC MINI SKIRT (BLACK),254,글로니
2257612,우먼즈 플리츠 미디 스커트 [미디엄 그레이],297,무신사 스탠다드 우먼
3801258,플리츠 데님 미디 스커트 - 블루,213,슈퍼서브
2117257,우먼즈 하이 웨이스트 롱 스커트 [그레이],453,무신사 스탠다드 우먼
3425498,우먼즈 데님 맥시 스커트 [딥 인디고],283,무신사 스탠다드 우먼
2117254,우먼즈 플리츠 미디 스커트 [차콜 그레이],491,무신사 스탠다드 우먼
3972174,레이스 프릴 미디 스커트_Off White,180,오로
3758436,우먼즈 헤비웨이트 CP 맥시 스커트 [다크 그레이],153,무신사 스탠다드 우먼
3774994,우먼즈 로 라이즈 데님 미니 스코츠 [라이트 인디고],181,무신사 스탠다드 우먼
2117253,우먼즈 플리츠 미디 스커트 [블랙],1003,무신사 스탠다드 우먼
3512402,프론트 슬릿 데님 롱 스커트 블랙,162,언노운 플라넷
3295890,RODEO TIERED RUFFLE SKIRT (WHITE),211,글로니
1455772,프릴 미니 드레스 (아이보리)_S,484,낫 유어 로즈
2978589,[쿨탠다드] 우먼즈 피케 폴로 원피스 [파스텔 블루],196,무신사 스탠다드 우먼
2978587,[쿨탠다드] 우먼즈 피케 폴로 원피스 [그린],191,무신사 스탠다드 우먼
2500573,세미 오버핏 롱 원피스 블랙,358,어썸스튜디오
3379470,우먼즈 데님 미니 스커트 [그레이],225,무신사 스탠다드 우먼
2551409,우먼즈 플리츠 미니 스커트 [라이트 베이지],370,무신사 스탠다드 우먼
2245440,[쿨탠다드] 우먼즈 피케 폴로 원피스 [다크 그레이],330,무신사 스탠다드 우먼
3109155,Stacey pleats Skirt BLACK,211,어반드레스
3758458,우먼즈 나일론 파라슈트 스커트 [블랙],225,무신사 스탠다드 우먼
2864414,NICOLE PINTUCK LAYERED LONG SKIRT_BLACK,627,닉앤니콜
2978108,우먼즈 코튼 플리츠 미니 스커트 [블랙],192,무신사 스탠다드 우먼
2836289,PLEATS DENIM SKIRT GREY,1001,어반드레스
2593051,"sleeveless stripe dress-(medium, long)",284,링서울
2978588,[쿨탠다드] 우먼즈 피케 폴로 원피스 [핑크],182,무신사 스탠다드 우먼
1659998,우먼즈 하이 웨이스트 펜슬 스커트 [블랙],541,무신사 스탠다드 우먼
3774993,우먼즈 로 라이즈 데님 미니 스코츠 [워시드 블랙],179,무신사 스탠다드 우먼
2245439,[쿨탠다드] 우먼즈 피케 폴로 원피스 [블루 그레이],238,무신사 스탠다드 우먼
1324169,우먼즈 플랫 테리 스웨트 롱 스커트 [블랙],1008,무신사 스탠다드 우먼
2714524,Punching Knit Dress BLACK,1008,어반드레스
3035265,론아스 7992 스판데님 다크인디고 롱스커트,236,맥우드건
2392492,우먼즈 슬릿 넥 폴로 원피스 [에그렛],496,무신사 스탠다드 우먼
2416846,플레어 코튼 미디 스커트 - 아이보리,429,로에일
