Review,Processed_Review,keyword_1,common_keywords_all,common_keywords_3_plus,Answer
예쁘고 질 좋아요 추천합니다! 무진장 세일때 잘 샀어요,예쁘고 질 좋아요 추천합니다 무진장 세일 때 잘 샀어요,"['세일', ' 질', ' 추천', ' 무진장']",,"무진장, 세일, 추천","질, 추천, 세일"
기본치마입니당 속옷색 주의하면 될거같아여요,기본 치마입니다 속옷 색 주의하면 될 거 같아 요요,"['색', ' 여요', ' 주의', ' 당', ' 속옷', ' 치마']", 속옷,"기본, 속옷, 요요, 주의, 치마","기본, 속옷, 주의"
너무 하얀색아니고 적당한 크림색이라 좋습니다,너무 하얀색 아니고 적당한 크림색이라 좋습니다,"['크림색', ' 하얀색']",,"아니다, 적당하다, 하얀색","적당하다, 크림색"
"매장에서 입어보고
무신사 스토어에서 바로 구매
배송받고 바로 입고
나갔어요
완죤 조아요",매장에서 입어보고 무신사 스토어에서 바로 구매 배송받고 바로 입고 나갔어요 완전 좋아요,"['입어보다', ' 완', ' 배송', ' 죤', ' 물다', ' 스토어', ' 매장']", 물다,"매장, 물다, 받다, 배송, 스토어, 입어보다",배송
크지도 않고 작지도 않고 딱 맞네요. 구김이 두드러지는건 흰색이라 어쩔 수 없는 것 같아요. 어디에나 잘 어울려서 자주 입을 것 같아요.,크지도 않고 작지도 않고 딱 맞네요 구김이 두드러지는 건 흰색이라 어쩔 수 없는 것 같아요 어디에나 잘 어울려서 자주 입을 것 같아요,"['어울림', ' 구김', ' 없다', ' 수', ' 맞다', ' 두드러지다', ' 크다', ' 흰색', ' 어쩔', ' 작다']", 구김,"구김, 두드러지다, 맞다, 어울리다, 어쩔, 없다, 에나, 크다, 흰색","맞다, 구김, 흰색, 어울리다"
사이즈 맞고 핏도 예쁘고 잘샀어요..원단도 탄탄하고 좋아요.,사이즈 맞고 핏도 예쁘고 잘 샀어요 원단도 탄탄하고 좋아요,"['원단', ' 핏', ' 사이즈']", 사이즈,"맞다, 사이즈, 원단, 탄탄하다, 핏","사이즈, 맞다, 핏, 원단, 탄탄하다"
"음...저는 약간 살짝 끼어요.
몸이 불편하진 않은데 보기에는 조금 불편할 수 있을 것 같아서 한 사이즈 더 크게 살 걸 그랬나 생각은 했습니다.
하지만, 색감도 예쁘구요, 신축성이 좀 있어서 편해요. 만족합니다.",음서는 약간 살짝 끼어요 몸이 불편하진 않은데 보기에는 조금 불편할 수 있을 것 같아서 한 사이즈 더 크게 살 걸 그랬나 생각은 했습니다 하지만 색감도 예쁘고요 신축성이 좀 있어서 편해요 만족합니다,"['불편하다', ' 끼다', ' 걸', ' 색감', ' 수', ' 크게', ' 신축성', ' 보기', ' 사이즈', ' 불편', ' 만족하다', ' 편하다', ' 살', ' 그렇다']", 보기,"그렇다, 끼다, 만족하다, 보기, 불편하다, 사이즈, 색감, 신축, 에는, 음서, 크게, 편하다","끼다, 사이즈, 색감, 신축성, 편하다, 만족하다"
"s사이즈는 허리가 작아서 m샀는데 좀 크네용.
여름엔 좀 춥고 봄,가을이 젤 좋을 것 같아요~",s사이즈는 허리가 작아서 m 샀는데 좀 크네요 여름엔 좀 춥고 봄가을이 젤 좋을 것 같아요,"['가을', ' 허리', ' 사이즈', ' 춥다', ' 여름', ' 봄', ' 크다']"," 크다,  허리,  사이즈","사이즈, 여름, 작다, 추다, 크다, 허리","사이즈, 허리, 봄, 가을"
"77반 88에게 타이트하게 맞아요ㅋㅋ 이쁘고 핏하고 시원하지만 계속 숨참고 있어야 한다는 게 단점..ㅎ_ㅎ입니다
그래도 잘 입고 다니고 있어요! 키는 163입니다",반에 타이트하게 맞아요 이쁘고 핏하고 시원하지만 계속 숨 참고 있어야 한다는 게 단점입니다 그래도 잘 입고 다니고 있어요 키는입니다,"['원피스', ' 컬러', ' 핏', ' 속치마', ' 허리라인']",,"단점, 맞다, 시원하다, 참고, 타이트","타이트, 핏하다, 시원하다, 키"
예뻐요 생각했던 핏입니다 이런 스타일 옷 찾고 있었는데 좋아요,예뻐요 생각했던 핏입니다 이런 스타일 옷 찾고 있었는데 좋아요,"['원피스', ' 여성스럽다', ' 허리', ' 만족스럽다소비', ' 라인', ' 어깨', ' 기장']",,"스타일, 이렇다, 찾다, 핏입니","핏, 스타일"
길이가 다른 원피스들에 비해 긴 편이에요. 엄마가 좋아하는 길이ㅋㅋ 그래도 허리 라인 잡혀있어서 예뻐요,길이가 다른 원피스들에 비해 긴 편이에요 엄마가 좋아하는 길이 그래도 허리 라인 잡혀있어서 예뻐요,"['사이즈', ' 기장', ' 핏']",,"길이, 라인, 비다, 엄마, 원피스, 잡히다, 좋아하다, 편이, 허리","길이, 허리, 라인"
여름 내 잘 입었어요 딱 맞게 입고싶어 xs할까 고민하다가 s구입한건데 어깨가 딱 맞더라구요.,여름 내 잘 입었어요 딱 맞게 입고 싶어 xs 할까 고민하다가 s 구입한 건데 어깨가 딱 맞더라고요,"['편하다', ' 벙벙', ' 재질', ' 핏']",,"건데, 고민, 맞다, 어깨","여름, 맞다, xs, s, 어깨"
편하고 좋아여 흰색도 살 예정이에여 라인도 잡아쥼!!,편하고 좋아요 흰색도 살 예정이에요 라인도 잡아쥼,"['말고', ' S사이즈', ' 딱이다', ' 고민', ' 오']",,"라인, 예정, 잡아쥼, 편하다, 흰색","편하다, 라인"
pk원피스는 처음인데 진짜 맘에들어요. 근데 좀 짧긴해요. 아랫배 부각도 있긴있어요. 그래도 이뻐요... 스트레이트 체형이라면 도전하십쇼!!,pk 원피스는 처음인데 진짜 맘에 들어요 근데 좀 짧긴 해요 아랫배 부각도 있긴 있어요 그래도 이뻐요 스트레이트 체형이라면 도전하십쇼,"['편하다', ' 핏']",,"도전, 라면, 부각, 처음","원피스, 짧다, 아랫배, 부각, 스트레이트, 체형"
얇아서 여름에 입기 시원 할 듯.. 허리가 잘록하게 들어 가 있어서 핏되는 게 예쁩니다,얇아서 여름에 입기 시원할 듯 허리가 잘록하게 들어가 있어서 핏되는 게 예쁩니다,"['S사이즈', ' 활동', ' 길이', ' M', ' 반바지']",,"들어가다, 시원하다, 얇다, 여름, 잘록하다, 핏되, 허리","얇다, 여름, 시원하다, 허리, 핏되다"
편하게 휘뚜루마뚜루 입고 다닐 수 있어 좋습니다 진짜 얇아서 시원해요,편하게 휘뚜루마뚜루 입고 다닐 수 있어 좋습니다 진짜 얇아서 시원해요,"['시원', ' 얇다', ' 굿', ' 몸매']",,"시원하다, 얇다, 편하다","편하다, 얇다, 시원하다"
162/52 하비인데 S사이즈 딱 좋아요. 핏 예뻐서 손이 자주 가요. 다만 얇아서 비치는감이 있어 속치마 꼭 입어줍니다.,하비인데 S사이즈 딱 좋아요 핏 예뻐서 손이 자주 가요 다만 얇아서 비치는 감이 있어 속치마 꼭 입어줍니다,"['시원', ' 선물', ' 여자친구']",,"가요, 비치다, 사이즈, 손, 얇다, 줍다, 치마, 하비","하비, 사이즈, 핏, 얇다, 비치다, 속치마"
"사이즈도 좋구요
재질이 부드럽네요
무게도 너무 가볍",사이즈도 좋고요 재질이 부드럽네요 무게도 너무 가법,"['부담', ' 허리', ' 치마', ' 사이즈', ' 라인', ' 널널', ' 기장']", 사이즈,"가법, 무게, 부드럽다, 사이즈, 재질","사이즈, 재질, 부드럽다, 무게, 가볍다"
너무 맘에 들어요! 배송도 빠르고 시원한 재질이에요,너무 맘에 들어요 배송도 빠르고 시원한 재질이에요,"['하체', ' 부', ' 허리', ' 부담스럽지', ' 라인', ' 비추다', ' 기장']",,"배송, 빠르다, 시원하다, 재질","배송, 빠르다, 시원하다, 재질"
"어느날 갑자기 신랑이 무신사에 대한 사랑이 생겨서 저도 한번 볼까나 하고 어플도 깔고 집근처에 가서 보기도 했는데 너무 좋더라구요.
너무 시원하고 바느질도 꼼꼼 진짜 이런 신세계가 있나 싶을정도에요. 그리고 스타일도 너무 좋아서 알림 신청 해놓고 괜찮은거있으면 바로 살거에요",어느 날 갑자기 신랑이 무신사에 대한 사랑이 생겨서 저도 한번 볼까나 하고 앱도 깔고 집 근처에 가서 보기도 했는데 너무 좋더라고요 너무 시원하고 바느질도 꼼꼼 진짜 이런 신세계가 있나 싶을 정도예요 그리고 스타일도 너무 좋아서 알림 신청 해놓고 괜찮은 거 있으면 바로 살 거예요,"['시원', ' 수선', ' 허리', ' 라인', ' 얆']",,"갑자기, 근처, 바느질, 보기, 생기다","시원하다, 바느질, 꼼꼼하다, 스타일"
너무길어서 살짝 잘랏더니 더 이뿌네요 엄청얇아서 좋긴한데 밝은데 가면 다리라인이 다 보일정돓 비치긴해요!! 저는 걍 청반바지 입고 입어요,너무 길어서 살짝 잘랐더니 더 이쁘네요 엄청 얇아서 좋긴 한데 밝은데 가면 다리라인이 다 보일정돓 비치긴 해요 저는 그냥 청 반바지 입고 입어요,"['가볍다', ' 여름', ' XL', ' 사이즈']",,"가면, 반바지, 밝다, 비치다, 얇다, 자르다","길다, 얇다, 비치다"
원단 너무 시원하구 핏도 좋아요 좀 긴 거 빼면 완전 만족스러움 ...,원단 너무 시원하고 핏도 좋아요 좀 긴 거 빼면 완전히 만족스러움,"['제품', ' 사서', ' 드디어']",,"만족스럽다, 빼다, 시원하다, 완전하다, 원단, 핏","원단, 시원하다, 핏, 길다, 만족스럽다"
"대만족스러운 카라티
얇고 소재도 찰랑해서 여름에 딱좋음
절대 안 들러붙는 재질
하나도안짧음 길고 넉넉하게나온편",대만족스러운 칼라티 얇고 소재도 찰랑해서 여름에 딱 좋음 절대 안 들러붙는 재질 하나도 안 짧음 길고 넉넉하게 나온 편,"['제품', ' 사서', ' 드디어']",,"길다, 나오다, 넉넉하다, 들러붙다, 소재, 재질, 절대, 찰랑하다","만족스럽다, 얇다, 소재, 찰랑하다, 여름, 안 들러붙다, 재질, 길다, 넉넉하다"
"일단 지금까지 사서 입었던 원피스 중에서 최고에요
평소 바지 L사이즈 입는 하비라서
M이랑 L 엄청 고민했는데  저랑 비슷하신분들은 엠 하셔도 충분하실겁니다! 키가 있어서 짧을 걱정했는데 길이도 딱 이쁘고 스판끼 입기도 편하네요😆😆
검정색도 바로 살거에욤 다들 고민하지말고 사세여~~",일단 지금까지 사서 입었던 원피스 중에서 최고예요 평소 바지 L 사이즈 입는 하비라서 M이랑 L 엄청 고민했는데 저랑 비슷하신 분들은 엠 하셔도 충분하실 겁니다 키가 있어서 짧을 걱정했는데 길이도 딱 이쁘고 스판기 입기도 편하네요 검은색도 바로 살 거에욤 다들 고민하지 말고 사세여,"['최고', ' 원피스', ' 사서', ' 하비라서', ' 평소', ' 지금', ' 이랑', ' 고민', ' 겁니다', ' 사이즈', ' 엠', ' 길이', ' 바지', ' 분', ' 짧다', ' 충분하다', ' 키', ' 걱정']",,"검은색, 겁니다, 고민, 바지, 분, 사서, 사이즈, 스판, 충분하다, 평소","원피스, 최고, 하비, 바지, 사이즈, 키, 스판, 길이, 편하다"
한사이즈 작은걸 살까 했지만 괜찮아요 편하고 흰색 재구매 합니당,한 사이즈 작은 걸 살까 했지만 괜찮아요 편하고 흰색 재구매 합니다,"['편하다', ' 재다', ' 흰색', ' 걸', ' 사이즈', ' 살다', ' 작다']"," 살다,  재다,  작다","사이즈, 살다, 작다, 재다, 편하다, 흰색","편하다, 흰색"
"여자친구 사줬는데 좋아해요.
다른 후기들처럼 아래가 좀 비쳐요.",여자친구 사줬는데 좋아해요 다른 후기들처럼 아래가 좀 비쳐요,"['좋아하다', ' 비치다', ' 사주다', ' 여자친구', ' 후기처럼', ' 아래']"," 비치다,  사주다","비치다, 사주다, 아래, 여자친구, 좋아하다, 처럼, 후기","여자친구, 비치다"
딱 기본적인 사이즈에 편안하게 입고 다닐 수 있어옹,딱 기본적인 사이즈에 편안하게 입고 다닐 수 있어 옹,"['본적', ' 사이즈', ' 옹', ' 수', ' 편안하다']",,"기본, 사이즈, 편안하다","기본, 사이즈, 편안하다"
기장도 재질도 넘 맘에들어요 매장에서 입어보고 넘 괜찮길래 구매했습니다 앱에서 구매하는게 더 저렴하네요 pk 원피스 기장 대개 짧은데 이건 부담스럽지않고 딱이뻐요,기장도 재질도 너무 맘에 들어요 매장에서 입어보고 너무 괜찮길래 구매했습니다 앱에서 구매하는 게 더 저렴하네요 pk 원피스 기장 대개 짧은데 이건 부담스럽지 않고 딱 이뻐요,"['저렴', ' 원피스', ' 앱', ' 재질', ' 부담스럽지', ' 매장', ' 짧다', ' 기장']",,"기장, 매장, 부담, 스럽지, 앱, 원피스, 입어보다, 재질, 짧다","기장, 재질, 앱, 저렴하다, 원피스"
재질도 너무 시원하고 핏도 너무 이쁘네요 다른 색상도 사고 싶어요,재질도 너무 시원하고 핏도 너무 이쁘네요 다른 색상도 사고 싶어요,"['시원', ' 재질', ' 색상', ' 핏']", 재질,"사고, 색상, 시원하다, 재질, 핏","재질, 시원하다, 핏, 색상"
여름 내내 잘 입고 다녔어요! 시원하고 라인도 들어가고 예뻐요~ 길이도 적당해서 잘 입고 다녔습니다! 최고에요,여름 내내 잘 입고 다녔어요 시원하고 라인도 들어가고 예뻐요 길이도 적당해서 잘 입고 다녔습니다 최고예요,"['최고에요', ' 자다', ' 여름', ' 적당하다', ' 길이', ' 라인', ' 시원하다', ' 들어가다']"," 라인,  들어가다,  길이","길이, 내내, 들어가다, 라인, 시원하다, 여름, 적당하다, 최고","여름, 시원하다, 라인, 길이, 적당하다, 최고"
제 키에 길이 딱 적당하고 허리라인 예뻐 보여서 좋아요,제 키에 길이 딱 적당하고 허리라인 예뻐 보여서 좋아요,"['라인', ' 키', ' 허리', ' 길이']", 길이,"길이, 라인, 적당하다, 키, 허리","키, 길이, 적당하다, 허리, 라인"
"뚠뚠인데 허리 라인 잡혀서 날씬해보여요 
얇아서 여름에 입기 딱 좋고 살짝 비치기는 하는데 속치마 입으려니 속치마가 더 길어서 못입었네요ㅋㅋㄱㄱ
속바지 입으시면 될것같아여",뚠뚠인데 허리 라인 잡혀서 날씬해 보여요 얇아서 여름에 입기 딱 좋고 살짝 비치기는 하는데 속치마 입으려니 속치마가 더 길어서 못 입었네요 속바지 입으시면 될 것 같아요,"['얇다', ' 속', ' 여름', ' 허리', ' 못', ' 치마', ' 날씬하다', ' 보이다', ' 비치', ' 라인', ' 속바지', ' 되다', ' 잡히다']"," 날씬하다,  잡히다","날씬하다, 라인, 보이다, 비치, 속바지, 여름, 잡히다, 치마, 허리","허리, 라인, 날씬해 보이다, 얇다, 여름, 비치다"
pk원피스는 처음인데 진짜 맘에들어요. 근데 좀 짧긴해요. 아랫배 부각도 있긴있어요. 그래도 이뻐요... 스트레이트 체형이라면 도전하십쇼!!,pk 원피스는 처음인데 진짜 맘에 들어요 근데 좀 짧긴 해요 아랫배 부각도 있긴 있어요 그래도 이뻐요 스트레이트 체형이라면 도전하십쇼,"['스트레이트', ' 체형', ' 쇼', ' 원피스', ' 처음', ' 근데', ' 짧다', ' 아랫배', ' 부각']", 부각,"근데, 도전, 부각, 쇼, 스트레이트, 원피스, 처음, 체형","원피스, 짧다, 아랫배, 부각, 스트레이트, 체형"
"진짜 날씬해보이고 좋아요!!!!
여름에 잘입을 것 같아요",진짜 날씬해 보이고 좋아요 여름에 잘 입을 것 같아요,"['자다', ' 여름', ' 날씬하다', ' 보이']",,"날씬하다, 보이, 여름","날씬해 보이다, 여름"
"길이가 짧은듯하지만 허리는 예쁘게 잘맞아요.
자주입겠어요.",길이가 짧은듯하지만 허리는 예쁘게 잘 맞아요 자주 입겠어요,"['허리', ' 길이']",,"길이, 맞다, 짧다, 허리","길이, 짧다, 허리, 맞다"
디자인은 예쁜데 허리가 너무 커요ㅠ 배송은 빨랐어요,디자인은 예쁜데 허리가 너무 커요 배송은 빨랐어요,"['체형', ' 골반', ' 사이즈', ' 치마', ' A라인']",,"디자인, 배송, 빠르다, 크다, 허리","디자인, 허리, 크다, 배송, 빠르다"
"여행 때문에 샀는데 핏이 진짜 예뻐요!! 색감도 화면이랑 똑같고 s 사서 너무 작진 않을까 걱정했는데 전혀 작지 않았습니다-! 저랑 키,몸무게 비슷하신 분들은 s 사세용",여행 때문에 샀는데 핏이 진짜 예뻐요 색감도 화면이랑 똑같고 s 사서 너무 작진 않을까 걱정했는데 전혀 작지 않았습니다 저랑 키 몸무게 비슷하신 분들은 s 사세요,"['사이즈', ' 매장']",,"걱정, 몸무게, 색감, 여행, 작다, 전혀, 화면","여행, 핏, 색감, s, 작지 않다"
데이트할 때 잘 입었습니다요 셔츠랑 입어도 예쁨,데이트할 때 잘 입었습니다 셔츠랑 입어도 예쁨,"['말리', ' 색감', ' 치마', ' 배송', ' 세탁']",,"데이트, 셔츠","데이트, 셔츠"
소재도 탄탄하고 합리적인 가격에 구매할 수 있어 좋습니다.,소재도 탄탄하고 합리적인 가격에 구매할 수 있어 좋습니다,"['어울리다', ' 나왓네', ' 자다', ' 진회색', ' 사진', ' 여기저기', ' 짧다', ' 밝다']",,"가격, 소재, 탄탄하다, 합리","소재, 탄탄하다, 합리적, 가격"
"맘에 들어요 기장도 너무 짧지않고 허리도 딱입니당 하나 아쉬운거는 엉덩이 밑에 부분이 좀 붕 떠요ㅠㅠ 아쉽,,",맘에 들어요 기장도 너무 짧지 않고 허리도 딱입니다 하나 아쉬운 거는 엉덩이 밑에 부분이 좀 붕 떠요 아쉽,"['셔츠', ' 데이트']",,"기장, 부분, 엉덩이, 짧다, 하나, 허리","기장, 짧지 않다, 엉덩이, 뜨다, 아쉽다"
168기준 허벅지 중간정도와서 활동할 때 전! 혀 불편함 없어요! 나아이스,기준 허벅지 중간 정도 와서 활동할 때 전 혀 불편함 없어요 나 아이스,"['코디', ' 데님', ' 블랙', ' 치마', ' 스탠다드']",,"기준, 불편하다, 아이스, 없다, 오다, 중간, 허벅지, 활동","활동, 불편함 없다"
원래 짧은 치마는 손도안대는데 치마 바지라 너무 편하고 예뻐요,원래 짧은 치마는 손도 안 대는데 치마바지라 너무 편하고 예뻐요,"['힙', ' 엉덩이', ' 퀄리티', ' 허리', ' 치마', ' 지퍼', ' 전체', ' 마감', ' 잠그다', ' 상품']",,"대다, 바지라, 손, 원래, 짧다, 치마, 편하다","짧다, 치마, 바지, 편하다"
"키가 작은편인데도 길이감도 좋고
핏이 넘 예뻐요",키가 작은 편인데도 길이감도 좋고 핏이 너무 예뻐요,"['편', ' 핏', ' 여리다']",,"길이감, 작다, 키, 펴다, 핏","길이감, 핏"
"S와M중 고민하다가
조금더 활동성 편하게 입고 싶어서
M으로 구매했습니다.
확실히 허리가 남고 넉넉해요
아주 딱 맞지는 않습니다.

지난주
무신사 스토어 주변을 들리게되어 방문하였다가
다른색 s를  입어봤더니 s는 또 너무 타이트해서
편하게 입길 원했던 저에게는 M이 맞구나 하였습니다.
(무신사 다른 카고스커트는 s가 딱 이쁘게 핏이 되었는데 이거는 s가 타이트했어요ㅠㅠ)

위에 편하게 스타일링 할 수 있어서 
요즘 너무 잘 입고 있습니다",S와 M 중 고민하다가 조금 더 활동성 편하게 입고 싶어서 M으로 구매했습니다 확실히 허리가 남고 넉넉해요 아주 딱 맞지는 않습니다 지난주 무신사 스토어 주변을 들리게 되어 방문하였다가 다른 색 s를 입어봤더니 s는 또 너무 타이트해서 편하게 입길 원했던 저에게는 M이 맞구나 하였습니다 무신사 다른 카고 스커트는 s가 딱 이쁘게 핏이 되었는데 이거는 s가 타이트했어요 위에 편하게 스타일링 할 수 있어서 요즘 너무 잘 입고 있습니다,"['신축성', ' 밥', ' 치마바지']",,"가다, 물다, 스토어, 타이트","활동성, 편하다, M, 허리, 넉넉하다, s, 타이트, 핏, 스타일링"
재질도 좋구 휘뚜루마뚜루 잘입고다니이 좋을거같아요,재질도 좋고 휘뚜루마뚜루 잘 입고 다니 이 좋을 거 같아요,['휘뚜루마뚜루'],,"재질, 휘뚜루마뚜루",재질
재질이 탄탄합니다! 바지가 함께 달린 스커트를 좋아하는데 핏도 예쁘고 좋아요,재질이 탄탄합니다 바지가 함께 달린 스커트를 좋아하는데 핏도 예쁘고 좋아요,"['트이다', ' 포인트', ' 적당하다', ' 짧다', ' 속바지']",,"달리다, 바지, 스커트, 재질, 좋아하다, 탄탄하다, 핏","재질, 탄탄하다, 바지, 스커트, 핏"
엄청 좋아요.. 착용감이 꽤나 좋습니다.. 진짜 편하고 매일 입고있어요..,엄청 좋아요 착용감이 꽤나 좋습니다 진짜 편하고 매일 입고 있어요,"['하체', ' 슬림', ' 재질', ' 하비', ' 기장']",,"꽤, 매일, 착용, 편하다","착용감, 편하다"
"색감이 좀 어두워서 아쉬워요~
일자핏이라 펑퍼짐해보이지않아서 좋네요.
요새 살이 쪘음에도 불구하고 허리는 넉넉해서 단추로 조절해야 더 이쁘네요.
마르신분들은 단추로 허리 줄여도 클거같네요.",색감이 좀 어두워서 아쉬워요 이자 핏이라 펑퍼짐해 보이지 않아서 좋네요 요새 살이 쪘음에도 불구하고 허리는 넉넉해서 단추로 조절해야 더 이쁘네요 마르신 분들은 단추로 허리 줄여도 클 거 같네요,"['퍼지다', ' 조절', ' 찌다', ' 단추', ' 줄이다', ' 색감', ' 펑', ' 어둡다', ' 일자핏', ' 보이지', ' 허리', ' 마르다', ' 쁘네', ' 살이', ' 분', ' 크다', ' 아쉽다', ' 불구']"," 보이지,  불구","단추, 마르다, 보이지, 불구, 살이, 색감, 아쉽다, 어둡다, 줄이다, 찌다, 허리","색감, 어둡다, 아쉽다, 일자핏, 허리, 넉넉하다"
"와 진짜 최고의 치마를 찾았아요
여름이라 엉땀때문에 걱정 많았는데 방수라 티안나고
스판 짱짱해서 너무 편해요
엉덩이가 좀 커서 엠으로 시켰는데 기장이니 허리가 매우 크더라구요… 다른 색상 에스로 살 의향 있습니다
강추~~",와 진짜 최고의 치마를 찾았아요 여름이라 어 땀 때문에 걱정 많았는데 방수라 티 안 나고 스판 짱짱해서 너무 편해요 엉덩이가 좀 커서 엠으로 시켰는데 기장이니 허리가 매우 크더라고요 다른 색상 에스로 살 의향 있습니다 강추,"['엠', ' 허리', ' 엉덩이', ' 커서', ' 크다', ' 엉', ' 기장']",,"강추, 걱정, 기장, 방수, 엉덩이, 여름, 최고, 커서, 허리","최고, 치마, 여름, 방수, 스판, 편하다, 크다, 엠, 기장, 허리, 에스, 강추"
얇고 예뻐서 색깔별로 다 샀는데 베이지가 좀 어두운 베이지네요 약간 그레이랑 비슷한 느낌? 오히려 어두워서 ㄷ좋음,얇고 예뻐서 색깔별로 다 샀는데 베이지가 좀 어두운 베이지네요 약간 그레이랑 비슷한 느낌 오히려 어두워서 좋음,"['어두움', ' 베이지', ' 얇다', ' 색깔', ' 그레이']", 얇다,"그레이, 두운, 베이지, 별로, 색깔, 얇다, 어둡다","얇다, 색깔, 어둡다, 베이지"
넘 이쁩니다~ 다른 색도 사고 싶네요 ! 가을까지 입을수 있어요,너무 이쁩니다 다른 색도 사고 싶네요 가을까지 입을 수 있어요,"['가을', ' 수', ' 색도', ' 니다', ' 사고']", 사고,"가을, 사고, 색도","색, 가을"
163에 58 m 사이즈 딱 맞는 몸이어서 m 주문했는데 허리가 큽니다. 단추를 당겨서 끼워도 조금 큽니다. 길이는 발목을 거의 덮는 정도입니다. 디자인이나 재질은 마음에 듭니다.,에 m 사이즈 딱 맞는 몸이어서 m 주문했는데 허리가 큽니다 단추를 당겨서 끼워도 조금 큽니다 길이는 발목을 거의 덮는 정도입니다 디자인이나 재질은 마음에 듭니다,"['발목', ' 사이즈', ' 맞다', ' 단추', ' 허리', ' 크다', ' 디자인', ' 길이', ' 재질']"," 크다,  길이","길이, 단추, 덮다, 디자인, 맞다, 발목, 사이즈, 주문, 크다, 허리","사이즈, 허리, 크다, 길이, 발목, 디자인, 재질"
키에비해 좀 길지만 그냥 입어도 괜찮아요 ㅎㅎ 여름에 교복될듯,키에 비해 좀 길지만 그냥 입어도 괜찮아요 여름에 교복 될 듯,"['여름', ' 키', ' 교복', ' 길다']", 교복,"교복, 그냥, 비다, 여름, 키","길다, 여름, 교복"
"집사람 사줬는데 맘에들어해서 다행입니다
165기준으로 길긴하네요",집사람 사줬는데 맘에 들어 해서 다행입니다 기준으로 길긴 하네요,"['집사람', ' 사주다', ' 길다', ' 기준', ' 다행', ' 들어서다']"," 사주다,  기준","기준, 길다, 다행, 사주다, 집사람",길다
배송도 빨랐고 갖고 싶었는데 이정도 금액을 주고 살 가치가 있나 싶어서 고민하다 색감이랑 핏 보고 구입했고 결론적으로는 너무 잘산것같아요 예쁩니다 여름에 시원하게 착용 가능할 것 같아요,배송도 빨랐고 갖고 싶었는데 이 정도 금액을 주고 살 가치가 있나 싶어서 고민하다 색감이랑 핏 보고 구입했고 결론적으로는 너무 잘 산 것 같아요 예쁩니다 여름에 시원하게 착용 가능할 것 같아요,"['핏', ' 시원하다', ' 색감', ' 주다', ' 가능하다', ' 가치', ' 배송', ' 여름', ' 착용', ' 갖다', ' 금액', ' 살', ' 빠르다']"," 가치,  착용","가능하다, 가치, 갖다, 결론, 고민, 금액, 배송, 빠르다, 색감, 시원하다, 여름, 으로는, 주다, 착용","배송, 빠르다, 금액, 가치, 색감, 핏, 여름, 시원하다"
배송 빨리 와서 좋았어요! 옷은 흉곽 부분이 많이 작게 나왔고 길이가 짧아서 좀 신경 쓰이긴 합니다 그래도 예뻐요,배송 빨리 와서 좋았어요 옷은 흉곽 부분이 많이 작게 나왔고 길이가 짧아서 좀 신경 쓰이긴 합니다 그래도 예뻐요,"['쓰이다', ' 많이', ' 오다', ' 나오다', ' 부분', ' 신경', ' 빨리', ' 길이', ' 배송', ' 흉곽', ' 짧다', ' 작다']", 흉곽,"길이, 나오다, 배송, 부분, 빨리, 신경, 쓰이다, 오다, 작다, 짧다, 흉곽","배송, 빨리, 흉곽, 작다, 길이, 짧다"
소재도 부드럽고 시원해서 좋아요! 비침 없는 탄탄한 면인데도 시원한 게 신기하네요! 조금 짧은 느낌은 있지만 키 164인 제가 단독으로 입기에 무리 없는 길이였습니다!,소재도 부드럽고 시원해서 좋아요 비침 없는 탄탄한 면인데도 시원한 게 신기하네요 조금 짧은 느낌은 있지만 키인 제가 단독으로 입기에 무리 없는 길이였습니다,"['없다', ' 키', ' 무리', ' 비침', ' 소재', ' 부드럽다', ' 신기하다', ' 길이', ' 시원하다', ' 단독']"," 신기하다,  부드럽다","길이, 단독, 무리, 부드럽다, 비침, 소재, 시원하다, 신기하다, 키","소재, 부드럽다, 시원하다, 비침 없다, 탄탄하다, 면, 짧다, 키, 단독, 길이"
"두겹이라 비치지도 않고
완전 탄탄합니다
올해 원피스중 제일 이쁜듯요
너무 맘에 들어서 세칼라 구매했습니다🥰",두 겹이라 비치지도 않고 정말 탄탄합니다 올해 원피스 중 제일 이쁜 듯요 너무 맘에 들어서 세 칼라 구매했습니다,"['세칼라', ' 원피스', ' 들어서다', ' 겹']",,"겹, 들어서다, 비치다, 올해, 원피스, 칼라, 탄탄하다","비치지 않다, 탄탄하다, 원피스"
핏 진짜 너무 예뻐요 완전 인생 원피스예요!! 사진찍으면 밝아서 넘 예쁘게나와요,핏 진짜 너무 예뻐요 완전 인생 원피스예요 사진 찍으면 밝아서 너무 예쁘게 나와요,"['찍다', ' 나오다', ' 핏', ' 인생', ' 밝다', ' 원피스', ' 사진']"," 원피스,  사진","나오다, 밝다, 사진, 원피스, 인생, 찍다","핏, 인생, 원피스, 밝다"
생각보다 펄럭거려서 좀 유치하긴 하지만 마음에 들어요,생각보다 펄럭거려서 좀 유치하긴 하지만 마음에 들어요,"['펄럭거리다', ' 유치하다']",,"유치하다, 펄럭거리다","펄럭거리다, 유치하다"
음 살이 좀 더 찌면 허리가 조여져서 힘들것 같긴 합니다만 뭐 뺄 수 있겠죠,음 살이 좀 더 찌면 허리가 조여져서 힘들 것 같긴 합니다만 뭐 뺄 수 있겠죠,"['조이다', ' 힘들다', ' 수', ' 찌', ' 허리', ' 살', ' 빼다']",,"빼다, 살이, 조이다, 찌, 허리, 힘들다","허리, 조이다"
은은하게 들어가있는 워싱도 마음에들고 흐물흐물거리지 않는 소재의 재질이라 좋아요,은은하게 들어가 있는 워싱도 마음에 들고 흐물흐물 거리지 않는 소재의 재질이라 좋아요,"['소재', ' 재질', ' 워싱']"," 워싱,  재질","거리, 들어가다, 소재, 워싱, 은은하다, 재질, 흐물흐물","워싱, 소재, 재질"
여기 반팔티 진짜 맘에 드네요! 다른 색도 구매하려구요!! ,여기 반팔 티 진짜 맘에 드네요 다른 색도 구매하려고요,['색'],,"색도, 팔","반팔, 티, 색"
워싱티셔츠 자체를 처음 사서 입어봤는데 편하게 입기 좋고 어디든 잘 어울려요!,워싱 티셔츠 자체를 처음 사서 입어봤는데 편하게 입기 좋고 어디든 잘 어울려요,"['편하다', ' 어울리다']", 어울리다,"어울리다, 워싱, 자체, 처음, 티셔츠, 편하다","워싱, 티셔츠, 편하다, 어울리다"
색감 너무 예쁘고 두꼐도 적당해서 자주 손이가는 제품입니다,색감 너무 예쁘고 두께도 적당해서 자주 손이 가는 제품입니다,"['두다', ' 색감', ' 손간다']",,"가다, 두께, 색감, 손, 적당하다, 제품","색감, 두께, 적당하다"
천이 워싱이 잘되어 있어서 십년입어도 멀쩡할거같아요,천이 워싱이 잘되어 있어서 십 년 입어도 멀쩡할 거 같아요,"['천', ' 십년', ' 워싱']",,"되어다, 멀쩡하다, 워싱, 천이","워싱, 멀쩡하다"
여름에 막 입기 좋은 그런 옷입니다. 웬만한 모든 바지와 잘 어울리고 사이즈도 오버한게 좋아요,여름에 막 입기 좋은 그런 옷입니다 웬만한 모든 바지와 잘 어울리고 사이즈도 오버한 게 좋아요,"['여름', ' 사이즈', ' 바지']", 사이즈,"그렇다, 모든, 바지, 사이즈, 어울리다, 여름, 오버","여름, 바지, 어울리다, 사이즈, 오버"
살짝 두껍긴한데 짱짱하고 좋아요 한여름빼고는 잘 입을거 같아요!,살짝 두껍긴 한데 짱짱하고 좋아요 한여름 빼고는 잘 입을 거 같아요,"['한여름', ' 짱짱', ' 두껍다']", 두껍다,"두껍다, 빼다, 짱짱하다, 한여름","두껍다, 짱짱하다"
싼가격에 스타일리시한 제품 잘샀습니다 자주 입을거같아요 ,싼 가격에 스타일리시한 제품 잘 샀습니다 자주 입을 거 같아요,"['제품', ' 싸다가격', ' 스타일리시', ' 주입']",,"가격, 스타일리시, 제품","싸다, 가격, 스타일리시"
원단이 좀 두꺼유ㅓ서 더울수있는데 튼툰해보입니다. 봉제 마감 퀄리티 완벽합니다 소버먼트 최고!,원단이 좀 두거 유서 더울 수 있는데 튼툰해보입니다 봉제 마감 퀄리티 완벽합니다 소버 먼트 최고,"['원단', ' 퀄리티', ' 소버먼트', ' 틀다틀다', ' 두껍다', ' 봉제']"," 봉제,  퀄리티","덥다, 마감, 먼트, 보이다, 봉제, 완벽하다, 원단, 퀄리티, 튼툰","원단, 두껍다, 덥다, 튼튼하다, 마감, 퀄리티, 완벽하다"
S사이즈 주문했는데 오버핏 사이즈 딱이고 빈티지색 이쁘고 좋아요 편하게 입기 좋아요,S사이즈 주문했는데 오버핏 사이즈 딱이고 빈티지 색 이쁘고 좋아요 편하게 입기 좋아요,"['편하다', ' 빈티지색', ' 오버핏', ' S사이즈']", 오버핏,"딱이다, 빈티, 사이즈, 오버핏, 주문, 편하다","사이즈, 오버핏, 빈티지, 편하다"
원단이 상당히 부드럽고 전체적으로 핏도 너무 좋습니다,원단이 상당히 부드럽고 전체적으로 핏도 너무 좋습니다,"['원단', ' 부드럽다', ' 핏']",,"부드럽다, 상당하다, 원단, 전체, 핏","원단, 부드럽다, 핏"
"저는 15일 걸렸는데, 최근 좋은 가격때의 배송이슈 치고는 빨리 받은것 같네요:) 안전배송에 감사드리고 제품 상태도 좋은 편이였어요 정사이즈에 가깝고 간절기 레이어드하기 좋은 아이템이라 만족합니다~✨️",저는 일 걸렸는데 최근 좋은 가격 때의 배송 이슈 치고는 빨리 받은 것 같네요 안전배송에 감사드리고 제품 상태도 좋은 편이였어요 정 사이즈에 가깝고 간절기 레이어드하기 좋은 아이템이라 만족합니다,"['안전배송', ' 간절기', ' 15일', ' 배송', ' 정사이즈']",,"간절기, 감사, 레이어드, 배송, 아이템, 이슈, 펴다","가격, 배송, 빨리, 정사이즈, 간절기, 레이어드"
편안하고 옷핏이 좋아요 가성비로 잘 산 것 같아요!,편안하고 옷 핏대 좋아요 가성비로 잘 산 것 같아요,"['편안', ' 옷핏', ' 가성비']",,"가성비, 편안하다, 핏대","편안하다, 핏, 가성비"
깔끔한 디자인에 퀄리티도 좋아 만족스럽습니다,깔끔한 디자인에 퀄리티도 좋아 만족스럽습니다,"['퀄리티', ' 만족스럽다', ' 깔끔하다', ' 디자인']", 디자인,"깔끔하다, 디자인, 만족스럽다, 퀄리티","깔끔하다, 디자인, 퀄리티, 만족스럽다"
이뻐요 되게 오버핏입니다 다만 지퍼가 너무 불편해요 ㅠ 그리고 모자 각이 조금 안 살긴 하는데 그래도 이쁩ㄴ다ㅕ,이뻐요 되게 오버핏입니다 다만 지퍼가 너무 불편해요 그리고 모자 각이 조금 안 살긴 하는데 그래도 이쁩니다,"['지퍼', ' 오버핏', ' 모자']",,"되게, 모자, 불편하다, 오버핏, 지퍼","오버핏, 지퍼, 불편하다, 모자, 각"
색상이랑 예쁜데 옷 자체가 약간 무게감이 느껴지네요,색상이랑 예쁜데 옷 자체가 약간 무게감이 느껴지네요,"['무게', ' 색상']",,"느껴지다, 무게, 색상, 자체","색상, 무게감"
지퍼 디테일도 너무 이쁘고 피그먼트가 과하지 않아 무난한 빈티지 느낌으오 입을 수 있을 것 같습니다! 다만 좀 무거운 느낌이 있어요,지퍼 디테일도 너무 이쁘고 피그먼트가 과하지 않아 무난한 빈티지 느낌의 오 입을 수 있을 것 같습니다 다만 좀 무거운 느낌이 있어요,"['빈티지', ' 피그먼트', ' 지퍼', ' 디테일', ' 무겁다']", 지퍼,"디테, 무겁다, 무난, 빈티, 지퍼, 피그먼트","지퍼, 디테일, 피그먼트, 무난, 빈티지, 무겁다"
색감과 디자인이 이쁘고 짚업이라 유용합니다. 가격 착하고 세탁후 그대로 유지되고 배송 빨라요. 옷이 조그 무겁지만 만족합니다.,색감과 디자인이 이쁘고 집업이라 유용합니다 가격 착하고 세탁 후 그대로 유지되고 배송 빨라요 옷이 조그 무겁지만 만족합니다,"['세미오버핏', ' 체격', ' 후뚜루마뚜루']",,"디자인, 만족하다, 무겁다, 배송, 색감, 유용하다, 집업, 착하다","색감, 디자인, 집업, 유용하다, 가격, 유지, 배송, 빠르다, 무겁다, 만족하다"
지퍼가 레전드레전드이긴한데 다른건 다 이쁩니다,지퍼가 레전드 레전드이긴 한데 다른 건 다 이쁩니다,"['디자인', ' 모자', ' 차콜색', ' 2지퍼', ' 구게']",,"레전드, 이기다, 지퍼","지퍼, 레전드"
핏도 이쁘고 색감도 괜찮아요 옷은 생각보다 무겁네요,핏도 이쁘고 색감도 괜찮아요 옷은 생각보다 무겁네요,['사이즈넉넉하다'],,"무겁다, 색감, 핏","핏, 색감, 무겁다"
적당한 두께감에 적당한 오버핏이라 데일리하게 입기 너무 좋아요!!,적당한 두께감에 적당한 온 버핏이라 데일리 하게 입기 너무 좋아요,"['원단', ' 코디', ' 도톰', ' 빈티지', ' 스타일']",,"데일리, 두께감, 버핏, 적당하다","적당하다, 두께감, 오버핏, 데일리"
기본적으로 하나씩은 가지고 있어야할 아이템~ 어디에나 무난하게  어울려서 좋와요 색이 빠질수록 더 좋음 번창하세요,기본적으로 하나씩은 가지고 있어야 할 아이템 어디에나 무난하게 어울려서 좋아요 색이 빠질수록 더 좋음 번창하세요,"['나이스', ' 여름', ' 겨울', ' 사버리다']",,"가지, 기본, 무난, 번창, 빠지다, 아이템, 어울리다, 하나","기본, 아이템, 무난, 어울리다"
오버핏에 멋스러운 스타일이에요. 약간 빈티지한 색감도 좋아요. 스타일도 멋스러워요,온 버핏에 멋스러운 스타일이에요 약간 빈티지한 색감도 좋아요 스타일도 멋스러워요,"['워싱정', ' 데일리']",,"멋, 버핏, 빈티, 색감, 스러운, 스럽다, 스타일","오버핏, 스타일, 빈티지, 색감"
"178/58

멸치에게 L사이즈 사면 혹여나 너무 크지 않을까? 조금 걱정했지만 허리도 딱 맞도 버뮤다팬츠로써 딱 예쁜 핏 나와서 너무 마음에 들어요

키가 저랑 비슷하다면 사이즈 L로 가시길 추천 합니다.",멸치에게 L 사이즈 사면 혹여나 너무 크지 않을까 조금 걱정했지만 허리도 딱 맞도 버뮤다팬츠로써 딱 예쁜 핏 나와서 너무 마음에 들어요 키가 저랑 비슷하다면 사이즈 L로 가시길 추천합니다,"['여기저기', ' 봄여름가을', ' 핏']",,"갈다, 걱정, 나오다, 맞다, 멸치, 사이즈, 추천, 허리","멸치, 사이즈, 허리, 맞다, 버뮤다, 팬츠, 핏, L"
바다에 빠지는 바람에 모양새가 이쁘진않지만 기장이 적당히 길어서 핏이 너무 예뻐요 처음에 배송왔을때는 잘산건가 싶었는ㄷㅔ 입고보니까 너무 좋아서 교복마냥 입고 있습니다 굿,바다에 빠지는 바람에 모양새가 이쁘진 않지만 기장이 적당히 길어서 핏이 너무 예뻐요 처음에 배송 왔을 때는 잘 산 건가 싶은 입고 보니까 너무 좋아서 교복처럼 입고 있습니다 굿,"['스타일', ' 반바지']",,"건가, 교복, 바다, 바람, 배송, 처럼, 처음","기장, 길다, 핏, 교복"
"여름에 더워서 청바지나 데님팬츠 같은 긴바지를 못 입어서 걱정 했는데 딱 이바지를 발견해서 바로 주문 했는데 4일안에 오더라고요. 입었는데 진짜 여름 인생바지 감탄 나온만큼 핏도 이쁘고 사이즈도 적당합니다.결론부터 말하자면 그냥 최고입니다. 제 반바지중에 top1에 드만큼 정물 최고입니다.두깨감은 다른 반바지에 비해 좀 두꺼운편이지만 덥다는 느낌 전혀 안들어요. 가끔 이바지 입고 축구나 농구도 하러 다닙니다. 제가 허박지가 좀 두꺼워서 다른 반바지를 입으면 좀 다리가 통통해 보이는데 이바지는 오버핏으러 나와서 이점을 해결해줘서 너무 좋습니다. 진짜 길이 완벽,통 완벽,디자인도 무난해서 어느 코디든 다 잘 어울립니다.재질이 좋아서 세탁 많이 해도 늘어나지 않고 처음 배송 온것처럼 똑같습니다.진짜 여름 인생 반바지네요.",여름에 더워서 청바지나 데님 팬츠 같은 긴 바지를 못 입어서 걱정했는데 딱 이바지를 발견해서 바로 주문했는데 일안에 오더라고요 입었는데 진짜 여름 인생 바지 감탄 나온 만큼 핏도 이쁘고 사이즈도 적당합니다 결론부터 말하자면 그냥 최고입니다 제 반바지 중에 top에 그만큼 정물 최고입니다두깨감은 다른 반바지에 비해 좀 두꺼운 편이지만 덥다는 느낌 전혀 안 들어요 가끔 이바지 입고 축구나 농구도 하러 다닙니다 제가 호박지가 좀 두꺼워서 다른 반바지를 입으면 좀 다리가 통통해 보이는데 이바지는 오버핏으러 나와서 이점을 해결해 줘서 너무 좋습니다 진짜 길이 완벽 통 완벽 디자인도 무난해서 어느 코디든 다 잘 어울립니다 재질이 좋아서 세탁 많이 해도 늘어나지 않고 처음 배송 온 것처럼 똑같습니다 진짜 여름 인생 반바지네요,"['보들보들', ' 밴딩', ' 허리', ' 귀엽다']",,"덥다, 반바지, 이바지, 인생","여름, 바지, 핏, 사이즈, 최고, 적당하다, 두께감, 두껍다, 오버핏, 길이, 통, 디자인, 무난하다, 어울리다, 재질, 세탁, 인생, 반바지, 배송"
키 작고 다리가 굵어서 안 어울려요!! 근데 바지는 이쁨,키 작고 다리가 굵어서 안 어울려요 근데 바지는 이쁨,"['원한', ' 친구', ' 바지', ' 반바지']", 바지,"굵다, 다리, 바지, 어울리다, 작고","키, 작다, 다리, 굵다, 바지"
좋습니다 핏도 이쁘고 맘에들어요 추천합니당.!! 좋아요오오,좋습니다 핏도 이쁘고 맘에 들어요 추천합니다 좋아요 오 오,"['편', ' 데일리', ' 핏']",,"추천, 핏","핏, 추천"
생각보다 두툼한데 오히려 좋아요!! 기장도 적당하고 잘입고 다닐거 같아용,생각보다 두툼한데 오히려 좋아요 기장도 적당하고 잘 입고 다닐 거 같아요,"['사이즈', ' 고민', ' 사세용', ' 귀엽다']",,"기장, 두툼, 적당하다","두툼하다, 기장, 적당하다"
사이즈도 잘 맞고 반바지라 시원하고 활동성 좋고 편해요 교복처럼 입고 있어요,사이즈도 잘 맞고 반바지라 시원하고 활동성 좋고 편해요 교복처럼 입고 있어요,"['s', ' 덮다', ' 무릎', ' m', ' 기장']",,"교복, 맞다, 반바지, 사이즈, 시원하다, 처럼, 편하다, 활동","사이즈, 맞다, 반바지, 시원하다, 활동성, 편하다, 교복"
재질도 괜찮고 여름에 편하게 잘 입을 거 같아요 기본템으로 조아효,재질도 괜찮고 여름에 편하게 잘 입을 거 같아요 기본 템으로 좋아요,"['편하다', ' 허리', ' 무릎', ' 길이감', ' 통']",,"기본, 여름, 재질, 편하다","재질, 여름, 편하다, 기본"
이런 스타일의 바지를 입어보고 싶어서 구매 했는데 너무 마음에 들었고요 약간 두꺼운 느낌이 있어서 한여름에는 입기에 더울것 같아요 몇번 빨았는데도 보풀이 안일어나는걸 보니 재질이 좋은것 같아요 근데 약간 무개감이 있어요 위에 상의를 오버핏으로 입으면 귀엽더라구요 특히 후드티를 입으면 짱이쁨니다,이런 스타일의 바지를 입어보고 싶어서 구매했는데 너무 마음에 들었고요 약간 두꺼운 느낌이 있어서 한여름에는 입기에 더울 것 같아요 몇 번 빨았는데도 보풀이 안 일어나는 걸 보니 재질이 좋은 것 같아요 근데 약간 무게감이 있어요 위에 상의를 온 버핏으로 입으면 귀엽더라고요 특히 후드티를 입으면 짱 이쁩니다,"['티', ' 오버핏', ' 바지', ' 핏']",,"무게, 바지, 보풀, 상의, 이렇다, 일어나다","스타일, 바지, 두껍다, 덥다, 재질, 무게"
"요즘같은 날씨, 더위때문에 편하지만 포인트를 줄 수 있는 코디로 연출해봤습니다. 번외코디로 오버핏 반팔과 긴 발목양말을 같이 신으면 농구선수같은 느낌으로 귀엽게 입을 수도 있어요!",요즘 같은 날씨 더위 때문에 편하지만 포인트를 줄 수 있는 코디로 연출해 봤습니다 번외 코디로 오버핏 반팔과 긴 발목 양말을 같이 신으면 농구선수 같은 느낌으로 귀엽게 입을 수도 있어요,"['기대하다', ' 아쉽다', ' 굳이', ' 짱짱']",,"선수, 신다, 팔, 편하다, 포인트","날씨, 더위, 편하다, 포인트, 코디, 귀엽다"
"편해보이고 품질도 좋아보입니다!
사알짝 두꺼운것같긴하지만 괜찮은 정도인 것 같습니다.",편해 보이고 품질도 좋아 보입니다 살짝 두꺼운 것 같긴 하지만 괜찮은 정도인 것 같습니다,"['금쪽', ' 선물', ' 좋아하다']",,"두껍다, 보이, 보이다, 편하다, 품질","편하다, 품질, 두껍다"
여름에 입기 좋아여! 안에 매쉬가 있어 땀도 잘 마를듯,여름에 입기 좋아요 안에 매시가 있어 땀도 잘 마를 듯,"['재질', ' 여름', ' 친구', ' 바지']",,"땀, 마르다, 매다, 여름","여름, 매쉬"
너무 이뻐요 제가 생각하던 핏이에요! 여름에 많이 입을듯요 ㅎㅎ,너무 이뻐요 제가 생각하던 핏이에요 여름에 많이 입을 듯요,"['마르다멸치', ' 반바지', ' 버뮤다팬츠']",,"여름, 핏","핏, 여름"
저는 목쪽이 살짝 붕 뜨네요.. 왜이러지.. 이 부분은 아쉽지만 이뻐요,저는 목 쪽이 살짝 붕 뜨네요 왜 이러지 이 부분은 아쉽지만 이뻐요,"['목', ' 아쉽다', ' 붕뜨', ' 부분']", 부분,"부분, 아쉽다, 이르다, 쪽","목, 뜨다, 아쉽다"
프린팅에 매혹되어 그냥 바로 구매하게 되었습니다. 티의 두께는 얇은편이지만 비침이 없구 부드러운 소재입니다. 목의 시보리가 살짝 약해보이고 실제로 빨았을때 조금 늘어나는 부분이 있었습니다. 하지만 프린팅이 정말 예쁘고 여자친구가 탐내하는 티입니다. 강추 개추 드리겠습니다.,프린팅에 매혹되어 그냥 바로 구매하게 되었습니다 티의 두께는 얇은 편이지만 비침이 없고 부드러운 소재입니다 목의 시보리가 살짝 약해 보이고 실제로 빨았을 때 조금 늘어나는 부분이 있었습니다 하지만 프린팅이 정말 예쁘고 여자친구가 탐내하는 티입니다 강추 개추 드리겠습니다,"['시보리', ' 소재', ' 강추', ' 개추', ' 목', ' 티', ' 프린팅', ' 비치', ' 늘어나다']"," 강추,  소재","강추, 개추, 목, 부드럽다, 소재, 티, 편이, 프린팅","프린팅, 두께, 얇다, 비침이 없다, 부드럽다, 소재, 시보리, 늘어나다, 티, 강추"
166 여성인데 s 주문해도 살짝 커요. 그래도 오버핏으로 생각하고 입으려구용! 너무 예쁘걸랑요,여성인데 s 주문해도 살짝 커요 그래도 온 버핏으로 생각하고 입으려구요 너무 예쁘걸랑요,"['오버핏', ' s', ' 여성']",,"구, 버핏, 여성, 주문, 크다","s, 여성, 크다, 오버핏"
평범한 면티지만 이쁩니다~ 맘에 쏙 듭니다. 잘 입겠습니다^^,평범한 면 티지만 이쁩니다 맘에 쏙 듭니다 잘 입겠습니다,"['자다', ' 쏙', ' 평범하다', ' 면티', ' 듭니']",,평범하다,"평범하다, 면, 티"
옷 질이 좋고 프린팅이 이뻐서 만족 합니다 가격도 나름 싸고 좋은 거 같아요,옷 질이 좋고 프린팅이 이뻐서 만족합니다 가격도 나름 싸고 좋은 거 같아요,"['가격', ' 프린팅', ' 질', ' 싸움']", 프린팅,"가격, 나름, 만족하다, 싸다, 질, 프린팅","질, 프린팅, 만족하다, 가격, 싸다"
메종미네드 정말 좋아하는데 프린팅 너무 예쁘게 나와서 좋네요 강추합니다,메종미네드 정말 좋아하는데 프린팅 너무 예쁘게 나와서 좋네요 강추합니다,"['프린팅', ' 메종미네드']",,"강추, 나오다, 메종, 미네, 좋아하다, 프린팅","프린팅, 강추"
제품이 마음에 들어요 색상과 디자인도 마음에 듭니다. 사업 번창 하세요,제품이 마음에 들어요 색상과 디자인도 마음에 듭니다 사업 번창하세요,"['사업', ' 색상', ' 디자인']"," 색상,  디자인","디자인, 번창, 사업, 색상, 제품","색상, 디자인"
옷 대박 예뻐요 적당히 꾸민 느낌이라 손 자주가는 티 중에 하나~,옷 대박 예뻐요 적당히 꾸민 느낌이라 손 자주 가는 티 중에 하나,"['하나', ' 적당하다', ' 중', ' 손', ' 티', ' 꾸미다', ' 가다', ' 대박']"," 꾸미다,  가다","가다, 꾸미다, 대박, 적당하다, 중, 하나","적당하다, 꾸미다, 티"
버뮤다랑 데님에 입기 좋습니다!! 로고가 너무 예뻐서 계속 입고 싶어요!!,버뮤다랑 데님에 입기 좋습니다 로고가 너무 예뻐서 계속 입고 싶어요,"['로고', ' 데님', ' 버뮤다']",,"계속, 데님, 로고, 버뮤다","버뮤다, 데님, 로고"
너무 많이 입고다녀서 그냥 잠옷으로 입고있습니다 홈플러스만 가도 두 명씩은 마주침,너무 많이 입고 다녀서 그냥 잠옷으로 입고 있습니다 홈플러스만 가도 두 명씩은 마주침,"['홈플러스', ' 잠옷']",,"가도, 그냥, 마주치다, 명, 잠옷, 홈플러스",잠옷
이뻐요 그냥 사세요 로고가 포인트주기 참 좋습니다,이뻐요 그냥 사세요 로고가 포인트 주기 참 좋습니다,"['로고', ' 포인트']",,"그냥, 로고, 주기, 포인트","로고, 포인트"
너무 얇은 느낌인지라 몇 번 빨고 나니 핏을 유지하는 느낌이 많이 사라졌습니다,너무 얇은 느낌인지라 몇 번 빨고 나니 핏을 유지하는 느낌이 많이 사라졌습니다,"['얇다', ' 핏']",,"나니, 사라지다, 얇다, 유지, 인지, 핏","얇다, 핏, 사라지다"
사이즈도 적당하게 맞고 핏도 좋아요 예뻐서 자주 입어요,사이즈도 적당하게 맞고 핏도 좋아요 예뻐서 자주 입어요,"['사이즈', ' 핏']",,"맞다, 사이즈, 적당하다, 핏","사이즈, 적당하다, 맞다, 핏"
재질 이빠이 좋고 진짜 얇아서 가볍고 이쁘고 완벽해요..,재질 가득 좋고 진짜 얇아서 가볍고 이쁘고 완벽해요,"['가볍다', ' 얇다', ' 재질', ' 완벽하다']"," 얇다,  재질","가득, 가볍다, 얇다, 완벽하다, 재질","재질, 얇다, 가볍다, 완벽하다"
그래픽이 상당히 이쁘고 핏도 좋습니다 두꼐감은 그렇게 두껍진 않아서 더울거 같진 않습니다.,그래픽이 상당히 이쁘고 핏도 좋습니다 두께감은 그렇게 두껍진 않아서 더울 거 같진 않습니다,"['두께감', ' 그래픽', ' 핏']",,"그래픽, 그렇게, 덥다, 두껍다, 두께감, 상당하다, 핏","그래픽, 핏, 두께감, 두껍지 않다"
디자인이 마음에 들어요 외출할때 입기 좋을것 같아요,디자인이 마음에 들어요 외출할 때 입기 좋을 것 같아요,"['디자인', ' 외출']",,"디자인, 외출","디자인, 외출"
"색감 사진과 같이 흐리멍텅한 느낌 너무 좋고, 로고 너무 디테일 해서 좋아요. 사이즈 정 사이즈인갓 같고 두께감 좋아서 시원해요",색감 사진과 같이 흐리멍덩한 느낌 너무 좋고 로고 너무 디테일해서 좋아요 사이즈 정 사이즈인 갓 같고 두께감 좋아서 시원해요,"['시원', ' 색감', ' 로고', ' 사진', ' 두껍다', ' 사이즈', ' 정사이즈', ' 흐리다', ' 디테일', ' 멍텅']"," 사진,  사이즈","디테, 로고, 멍덩, 사이즈, 사진, 색감, 시원하다, 흐리다","색감, 로고, 디테일, 정사이즈, 두께감, 시원하다"
진짜 이뻐요! 앞 프린팅과 뒤에 텍이 바깥으로 나온 디테일이 간지네요,진짜 이뻐요 앞 프린팅과 뒤에 텍이 바깥으로 나온 디테일이 간지네요,"['프린팅', ' 디테일']",,"간지, 나오다, 뒤, 디테, 바깥, 일이, 텍, 프린팅","프린팅, 텍, 디테일, 간지"
믿고 사는 브라운브레스 기본티 입니다. 레터링 티셔츠의 정석이죠!,믿고 사는 브라운브레스 기본 티입니다 레터링 티셔츠의 정석이죠,"['브라운브레스', ' 레터링', ' 기본티']",,"기본, 레터, 믿다, 브라운, 브레스, 살다, 정석, 티, 티셔츠","기본, 티셔츠, 레터링"
커플티로 입었는데 예뻤어요 ! 사이즈는 m하니까 딱 맞았고 생각보다 얇긴한데 여름애 시원하게 입기 좋았습니다,커플티로 입었는데 예뻤어요 사이즈는 m 하니까 딱 맞았고 생각보다 얇긴 한데 여름에 시원하게 입기 좋았습니다,"['여름', ' 사이즈', ' 커플티', ' m']",,"맞다, 사이즈, 시원하다, 얇다, 여름, 커플티","커플, 티, 사이즈, 맞다, 얇다, 여름, 시원하다"
제가 말랐는데도 이쁘고 여름에 입기 딱좋은거같아요,제가 말랐는데도 이쁘고 여름에 입기 딱 좋은 거 같아요,"['여름', ' 말르다']",,"마르다, 여름","마르다, 여름"
옷 너무 예쁘고 다음에도 이 브랜드에서 살거같아요,옷 너무 예쁘고 다음에도 이 브랜드에서 살 거 같아요,['브랜드'],브랜드,브랜드,브랜드
재질도 탄탄하고 무난하게 예뻐서 자주 입을 것 같아욤,재질도 탄탄하고 무난하게 예뻐서 자주 입을 것 같아요,['재질'],,"무난, 재질, 탄탄하다","재질, 탄탄하다, 무난하다"
목이 좁아서 좀 늘어나요 근데 세일할 때 사서 만족하면서 입고 있습니다,목이 좁아서 좀 늘어나요 근데 세일할 때 사서 만족하면서 입고 있습니다,"['만족', ' 줄어들다', ' 판매', ' 목', ' 넓다']",,"늘어나다, 만족하다, 목, 사서, 세일, 좁다","목, 좁다, 늘어나다, 세일, 만족하다"
흰색 검정색 두게 샀어요 번걸아가면서 잘 입을게요,흰색 검은색 두게 샀어요 번 걸 안 가면서 잘 입을게요,"['두다', ' 흰색', ' 번걸', ' 자다', ' 검정색']", 흰색,"가면, 검은색, 두다, 흰색","흰색, 검은색"
오버핏 티셔츠를 사고 싶었는데 때마침 1+1 행사를 하길래 구매해봤어요 두께는 얇지는 않고 그냥 딱 좋아여 사이즈는 좀 크니까 여성분들은 s추천합니다,오버핏 티셔츠를 사고 싶었는데 때마침 행사를 하길래 구매해 봤어요 두께는 얇지는 않고 그냥 딱 좋아요 사이즈는 좀 크니까 여성분들은 s 추천합니다,"['얇다', ' 행사', ' 11', ' 티셔츠', ' 여성분', ' s', ' 사이즈', ' 두께', ' 오버핏']",,"그냥, 두께, 분들, 사고, 사이즈, 여성, 오버핏, 추천, 티셔츠, 행사","오버핏, 티셔츠, 두께, 얇지 않다, 사이즈, 크다, 여성, s, 추천"
면이 일반 티 보다 두꺼워서 한여름엔 입지 마세융 옷 변형도 잘 안 되서 좋구염 남찡구랑 커플로 맞췃는데 조아용,면이 일반 티 보다 두꺼워서 한여름엔 입지 마세유 옷 변형도 잘 안돼서 좋고요 남찡구랑 커플로 맞췄는데 좋아요,"['변형', ' 남찡구', ' 커플', ' 티']", 커플,"일반, 입지, 커플, 한여름","면, 티, 두껍다, 변형이 안되다, 커플"
사이즈도 딱 맞고 심플해서 어떤 옷이랑 입어도 잘 어울릴 것 같아요,사이즈도 딱 맞고 심플해서 어떤 옷이랑 입어도 잘 어울릴 것 같아요,"['사이즈', ' 심플']",,"맞다, 사이즈, 심플, 어떻다, 어울리다","사이즈, 맞다, 심플하다, 어울리다"
시원하고 정사이즈네요! 오버핏 하게 살껄 그랬나 싶기도 하고 얇아서 흰색은 비치다보니 패치 붙이고 입고 있습니다,시원하고 정 사이즈네요 오버핏 하게 살걸 그랬나 싶기도 하고 얇아서 흰색은 비치다 보니 패치 붙이고 입고 있습니다,"['얇다', ' 시원', ' 패치', ' 흰색', ' 정사이즈', ' 오버핏']",,"비치, 사이즈, 살걸, 시원하다, 얇다, 오버핏, 패치, 흰색","시원하다, 정사이즈, 얇다, 비치다"
"예일 옷은 처음이엇는데, 실측 사이즈 열심히 재보고 삿습니다. 꼼꼼하게 챙겨서 그런지 사이즈 너무 좋앗어요.  거기에 옷의 재질 디자인, 두께감 모두 너무 만족합니다. 또 사고 싶어요!",예일 옷은 처음이었는데 실측 사이즈 열심히 재보고 샀습니다 꼼꼼하게 챙겨서 그런지 사이즈 너무 좋았어요 거기에 옷의 재질 디자인 두께감 모두 너무 만족합니다 또 사고 싶어요,"['예일', ' 디자인', ' 재질', ' 사이즈', ' 두께감']",,"거기, 그렇다, 두께감, 디자인, 사고, 사이즈, 실측, 재질, 챙기다","사이즈, 재질, 디자인, 두께감, 만족하다"
어디에 코디해도 무난합니다 두께는 보통 할인에 잘샀네여,어디에 코디해도 무난합니다 두께는 보통 할인에 잘 샀네요,"['두께', ' 코디', ' 할인']",,"두께, 무난, 보통, 코디, 할인","코디, 무난, 두께, 보통, 할인"
로고가 작아서 부담스럽지 않고 가격도 저렴해서 매우 마음에 들어요!,로고가 작아서 부담스럽지 않고 가격도 저렴해서 매우 마음에 들어요,"['가격', ' 로고', ' 저렴']", 로고,"가격, 로고, 부담, 작다, 저렴하다","로고, 작다, 가격, 저렴"
예일은 역시 두께감이 만족스러워요! 예일 반팔티는 진짜 면이 인정입니다!,예일은 역시 두께감이 만족스러워요 예일 반팔 티는 진짜 면이 인정입니다,"['인정', ' 두께감']", 두께감,"두께감, 만족스럽다, 예일, 인정, 티, 팔","두께감, 만족스럽다, 반팔, 티, 면, 인정"
재질도 탄탄하고 너무 두껍지도 않아서 여름에도 입고다니기 좋네요 게다가 2팩이라 아주 만족합니다,재질도 탄탄하고 너무 두껍지도 않아서 여름에도 입고 다니기 좋네요 게다가 팩이라 아주 만족합니다,"['여름', ' 2팩', ' 재질', ' 두껍다']", 재질,"두껍다, 만족하다, 여름, 재질, 탄탄하다, 팩","재질, 탄탄하다, 두껍지 않다, 여름, 만족하다"
"핏도 적당하고 두께감도 여릅에맞게 적당해서 아무때나 입고나가기 좋은거 같아요,  뒤에 레터링도 멋있어요!",핏도 적당하고 두께감도 여름에 맞게 적당해서 아무 때나 입고 나가기 좋은 거 같아요 뒤에 레터링도 멋있어요,"['레터링', ' 적당', ' 여름', ' 멋있다', ' 핏', ' 두께감']", 멋있다,"두께감, 맞다, 멋있다, 여름, 적당하다, 핏","핏, 적당하다, 두께감, 여름, 레터링"
루즈하게 입는 스타일이라 제일 큰 사이즈로 샀는데도 저한테는 기장이 짧아서 너무 아쉽네요 ,루스하게 입는 스타일이라 제일 큰 사이즈로 샀는데도 저한테는 기장이 짧아서 너무 아쉽네요,"['제일크다사이즈', ' 루즈스타일', ' 기장', ' 짧다']"," 기장,  짧다","기장, 루스, 사이즈, 스타일, 아쉽다, 제일, 짧다","루스, 사이즈, 스타일, 기장, 짧다"
깔끔하면서도 포인트되는 박시한 티 찾고계시면 고민없이 구매하세요!! 어깨 핏을 가장 중요하게 생각하는데 예쁘게 잘 떨어지네요. 넣입 빼입 다 잘 활용할 수 있어요. 주변에서 칭찬 많이 받았어요ㅎㅎ,깔끔하면서도 포인트 되는 박시한 티 찾고 계시면 고민 없이 구매하세요 어깨 핏을 가장 중요하게 생각하는데 예쁘게 잘 떨어지네요 넣입 빼입 다 잘 활용할 수 있어요 주변에서 칭찬 많이 받았어요,"['넣다', ' 박다', ' 빼입', ' 고민', ' 포인트', ' 티', ' 핏', ' 떨어지다', ' 찾기', ' 활용', ' 칭찬', ' 깔다끄다', ' 어깨']"," 활용,  칭찬","가장, 계시, 고민, 넣다, 박시, 빼입, 어깨, 주변, 중요하다, 칭찬, 포인트, 활용","깔끔하다, 포인트, 박시, 티, 어깨, 핏, 떨어지다, 활용"
살짝 생각보다 작아서 큰걸로 다시 시켰네요 그래도 티 자체는 이쁘고 어디든 입기 좋습니다,살짝 생각보다 작아서 큰 걸로 다시 시켰네요 그래도 티 자체는 이쁘고 어디든 입기 좋습니다,"['크다', ' 작다', ' 티']",,"자체, 작다","작다, 티"
이미지랑 똑같고 여름에 잘 입고 다닐 것 같아요 저렴하게 사서 만족해요,이미지랑 똑같고 여름에 잘 입고 다닐 것 같아요 저렴하게 사서 만족해요,"['여름', ' 저렴하다사서', ' 이미지', ' 만족']",,"똑같다, 만족하다, 사서, 여름, 이미지, 저렴하다","이미지, 똑같다, 여름, 저렴하다, 만족하다"
주변에서 예쁘다고 많이해요 원단도 튼튼하고 좋아요,주변에서 예쁘다고 많이 해요 원단도 튼튼하고 좋아요,"['주변많이', ' 원단']", 원단,"원단, 주변, 튼튼하다","원단, 튼튼하다"
투플원으로 싸게 팔간래 구매해봤는데 쏘쏘 나쁘지않아요,토플 원으로 싸게 팔간래 구매해 봤는데 쏘 쏘 나쁘지 않아요,"['투플원', ' 간', ' 나쁘다', ' 싸다팔']", 나쁘다,"간, 나쁘다, 싸다, 토플","싸다, 나쁘지 않다"
뮤난하게 입기 좋응고같아요! 배송도 빠르고 좋아용,무난하게 입기 좋은 고 같아요 배송도 빠르고 좋아요,"['응고', ' 배송', ' 뮤난하다', ' 빠르다']"," 빠르다,  배송","무난, 배송, 빠르다","무난, 배송, 빠르다"
배송 엄청 빠르게 왔고 포장상태도 좋고 옷도 이뻐요,배송 엄청 빠르게 왔고 포장상태도 좋고 옷도 이뻐요,"['상태', ' 오다', ' 포장', ' 배송', ' 빠르다']"," 빠르다,  배송","배송, 빠르다, 상태, 오다, 포장","배송, 빠르다, 포장"
진짜 너무 대박 등 프린팅이 깔끔하게 포인트 주기 좋고 세탁해도 변형 없음,진짜 너무 대박 등 프린팅이 깔끔하게 포인트 주기 좋고 세탁해도 변형 없음,"['자다', ' 강추', ' 뒷모습']",,"깔끔하다, 대박, 변형, 세탁, 없다, 주기, 포인트, 프린팅","프린팅, 깔끔하다, 포인트, 세탁, 변형 없음"
잘입을레요 무난하고 좋습니다 굳굳 번창이요 굳,잘 입을래요 무난하고 좋습니다 굳굳 번창이요 굳,"['분들', ' 얇다', ' 덩치', ' 비침', ' 여름', ' 드리다', ' 추천', ' 태']",,"무난, 번창",무난하다
얇고 비침 그렇게 없습니다 딱 여름에 입기 좋아요 덩치 좋으신 분들한태 추천 드려요~,얇고 비침 그렇게 없습니다 딱 여름에 입기 좋아요 덩치 좋으신 분들한테 추천드려요,"['크다', ' 덩치', ' 자다', ' 아들', ' 사이즈', ' 중딩', ' 세탁', ' 삿어', ' 주다', ' 줄']",,"그렇게, 덩치, 드리다, 분, 비침, 얇다, 없다, 여름","얇다, 비침이 없다, 여름, 덩치, 추천"
약간 두꺼운 편이라 한여름엔 좀 더워요 그래도 이게 핏 자체가 정필이라 어디에든 무난하게 입기 좋아요,약간 두꺼운 편이라 한여름엔 좀 더워요 그래도 이게 핏 자체가 정필이라 어디에든 무난하게 입기 좋아요,"['프린트팔', ' 저렴하다가격', ' 만족하다']",,"덥다, 두껍다, 무난, 자체, 편이, 한여름","두껍다, 한여름, 덥다, 핏, 무난"
저렴한 가격에 이쁜 프린트반팔 얻었어용 ㅎㅎ 너무 만족해여 ㅎㅎ,저렴한 가격에 이쁜 프린트 반팔 얻었어요 너무 만족해요,['휘뚜루마뚜루'],,"가격, 만족하다, 얻다, 저렴하다, 팔, 프린트","저렴하다, 가격, 프린트, 반팔, 만족하다"
옷감이 살짝 도톰해서 쉽게 늘어나지 않을 것 같아서 좋아요.,옷감이 살짝 도톰해서 쉽게 늘어나지 않을 것 같아서 좋아요,"['여름', ' 몸', ' 재질', ' 통풍']",,"늘어나다, 도톰하다, 쉬다, 옷감","옷감, 도톰하다, 늘어나지 않다"
원단 좋고 면도 좋아요 디자인도 이쁘고 사이즈도 아주 딱 오버핏여서 이뻐용,원단 좋고 면도 좋아요 디자인도 이쁘고 사이즈도 아주 딱 오버핏여서 이뻐요,"['편하다', ' 대신', ' 목', ' 늘어나다', ' 휘뚜루마뚜루']",,"디자인, 면도, 사이즈, 여서, 오버핏, 원단","원단, 면, 디자인, 사이즈, 오버핏"
커버낫 기본템 좋네요 다른 브랜드 기본템은 너무 얇거나 아니면 목 마감이 안좋아서 금방 늘어나던데 요건 많이 입을 수 있을 것 같아요 가볍고 편해서 아주 맘에 듭니다!,커버나 기본 템 좋네요 다른 브랜드 기본 템은 너무 얇거나 아니면 목 마감이 안 좋아서 금방 늘어나던데 요건 많이 입을 수 있을 것 같아요 가볍고 편해서 아주 맘에 듭니다,"['편하다', ' 목마', ' 기본', ' 커버낫', ' 가볍다', ' 브랜드']",,"가볍다, 기본, 늘어나다, 마감, 브랜드, 커버","기본, 가볍다, 편하다"
XL입는데 L맞네요 재질은 매끄럽고 가벼워요  얇은편이나 비침은 없어요 구김도 적고요 추전합니다,XL 입는데 L 맞네요 재질은 매끄럽고 가벼워요 얇은 편이나 비침은 없어요 구김도 적고요 추전합니다,"['추다', ' 구김', ' 얇다편', ' XL', ' L', ' 비치', ' 가볍다', ' 매끄럽다']", 가볍다,"가볍다, 구김, 맞다, 매끄럽다, 비침, 없다, 재질, 적다, 추다, 편이","XL, L, 재질, 매끄럽다, 가볍다, 얇다, 비침이 없다, 구김이 적다, 추천"
제 옷 보더니 동생이 자기도 입고 싶다해서 주문했어요! 여름용 반팔 아주 시원하고 좋다고 동생 물놀이 때도 입고 잠옷으로도 입고 좋아하네요..,제 옷 보더니 동생이 자기도 입고 싶다 해서 주문했어요 여름용 반팔 아주 시원하고 좋다고 동생 물놀이 때도 입고 잠옷으로도 입고 좋아하네요,"['시원', ' 여름', ' 동생', ' 팔', ' 잠옷']",,"동생, 물놀이, 보더, 시원하다, 여름, 으로도, 잠옷, 좋아하다, 주문, 팔","여름용, 반팔, 시원하다, 물놀이, 잠옷"
저렴하게 질좋은 티셔츠를 사게 되서 만족합니다.,저렴하게 질 좋은 티셔츠를 사게 돼서 만족합니다,"['티셔츠', ' 질', ' 만족하다', ' 저렴하다']"," 저렴하다,  만족하다","만족하다, 저렴하다, 티셔츠","저렴하다, 질, 티셔츠, 만족하다"
가격대비 디자인 및 원단 품질이 좋은 반팔티입니다.,가격 대비 디자인 및 원단 품질이 좋은 반팔 티입니다,"['원단', ' 팔티', ' 디자인', ' 가격', ' 품질']", 가격,"가격, 대비, 디자인, 원단, 티, 팔, 품질","가격, 디자인, 원단, 품질, 반팔, 티"
여름엔 역시 쿨코튼이 최고입니다.시원하고 땀 흡수가 잘됩니다.,여름엔 역시 쿨 코튼이 최고입니다 시원하고 땀 흡수가 잘됩니다,"['땀흡수', ' 시원', ' 쿨코튼']",,"시원하다, 여름, 최고, 코튼, 흡수","여름, 코튼, 최고, 시원하다, 땀, 흡수"
생각보다 많이 얇아요 여름에 시원하고 좋겠지만 가을 겨울에는 조금 추울거 같아요. 사이즈는 크지도 작지도 않고 보통이에요. 무엇보다 배송이 빨라서 좋네요!,생각보다 많이 얇아요 여름에 시원하고 좋겠지만 가을 겨울에는 조금 추울 거 같아요 사이즈는 크지도 작지도 않고 보통이에요 무엇보다 배송이 빨라서 좋네요,"['아쉽다', ' 2020년', ' 재질']",,"가을, 겨울, 라서, 배송, 보통, 얇다, 에는, 크다","얇다, 여름, 시원하다, 가을, 겨울, 춥다, 사이즈, 보통, 배송, 빠르다"
항상 만만하게 입기 좋은 무난한 반팔. 사이즈도 적당히 여유있어서 여름에 안달라붙고 쾌적한 느낌이어서 좋음,항상 만만하게 입기 좋은 무난한 반팔 사이즈도 적당히 여유 있어서 여름에 안 달라붙고 쾌적한 느낌이어서 좋음,"['편하다', ' 여름']",,"달라붙다, 만만하다, 무난, 사이즈, 여름, 여유, 적당하다, 쾌적하다, 항상","무난, 반팔, 사이즈, 적당하다, 여유, 여름, 쾌적하다"
얇은 기능성 재질입니다. 운동이나 기타 작업할 때 적절하겠네요. 사이즈가 작아서 한두치수 크게 가는걸 추천드립니다.,얇은 기능성 재질입니다 운동이나 기타 작업할 때 적절하겠네요 사이즈가 작아서 한두 치수 크게 가는 걸 추천드립니다,"['기능성', ' 얇다', ' 재질', ' 사이즈', ' 운동', ' 작업']", 작업,"가다, 기능, 드리다, 사이즈, 얇다, 운동, 작다, 작업, 재질, 적절하다, 치수","얇다, 재질, 운동, 사이즈, 작다, 크게, 추천"
운동할 때 잘 입고 있습니다. 좀 까끌거리지만 가격 대비 좋아요,운동할 때 잘 입고 있습니다 좀 까끌까끌 거리지만 가격 대비 좋아요,"['운동', ' 가격', ' 끄다끄다다림']", 가격,"가격, 거리, 까끌까끌, 대비, 운동","운동, 까끌거리다, 가격"
저렴한 가격에 샀네요 잘 입을것 같아요 근데 조금 더 사이즈가 컷으면 좋았을 것 같네요,저렴한 가격에 샀네요 잘 입을 것 같아요 근데 조금 더 사이즈가 컸으면 좋았을 것 같네요,"['사이즈', ' 가격']", 가격,"가격, 사이즈, 저렴하다, 크다","저렴하다, 가격, 사이즈"
시원해서 통풍 잘 되서 좋네요 사이즈가 조금 널널하고 딱 맞습니다,시원해서 통풍 잘 돼서 좋네요 사이즈가 조금 널찍하고 딱 맞습니다,"['사이즈', ' 통풍', ' 시원하다']", 통풍,"널찍하다, 돼다, 맞다, 사이즈, 시원하다, 통풍","시원하다, 통풍, 사이즈, 널찍하다, 맞다"
너무 쿨링하고 시원하진않아요 ㅋㅋ 다른 그냥 보세 중국산비교했을때 그게 더 시원함 ,너무 쿨링하고 시원하진 않아요 다른 그냥 보세 중국산 비교했을 때 그게 더 시원함,"['시원', ' 쿨링']",,"그게, 그냥, 비교, 시원하다, 중국산, 쿨링",시원하지 않다
운동할 때나 집에서 편하게 입고 있어요 저렴하게 잘 샀네요,운동할 때나 집에서 편하게 입고 있어요 저렴하게 잘 샀네요,"['편하다', ' 운동', ' 집', ' 저렴하다']", 운동,"운동, 저렴하다, 집, 편하다","운동, 편하다, 저렴하다"
단추도 싸구려~색감좋아보여서 선택했는데 확실히 가격이 낮아서 그런가 딘추부터ㅜ바느질까지 싼티가 팍팍나네요,단추도 싸구려 색감 좋아 보여서 선택했는데 확실히 가격이 낮아서 그런가 딘 추부 터 바느질까지 싼 티가 팍팍 나네요,"['색감', ' 나다', ' 싸다티', ' 바느질', ' 가격', ' 확실하다', ' 가다', ' 런가', ' 아보여서', ' 선택', ' 딘추', ' 팍팍', ' 싸구려', ' 낮다', ' 단추']"," 런가,  확실하다,  싸구려","가격, 나다, 낮다, 단추, 런가, 바느질, 선택, 싸구려, 여서, 확실하다","단추, 싸구려, 색감, 가격, 낮다, 바느질"
옷이 너무 이쁩니다!! 지금 더운날에서 시원하게 입을 수 있어요,옷이 너무 이쁩니다 지금 더운 날에서 시원하게 입을 수 있어요,"['시원', ' 덥다다날']",,"날, 덥다, 시원하다","덥다, 시원하다"
긴팔을 받아 교환요청을 했는데 반품하고 다시 벋는데 일주일이걸렸네요. ㅡㅡ 사이즈에 비해 길이가 좀 짧은듯한 느낌이긴 한데 세탁 후 입어봐야겠네요,긴팔을 받아 교환 요청을 했는데 반품하고 다시 벋는 데 일주일이 걸렸네요 사이즈에 비해 길이가 좀 짧은듯한 느낌이긴 한데 세탁 후 입어봐야겠네요,"['굳다굳다', ' 가성비', ' 에드']",,"걸리다, 교환, 길이, 반품, 비다, 사이즈, 세탁, 일주일, 팔","반품, 사이즈, 길이, 짧다"
맛도리입니다 날이너무 더워 생각보다 많이 입지는 못했네요 ㅠㅠ,맛도 질입니다 날이 너무 더워 생각보다 많이 입지는 못했네요,"['팔', ' 겹치']",,"날, 덥다, 맛, 입지",덥다
얇고 엄청 시원해요 근데 이쁘니까 여름에 자꾸 손이가요,얇고 엄청 시원해요 근데 이쁘니까 여름에 자꾸 손이 가요,"['번', ' 못', ' 건조기']",,"가요, 손, 시원하다, 얇다, 여름, 자꾸","얇다, 시원하다, 여름"
핏도 좋고 재질도 시원해서 너무 좋아요 여행갈때 입기 딱이에여,핏도 좋고 재질도 시원해서 너무 좋아요 여행 갈 때 입기 딱이에요,"['오래', ' 탄탄', ' 핏']",,"딱이다, 시원하다, 여행, 재질, 핏","핏, 재질, 시원하다, 여행"
가성비 말 안되고 지나가다가 똑같은 사람 만날 수는 있지만 옷 자체는 이쁨,가성비 말 안 되고 지나가다가 똑같은 사람 만날 수는 있지만 옷 자체는 이쁨,"['재질', ' 도플갱어', ' 색상', ' 핏감']",,"가성비, 똑같다, 만날, 사람, 수, 자체, 지나가다",가성비
여기저기 휘뚜루마뚜루 잘입고있어요 더워서 나시입고 걸쳐서 제일 많이 입는것같아요 흔하다고 하는데 생각보다 똑같은옷 많이 안마주친거같아요,여기저기 휘뚜루마뚜루 잘 입고 있어요 더워서 민소매 입고 걸쳐서 제일 많이 입는 것 같아요 흔하다고 하는데 생각보다 똑같은 옷 많이 안 마주친 거 같아요,"['얇다', ' 소재', ' 팔셔츠', ' 두운', ' 후후', ' 단추']",,"걸치다, 덥다, 똑같다, 민소매, 여기저기, 제일, 휘뚜루마뚜루, 흔하다","덥다, 민소매, 흔하다"
여름철에 입기좋은 반팔 셔츠입니다 . 무채색이라 조합해서 입기 너무 좋고 팔 쪽에 단추 디테일로 팔을 걷어도 이쁩니다. 여성분들한테는 오버사이즈로 입는걸 좋아하실 경우에는 추천드립니다!!,여름철에 입기 좋은 반팔 셔츠입니다 무채색이라 조합해서 입기 너무 좋고 팔 쪽에 단추 디테일로 팔을 걷어도 이쁩니다 여성분들한테는 오버사이즈로 입는 걸 좋아하실 경우에는 추천드립니다,"['편하다', ' 친구', ' 셔츠', ' 품']",,"걷다, 경우, 늘다, 무채색, 분들, 셔츠, 여름철, 여성, 조합","여름철, 반팔, 셔츠, 무채색, 디테일, 오버사이즈, 추천"
색감도 딱생각했던 색상에 적당히 낙낙해서 여름에 입기좋아요.,색감도 딱 생각했던 색상에 적당히 낙낙해서 여름에 입기 좋아요,"['얇다', ' 단품', ' 비치지']",,"낙낙, 색감, 색상, 여름, 적당하다","색감, 색상, 적당하다, 낙낙, 여름"
옷 이쁘고 잘 입고 있습니다 추천드려요 감사합니다,옷 이쁘고 잘 입고 있습니다 추천드려요 감사합니다,"['단추', ' 워싱', ' 체크셔츠', ' 이너', ' 버뮤다데님']",,,추천
차르르한 얇은소재라 여름에 툭 걸쳐입기 좋아요,짜르르한 얇은 소재라 여름에 툭 걸쳐 입기 좋아요,"['소재', ' 차르르', ' 빈티지']",,"걸치다, 소재, 얇다, 여름","얇다, 소재, 여름, 걸치다"
이쁘고 핏좋고 말해 뭐합니까 그냥 사세요 추천합니다,이쁘고 핏좋고 말해 뭐 합니까 그냥 사세요 추천합니다,"['핏좋', ' 말', ' 추천']",,"그냥, 말, 추천, 핏좋, 합","핏, 추천"
생각보다는 품이 조여요 기장은 괜찮음 좀 더운감이 있어요 배송이 조금 느립니다 가격 합리적이에요,생각보다는 품이 조여요 기장은 괜찮음 좀 더운 감이 있어요 배송이 조금 느립니다 가격 합리적이에요,"['품', ' 가격', ' 배송', ' 기장']"," 기장,  배송","가격, 기장, 느리다, 덥다, 배송, 보다는, 조여, 합리","품, 기장, 덥다, 배송, 느리다, 가격, 합리적"
아직 세탁은 안해봐서 잘 모르겠는데 두께감 조금 있습니다,아직 세탁은 안 해봐서 잘 모르겠는데 두께감 조금 있습니다,"['두께감', ' 세탁']",,"두께감, 모르다, 세탁",두께감
옷 너무 예쁘고 맘에듭니다 잘입을게요 감사합니다,옷 너무 예쁘고 맘에 듭니다 잘 입을게요 감사합니다,"['자다', ' 맘에듭니']",,,
케이블 흰색 니트 샀는데 비침도 거의 없는것 같아 단품 좋습니다,케이블 흰색 니트 샀는데 비침도 거의 없는 것 같아 단품 좋습니다,"['니트', ' 단품', ' 흰색', ' 케이블', ' 비치']",,"니트, 비침, 케이블, 품, 흰색","니트, 비침이 없다, 단품"
몰라 그냥 내스타일이야 너네도 자신있게 입어 그게 멋이야,몰라 그냥 내 스타일이야 너네도 자신 있게 입어 그게 멋이야,"['베스트아이템', ' 올해']",,"그게, 그냥, 멋, 모르다, 스타일",스타일
길이 제 키 기준 딱 적당해요 좀 긴 듯 싶은데 잠그면 밑에가 잡아주는 핏이라 짧아져요 사진에 잘 나오는 것 같아요 살짝 생각보다 광이 도는 느낌이 좀 있었습니다,길이 제 키 기준 딱 적당해요 좀 긴 듯싶은데 잠그면 밑에 가 잡아주는 핏이라 짧아져요 사진에 잘 나오는 것 같아요 살짝 생각보다 광이 도는 느낌이 좀 있었습니다,"['져지', ' 두껍다', ' 아디다스']",,"길이, 나오다, 사진, 잠그다, 잡다, 적당하다","길이, 적당하다, 핏, 짧아지다, 광"
"여름에 입기좋은 바지를 찾고있었는데 딱이네요
가볍고 적당히 얇으면서 핏도 딱 좋은,,

여름용으로 잘 입을듯해용 !!",여름에 입기 좋은 바지를 찾고 있었는데 딱이네요 가볍고 적당히 얇으면서 핏도 딱 좋은 여름용으로 잘 입을듯해요,"['기장', ' 신발', ' 느리다', ' 크다', ' 통', ' 배송', ' 덮다', ' 색', ' 허리']",,"가볍다, 딱이다, 바지, 얇다, 여름, 적당하다, 찾다, 핏","여름, 바지, 가볍다, 얇다, 핏"
배송도 엄청 빨리오고 옷도 예뻐요 핏도 잘 나오고 사이즈도 딱 맞아서 엄청 만족하고있습니다 앞으로 많이 살거같아요,배송도 엄청 빨리 오고 옷도 예뻐요 핏도 잘 나오고 사이즈도 딱 맞아서 엄청 만족하고 있습니다 앞으로 많이 살 거 같아요,"['와이드핏', ' 수선']",,"나오다, 만족하다, 맞다, 배송, 사이즈, 오다, 핏","배송, 빨리, 핏, 사이즈, 맞다, 만족하다"
진짜 커요 어느정도냐면 동기가 보고 “저스틴비버야? 바지 곧 벗겨지겠다” ...고 했습니다... 그치만 핏도 제 스타일이고 디자인도 예뻐서 제 최애 청바지 됐어요ㅎㅎ,진짜 커요 어느 정도냐면 동기가 보고 저스틴 비버야 바지 곧 벗겨지겠다 고 했습니다 그렇지만 핏도 제 스타일이고 디자인도 예뻐서 제 최애 청바지 됐어요,"['키워드', ' 추출', ' 단어', ' 키우다', ' 개', ' 포함']",,"디자인, 벗겨지다, 보고, 스타일, 이고, 저스틴, 청바지, 크다","크다, 핏, 스타일, 디자인, 최애, 청바지"
"핏도 좋고 편해서 맘에들어요~
요새 자주 입고 있습니다:)",핏도 좋고 편해서 맘에 들어요 요새 자주 입고 있습니다,"['싸다', ' 바지', ' 가격', ' 귀엽다', ' 최고', ' 산']",,"편하다, 핏","핏, 편하다"
귀엽고 이쁩니다 그리고 싸게 잘 산 듯 합니다 이쁜 바지에 이 가격 좋아여~ 최고입니다 좋습니다 귀엽습니다,귀엽고 이쁩니다 그리고 싸게 잘 산 듯합니다 이쁜 바지에 이 가격 좋아요 최고입니다 좋습니다 귀엽습니다,"['기장', ' 설명', ' 사이즈', ' 배송', ' 실제', ' 짧다', ' 그럭저럭']",,"가격, 귀엽다, 바지, 싸다, 최고","귀엽다, 싸다, 바지, 가격, 최고"
"허리부분이 타이트해서 당기면서 늘려서 입었는데, 그부분 말고는 정말 모든게 완벽합니다! 올여름 최애 바지가되었어요! 아주 만족합니다!",허리 부분이 타이트해서 당기면서 늘려서 입었는데 그 부분 말고는 정말 모든 게 완벽합니다 올여름 최애 바지가 되었어요 아주 만족합니다,"['얇다', ' 득']",,"늘리다, 당기다, 되어다, 모든, 부분, 완벽하다, 타이트","허리, 타이트, 완벽하다, 최애, 바지, 만족하다"
"우선 바지 크기가 전체적으로 커서 편하긴하지만 허리도 같이 커서 수선을 맡기거나 벨트가 없으면 입기 힘들다는게 단점..
그래도 바지 자체는 굉장히 예뻐서 다리가 발달되어 있으시거나 특히 허벅돼 분들에게 강추합니다!",우선 바지 크기가 전체적으로 커서 편하긴 하지만 허리도 같이 커서 수선을 맡기거나 벨트가 없으면 입기 힘들다는 게 단점 그래도 바지 자체는 굉장히 예뻐서 다리가 발달되어 있으시거나 특히 허벅돼 분들에게 강추합니다,"['바지', ' 팔랑거리다', ' 맛있다', ' 편하다']",,"바지, 수선, 전체, 커서, 크기, 편하다, 허다, 힘들다","바지, 크다, 편하다, 허리, 벨트, 수선, 강추"
핏이 예쁘고 너무 좋았습니다! 깔끔하게 입기에 너무 좋아요!,핏이 예쁘고 너무 좋았습니다 깔끔하게 입기에 너무 좋아요,"['와이드', ' 스크래치', ' 디테일']",,깔끔하다,"핏, 깔끔하다"
생각보다 실물이 이뻐서 잘 입을 것 같네요. 감사합니다.,생각보다 실물이 이뻐서 잘 입을 것 같네요 감사합니다,"['매력', ' 벨트', ' 사이즈', ' 깅', ' 전사', ' 깔다롱', ' 힙합']",,실물,실물
"반바지보다 살짝 더 긴 기장으로 어느 옷에나 매치해도 잘 어울릴거같습니다! 통도 널널하고 핏도 괜찮아서 올 여름 자주입고다닐거같아요. 허리사이즈는 살짝 크지만 벨트 매고 입으려고 합니다. 
색감도 사진과 같아서 살짝 어두운 청?색이라고 생각하시면 될거같아요. 전반적으로 매우 만족스럽습니다.",반바지보다 살짝 더 긴 기장으로 어느 옷에나 매치해도 잘 어울릴 거 같습니다 통도 널찍하고 핏도 괜찮아서 올여름 자주 입고 다닐 거 같아요 허리 사이즈는 살짝 크지만 벨트 매고 입으려고 합니다 색감도 사진과 같아서 살짝 어두운 청색이라고 생각하시면 될 거 같아요 전반적으로 매우 만족스럽습니다,"['부담', ' 기장']",,"두운, 매치, 사이즈, 사진, 이라고, 청색","기장, 길다, 매치, 어울리다, 널찍하다, 여름, 핏, 허리, 사이즈, 색감, 어둡다, 만족스럽다"
색감 너무 이쁘고 핏 괜찮고 전체적으로 가격치곤 괜찮은데 처음에 냄새가 나요! 인기 많은 이유가 있는 듯!,색감 너무 이쁘고 핏 괜찮고 전체적으로 가격치곤 괜찮은데 처음에 냄새가 나요 인기 많은 이유가 있는 듯,"['사이즈', ' 귀', ' 골반']",,"나요, 냄새, 색감, 이유, 인기, 전체, 처음","색감, 핏, 가격, 냄새, 인기"
요즘 체크 셔츠가 정말 다양한 브랜드에서 나오는데 이 제품을 우연히 보자마자 와 이건 사야겠다 하고 구매했는데 실제로 받고 입어보니 정말 이뻐요 재질도 시원한 재질이라 여름도 가능입니다,요즘 체크 셔츠가 정말 다양한 브랜드에서 나오는데 이 제품을 우연히 보자마자 와 이건 사야겠다 하고 구매했는데 실제로 받고 입어보니 정말 이뻐요 재질도 시원한 재질이라 여름도 가능입니다,"['브랜드', ' 재질', ' 체크셔츠']",,"나오다, 다양하다, 브랜드, 이건, 입어보다, 재질","체크, 셔츠, 재질, 시원하다, 여름"
재질도 좋고 배송도 빨랐어요 합리적이에요 좋아요,재질도 좋고 배송도 빨랐어요 합리적이에요 좋아요,"['합리', ' 배송', ' 재질']","합리,  재질,  배송","배송, 빠르다, 재질, 합리","재질, 배송, 빠르다, 합리적"
크게 입고싶어서 xl로 구매했어요 역시나 너무 맘에 드네요,크게 입고 싶어서 xl로 구매했어요 역시나 너무 맘에 드네요,"['xl', ' 크게']",,"xl, 크게","크게, xl"
깔끔한 기본 아디다스 져지입니다! 기장이랑 소매 길이도 적당하고 마음에 듭니다!,깔끔한 기본 아디다스 저지입니다 기장이랑 소매길이도 적당하고 마음에 듭니다,"['아디다스', ' 기본', ' 길이', ' 져지', ' 소매', ' 깔끔하다', ' 기장']"," 기장,  기본,  길이","기본, 기장, 길이, 깔끔하다, 아디다스, 저지, 적당하다","깔끔하다, 기본, 저지, 기장, 소매, 길이, 적당하다"
요즘 아디다스가 이뻐보이길래 사봤는데 역시 만족합니다,요즘 아디다스가 이뻐 보이길래 사봤는데 역시 만족합니다,"['편하다', ' 매일', ' 데일리', ' 추천추천']",,"만족하다, 보이다, 사보다, 아디다스",만족하다
엄청 커요!!! 허벅지 중간보다 살짝 위까지 와요 그치만 크게 입는 게 좋아서 그냥 입어요 ㅎㅎ,엄청 커요 허벅지 중간보다 살짝 위까지 와요 그렇지만 크게 입는 게 좋아서 그냥 입어요,"['편하다', ' 걸치다', ' 습니']",,"오다, 위, 크게, 크다, 허벅지",크다
재질도 부드럽고 배송도 빠르고 편하게 입고 다니기 좋아요,재질도 부드럽고 배송도 빠르고 편하게 입고 다니기 좋아요,"['스테디', ' 짱짱']",,"배송, 부드럽다, 빠르다, 재질, 편하다","재질, 부드럽다, 배송, 빠르다, 편하다"
배송이 엄청빠르네요. 예쁘고 사이즈도 잘 맞아서 만족합니다.,배송이 엄청 빠르네요 예쁘고 사이즈도 잘 맞아서 만족합니다,"['간지', ' 여자']",,"만족하다, 맞다, 배송, 빠르다, 사이즈","배송, 빠르다, 사이즈, 맞다, 만족하다"
오랜만에 입어보니 좋네요 로고가 아쉽고 핏이 많이달라졋네요,오랜만에 입어보니 좋네요 로고가 아쉽고 핏이 많이 달라졌네요,"['유행', ' 아우터', ' 단품']",,"달라지다, 로고, 아쉽다, 오랜, 입어보다, 핏","로고, 아쉽다, 핏, 달라지다"
배송도 되게 빠르고 핏은 살짝 오버핏으로 나와서 힙해여,배송도 되게 빠르고 핏은 살짝 온 버핏으로 나와서 합해 여,"['투엑치', ' 오버핏', ' 소매모에', ' 국룰템']",,"나오다, 배송, 버핏, 빠르다, 핏","배송, 빠르다, 핏, 오버핏, 힙"
