Review,keyword
얇고 활동하기에 무지 편합니다 착한가격까지 만족합니다,"만족하다, 편하다, 활동, 착하다, 얇다, 무지, 가격"
"177/60 마른 편입니다 사이즈 L 피팅했는데 기장감, 아웃핏 전부 마음에 드네요 두껍지 않은 나일론 소재라 더운 여름에도 반팔 위에 데일리하게 걸쳐서 포인트를 줄 수 있을것 같아요 상품 만족합니다","여름, 덥다, 데일리, 만족하다, 포인트, 팔, 두껍다, 소재, 마르다, 편입"
입으면 살짝 스포티해보이고 엄청 슬림해보이는 것 같아요~,"슬림해, 스포티, 보이, 보이다"
나일론재질이긴 한데 빳빳하지 않고 부드럽게 떨어지는 핏이라서 마음에 들어요! 합리적인 가격에 잘샀어여 보통체격인데도 S사이즈 넉넉해서 여성분들은 S하시면될듯 스트링 조이는거보다 푸는게 더예뿌요,"사이즈, 여성, 분들, 재질, 보통, 부드럽다, 핏, 체격, 인데"
이런 옷은 처음 입어보는데 사이즈 딱 맞고 좋아요,"입어보다, 맞다, 이렇다, 사이즈, 처음"
S사이즈로 샀는데 딱 몸에 맞아서 이쁜 핏으로 나와요! 지퍼가 약간 별로구 후드가 약간 큰 감이 있긴 한데 나름대로 엄청 이쁘고 힙하보여요 흰 반팔티에 간단하게 입어도 엄청 간지나서 진짜 최고 아이템 될 듯 합니다 ㅠ 다만 한여름엔 바람이 막혀서 좀 덥다는 점만 감안하면 진짜 살만한 제품입니다!,"제품, 덥다, 아이템, 여름, 최고"
사이즈는 s지만 넉넉해서 좋아요 안입은거 처럼 가볍고 얇아서 여름에 입기 딱이네요 주머니 없는옷 입을때 걸쳐야겠어여 딱 찾는 옷인데 세일기간에 사서 만족합니다,"인데, 주머니, 얇다, 여름, 가볍다, 사이즈, 걸치다, 딱이다"
너무 예쁘지 않나요 제 눈에만 그런건가요..? ㅠㅠ 너무 만족하고 이걸 왜 이제 샀나 싶었습니다 오래 기다린 만큼 만족도 높아요! 아 역시 갓르티멘토 절 실망시키지 않는군뇨,"만족도, 만족하다, 눈, 에만, 싶다, 군뇨, 기다리다, 오래, 멘토"
여름용 아우터로 얇아서 포인트 주기에 정말 좋아요,"아우터, 얇다, 여름, 주기, 포인트"
얇은 베스트 찾고 있었는데 파르티멘토 가성비 너무 좋 아요! 시원합니당,"원하다, 가성비, 아요, 베스트, 티, 멘토, 찾다, 파르, 얇다"
중간에 배송 좀 걸리긴했지만 그래도 싼가격에 입문용으로 좋은거같아요,"걸리다, 입문, 중간, 가격, 배송"
베스트 처음 구매해보는데 괜찮네용 다만 끈이 너무 깁니다,"끈, 처음, 베스트"
나쁘진않은데 줄이 너무 길고 지퍼가 구림 한 번 입고 고장났는데 어거지로 끼워 쓰고읶어여,"지퍼, 나다, 나쁘다, 끼우다, 읶어, 줄이다, 길다, 쓰다"
어깨부분이 살짝 찢여져 있는데 찢여진건지 그렇게 온건지 모르겠네요 티는 안나서 그냥 입었어요 여름에 입기 좋아요,"여름, 모르다, 그냥, 나서다, 건지다, 찢다, 지다"
요즘같은 날씨에 입기 매우 좋고 레이어드해서 입었을때 매우 귀엽습니다 나중에 아우터 이너로도 매우 좋을거같아요,"귀엽다, 날씨, 레이어드"
스타일 내기 좋고 그렇게 덥지는 않습니다 코디할때 포인트주기 좋습니다,"그렇게, 덥다, 코디, 스타일, 내기, 주기, 포인트"
가성비 최고 나일론 조끼에요 짱짱 맨날 입고 다닐거야요,"조끼, 가성비, 맨날, 나일론, 최고"
"한여름에 입을 수 있을 정도로 확실하게 얇고 가벼워서 다양한 코디가 가능할 것 같고 Y2K 느낌 한 스푼 첨가한 것 같아 기분이 좋네요.^^ 카고팬츠나 파라슈트 팬츠로 맞춰서 코디해주시면 무난할 것 같아요! 지퍼 같은 부자재 퀄리티가 별로여서 빡빡하다는 게 유일한 단점이에요..ㅠ 9월 초 중반까지는 충분히 입을 것 같고, 겨울에는 레이어드해서 입을 수 있기 때문에 구매 망설이시는 분들은 고민하지 마시고 지금 건져가세요🔥🔥","겨울, 에는, 퀄리티, 스푼, 팬츠, 벼워, 건지다, 별로, 여서"
생각보다는 얇고 바람막이 재질이에용 진짜 딱 가볍게 입고 나갈 때 오버핏 티 한 장에 입고 니가몀 찰떡ㄹ입니다 😏,"가볍다, 얇다, 바람막이, 재질, 찰떡, 보다는, 오버핏"
바스락바스락 비닐재질 ! 2만원대로 샀는데 가격대비 괜찮아용 ! 사이즈도 적당하구 얇아서 여름에 입기에도 괜찮음 남: 174 /m 여: 160 /s,"적당하다, 원대, 얇다, 여름, 사이즈, 재질"
"잊을만 하니까 와서 나름 좋았어요^^.. 생각보다 엄청 얇은데 요즘같이 더운 날에도 막 입을 수 있어서 오히려 좋아요 투웨이 집업인데 2만원대 갓성비ㅜㅜ 완전 최고,, 마감은 많이 아쉬운데 싼마이라 전체적으로 완전 만족이욜","덥다, 최고, 아쉽다, 전체"
"베스트 입어보고 싶어서 샀는데 생각보다 넘모 이쁨,, 얇아서 여름에도 가능이고 베스트 입문 완료 ㅎㅎ","입어보다, 싶다, 얇다, 가능, 이고, 베스트, 여름, 완료, 넘다"
두꺼운거할까 얇은거할까 많이고민했는데 넘 더워서 얇은거하길 잘한거같아요. 얇아도 핏이이쁘고 퀄리티좋아요. 막입어도 잘 안구겨지는재질이고 많이가벼워요,"얇다, 가볍다, 덥다, 재질, 이고, 자다, 핏쁘, 고민"
사이즈가 여자분들한테 딱이네요~ 예뻐용 얇아서 괜찮네요,"여자, 분들, 딱이다, 얇다, 사이즈"
가격대비 많이 아쉬움 재질도 걍 그렇고 만원짜리 같음 하지만 핏은 괜찮 지퍼로 투웨이 연출 가능은 굳,"재질, 가능, 그렇다, 원, 짜다, 가격, 핏, 아쉬움, 많이"
가볍게 입기 좋아요 스트링 안 쪼이는게 핏이 깔끔하네영,"가볍다, 핏, 쪼이다, 깔끔하다, 스트링"
너무 이쁘고 잘입고 있습니다 재질 좋은 거 같습니다 다음에도 기회가 된다면 이 브랜드 제품을 구매할 거 같습니다,"브랜드, 되다, 제품"
재질이 얇아서 한여름에도 가능해요 사이즈 딱맞고 밑에 스트링으로 줄이면 레이어드 야물 딱져요 근데 힘이 좋아서그런지 지퍼가 고장났네요,"지다, 얇다, 줄이다, 스트링, 지퍼, 그렇다, 재질, 힘, 근데"
미듐할지 스몰할지 고민하다 다른분들 리뷰보고 스몰 골랐습니다 생각했던 핏이여서 만족스러워요:~>,"만족스럽다, 고르다, 고민, 분들, 스몰, 핏이, 여서, 보고, 미듐할, 지, 리뷰"
여름에 포인트 주기 좋은 나일론 베스트! 고프코어 룩을 좋아하시거나 저처럼 입문하시는 분들은 한번 쯤 먼저 둘러보고  알아보시는거 추천드립니당 파르티멘토제품 구매하고 후회한 적은 단 한번도 없었어요,"좋아하다, 여름, 하고, 분, 둘러보다, 고프다, 코어, 처럼, 베스트, 알아보다"
사이즈 딱 맞네요 얇아서 시원하고 여름에도 가능하겠어요,"여름, 가능하다, 얇다, 맞다, 시원하다, 사이즈"
길이도 적당하고 레이어드 티셔츠에 입으면 너뮤 예쁩니당~~! 소재도 가볍고 너무 조아용 손이가요 손이가~~🫶,"티셔츠, 가볍다, 적당하다, 가요, 손, 레이어드"
생각보다 아조씨 바막 느낌이 나긴하는데 그 맛이 오히려 스트릿무드를 더 살려줘서 좋은거 같아요 잘입을게요~,"살리다, 맛, 나다, 무드"
요즘에 엡기에는 덥더라구요 날씨 좀 풀리면 딱일 것 같아요 ,"덥다, 구, 날씨, 엡기, 에는, 풀리다"
"한여름에 입을 수 있을 정도로 확실하게 얇고 가벼워서 다양한 코디가 가능할 것 같고 Y2K 느낌 한 스푼 첨가한 것 같아 기분이 좋네요.^^ 카고팬츠나 파라슈트 팬츠로 맞춰서 코디해주시면 무난할 것 같아요! 지퍼 같은 부자재 퀄리티가 별로여서 빡빡하다는 게 유일한 단점이에요..ㅠ 9월 초 중반까지는 충분히 입을 것 같고, 겨울에는 레이어드해서 입을 수 있기 때문에 구매 망설이시는 분들은 고민하지 마시고 지금 건져가세요🔥🔥 ","겨울, 에는, 퀄리티, 스푼, 팬츠, 벼워, 건지다, 별로, 여서"
무게는 안 입은듯합니다 검은색 톤이랑 잘 어울림,"검은색, 톤, 이랑, 어울림, 무게"
너무 예뻐요! 코디하기도 너무 좋고 핏도 너무 예뻐여,"코디, 기도, 핏"
후드 베스트는 첫 구매인데 활용도가 좋아서 자주 입을 것 같네요 ㅎㅎ 더위 많이 타는 편인데 엄청 얇아서 생각보다 덥지 않아요!,"덥다, 인데, 얇다, 베스트, 편, 더위"
여행 내내 잘 입었어요! 더울때 포인트로 주기 좋은 베스트 ◡̈ ,"포인트, 베스트, 덥다, 주기, 여행"
진짜 힙해지고 시원해요 지금 같이 살인 더위에 입어도 좋아요 포인트 주기 좋아서 강추 입니다 가격도 천사 가격..,"힙, 지금, 시원하다, 더위"
카고팬츠랑 매치하면 잘어울리네요 여름에 포인트 주기 좋은 것 같습니다 ,"매치, 여름, 어울리다, 팬츠, 주기, 카, 포인트"
예상보다 배송이 빨라서 좋았습니다! S인데도 꽤 커요.. 평소에 오버사이즈로 입으시는 분들이면 M이랑 S 중에 고민 하실 것 같은데 S도 꽤 크고 넉넉 합니다. 모자사 꽤 많이 힘이 없다는 거 알아주시면 될 것 같아요!,"크다, 예상, 많이, 라서, 중"
첨에 받고 좀 작은거 같아서 교환하려다가 계속 보니 이 사이즈도 예쁜거 같아 그냥 입어요.! 여름에 포인트 주기 너무 좋은옷입니다. 다만 밖에 나가면 이 옷 입은 사람이 꽤 있지만 옷이 예쁜걸 어쩌겠어요..ㅎㅎ 잘 입겠습니다ㅏ,"사이즈, 교환, 여름, 작다, 받다"
정말 이뻐요 딱 제가 찾던 후드베스트였어요 총장이 조금 짧아서 레이어드용 티 기장이 너무 길면 안 예쁠것 같아용,"길다, 베스트, 찾다, 짧다"
재질이 이삼만원짜리는 아닌거 같아요ㅎㅎ 그래도 흰티에 가볍에 코디하기에 좋아요,"가볍다, 희다, 티, 재질, 코디, 삼만원, 짜다, 아니다"
"어느 제품을 구매할까 고민하다가 구매했는데, 기대했던 만큼 크게 만족하는 제품입니다! ","제품, 만족하다, 기대하다, 고민, 크게"
일단 진짜 힙하고 코디하기 정말 쉬운 거 같았음. 아래 고무줄로 크기 조절도 할 수 있고 얇고 가벼워서 여름에 입아도 안 더움! 흰티에 비니에 이거 끼면 진짜 힙함!,"쉽다, 가볍다, 힙함, 여름, 희다, 티, 얇다, 더움, 아래"
생각보다ㅜ얇긴한데 여름엔 오히려 나아요 편하게 레이어드하기 좋습니당,"니당다, 편하다, 나다, 얇다, 여름, 레이어드"
포인트 주기 좋아요! 맨날 반팔만 입었는데 조끼 입으니까 확 다르네여~ 조임끈도 굳! 🙉,"팔만, 조이다, 끈, 조끼, 다르다, 맨날, 주기, 포인트"
"예약배송일에 딱 마춰서 발송되었고, 얇은 조끼가 필요했는데 여름에 입기 딱좋을듯합니다 바스락거리는 나일론 원단이고 한여름에도 가능할듯합니다! 후기에 지퍼않좋다고하는데 입어봐야알겠지만 아직까지는 나쁘지않은듯하고 후드끈이 쓸데없이 길긴합니다!","여름, 예약, 입어보다, 배송, 일, 쓸데없이, 가능하다, 아직, 까지는, 얇다, 길다"
여름에 운동 갈때나 여행갈 때 걸치기 좋아여 시원합니다,"여름, 시원하다, 걸치다, 여행, 운동"
생각보다 그렇게 크진않아요 줄이너무길어서 불편할때가있음,"그렇게, 줄이다, 크다, 불편하다"
  요즘 유행태ㅐ메바스락 재질에  지금은 좀 춥고 9월에사 10월 초 싹가능,"추다, 재질, 메, 바스락, 지금, 행태, 가능"
베스트를 입어보고 싶어서 구매했는데 정말 이쁩니다 !,"입어보다, 싶다, 베스트"
나일론 베스트 완전 가성비있게 산거 같아요 감사합니다 배송은 좀 느리네요ㅠ,"느리다, 배송, 가성비, 베스트, 나일론"
여름에도 시원한 소재라서 날씨에 상관없이 걸치기 좋아요,"날씨, 여름, 소재, 라서, 걸치다, 상관없다, 시원"
귀여워요 배송 느린건 출고일 따로 적혀있었어서 예상했고요 얇아서 여름에 입기 좋을 것 같네요,"여름, 얇다, 예상, 귀엽다, 따로, 적히다, 출고, 일"
정말 얇아요 질은 안 좋은데 싸게 구매해서 머 그냥저냥 입을 생각입니다…길이는 애매하게 길어서 여자분들은 s 무조건 추전해요,"여자, 분들, 얇다, 싸다, 길이, 애매하다, 추, 전해, 그냥"
여름에 입기 좋은 나일론 재질에 가볍고 사이즈는 오버하게 샀는데 핏감이 스트링땜에 더 이쁜것 같아요 착용감 널널하고 저는 데님이랑 매치해서 재질차이 주면서 포인트 줘서 코디합니다,"핏감, 가볍다, 여름, 착용, 재질, 사이즈"
오늘 배송 도착했어요 옷감이 얇고 가벼워서 요즘 입기 좋은 옷입니다 가격도 저렴하게  만족합니다 ,"저렴하다, 벼워, 옷감, 만족하다, 얇다, 배송"
운동다닐때 가볍게 입으려고 고민하다가 주문했습니다  역시  평이 좋은 이유가 있었습니다. 바스락 무척 가벼운 소재  하지만 디자인 이뻐서 입으면  더 이쁩니다,"가볍다, 디자인, 소재, 이유"
후드끈이 길긴한데 오히려 귀엽고 좋아요:-) 엄청 얇아서 여름에도 가볍게 걸치치 좋아요 ,"가볍다, 얇다, 귀엽다, 후드, 끈, 길다, 여름"
진짜 완전 나이스한 디자인 입니다! 재질도 좋아요!,"나이스, 재질, 디자인"
생각보다 끈이 길어서 저는 묶어서 쓰고 있어요 얇아서 여름에 입기 좋아요,"묶다, 여름, 얇다, 끈, 쓰다"
"요론 베스트 하나 장만하고 싶었는데... 맘에 쏙 들었습니다만? 이제 여름 슬슬 가고있어서 빨리 입어줬어요 ㅎㅋ 두께감 얇은 편이라 막 덥지도 않고 좋습니당 히히 두꺼운 거 싫었거든용 ,, 아무튼 추천 !! 사이즈 스몰 좋씀당 👍🏽","덥다, 얇다, 여름, 베스트, 두께감, 빨리, 주다, 두껍다"
여행가서 입을려고 샀는데 힙해보여서 좋아용  재질도 나일론 소재라 가볍고 편해요 요즘 날씨에 입어도 무방해요 사이즈는 살짝 커서 여성분들은 한 치수 다운해서 사는게 좋을 것 같아요! ,"여성, 분들, 사이즈, 가볍다, 커서, 편하다, 재질, 보, 여서"
반팔티에 레이어드해서 입었는데 짱 편하구 맘에 들었어용,"레이어드, 편하다, 팔, 티"
나일론 후드 베스트 하나 갖고 싶었는데 세일때 저렴하게 구매해서 만족해요 가격대가 가격인지라 지퍼가 먹힌다던가 하는 아쉬움은 어쩔수 없네요 그런거 까지 바라면 강도겠죠? 🥲,"가격, 대가, 저렴하다, 세일, 베스트, 인지, 어쩔, 갖다, 후드, 강도, 겠다"
배송이 너무 늦어서 아쉬웠지만 옷 자체는 너무 예쁘고 맘에 듭니다,"아쉽다, 늦다, 배송, 듭니, 자체"
상체가 짧아서 기장 짧고 적당한 거 찾고 있었는데 너무 맘에 듭니다!,"짧다, 찾다, 듭니, 상체, 적당하다"
너무 맛있게 잘 입고 있습니다 가격도 싸고 좋네요 역시 파르티멘토 앞으로도 자주 이용할게요,"맛있다, 이용, 싸다, 앞, 으로도, 티, 멘토"
무채색으로 휘뚜루마뚜루 입기에 넘 좋아요!! 이게 완전 얇아서ㅎㅎ얇은 반팔이랑 같이 입으면 여름에도 편하게 입을 수 있을 듯!! 심플이즈베스트!,"얇다, 무채색, 편하다, 여름, 팔이"
얇으면서 여름에 입기 딱이고 특히 비오는날 쌀쌀할때 좋습니다. 가격대비 합리적이고 너무 좋아요 다른 색상도 궁금하네요!,"색상, 여름, 얇다, 궁금하다, 합리, 이고, 딱이다, 비다, 특히"
무진장 세일때 할인받아 싼 가격에 입기 좋은 베스트 건졌습니다. 두께도 얇아 여름에 입기 좋아요,"할인, 받다, 여름, 가격, 두께, 건지다, 얇다, 베스트, 무진장"
좋아요 쿠폰 적용해서 싸게 샀습니다 감사합니다,"싸다, 적용, 쿠폰"
"168에겐 작은골,,? 제가 크게 입는 편이긴 한데 제 기준으로는 작아욤,,더 박시했으면 좋았을것 같아요 그리고 재질이 바시락 거리는 재질이에욤 그나저나 이거 입으면 비슷한 옷 자주 마주쳐서 안 흔한 색으로 사시길 추천","색, 작다, 재질, 박다"
입고싶은 스타일이였는데 좋은 가격의 좋은 제품인 거 같아서 바로 구매했습니다 사이즈는 딱 적당했고 두께감 엄청 얇고 무게도 가볍습니다 입었다 벗었다 하기도 편하구요 가성비 제품으로 정말 추천합니다 번창하세요~,"가볍다, 무게, 제품, 추천, 사이즈"
"제가 크게 입는 편이긴 한데 그래도 남녀공용 제일 큰 사이즈라 넉넉히 클 줄 알았거든요,,제 생각보다 작아요 키가 168이고 평소 입는 박스티 위에 입어봤는데 애매합니동,,,,,,,","작다, 입어보다, 사이즈, 편이, 키"
지퍼가 좀 ㅠㅠ 하자가 있네요 잘 엇나가고 다시 맞추기 힘들어요… 하지만 옷은 이쁩니다..,"엇, 지퍼, 힘들다, 맞추다, 다시, 하자"
엄청 가볍고 휘뚜루마뚜루 너무 좋아요! 대충 입었지만 멋내구좋아요! 더 빨리 살걸 싶어요 그리고 생각보다 크게 나온편은 아니에요!,"빨리, 가볍다, 내다, 대충, 아니다"
흰티 위에 입으면 예쁜 것 같아요 아무래도 여름이어서 좀 덥긴 한데 만족합니다,"덥다, 아무래도, 만족하다, 위, 희다, 티"
"181/63으로 마른 편입니다. 사이즈 xl 구매했는데 기장감, 아웃핏 전부 마음에 들어요! 두껍지 않은 나일론 소재라 더운 여름에도 반팔 위에 데일리하게 걸쳐서 포인트를 줄 수 있을것 같아요. 상품 만족합니다","여름, 덥다, 상품, 두껍다, 팔, 만족하다, 데일리, 포인트"
"이런 옷 귀여워서 한번 사봤는데 저랑은 잘 안어울려서 입고 나간 적은 없어요  카와이한 사람들이 입어야할듯,, 저는 약간 무서운 인상이라 ㅎㅎ,,,","귀엽다, 사보다, 인상, 이렇다, 무섭다, 없다, 랑은"
굉장히 잘 입고 있습니다 너무 예쁘고 다들 예쁘다고 난리에요 ,"난리, 에요, 굉장하다"
가격에 대비해 품질이 좋은 가성비 좋은 상품입니다. ,"품질, 상품, 가격, 가성비, 대비"
제가 좀 통통해서 L살까 고민했지만 M이 적당했고 흰티에 레이어드 하면 너무 이뻐요 꼭 사세요!,"적당하다, 살다, 고민, 희다, 티, 레이어드"
길이감도 좋고 재질도 좋은데 가장 좋다고 느낀게 후드끈이 길어서 예뻐요!!! 어디에나 잘 어울리눈 후드조끼 가성비있게 겟 해보세요 🫨,"에나, 느끼다, 재질"
힙한 느낌 낼 때 가성비로 좋습니다 !  코디할 맛도 나고 선글라스랑 매치하면 더 힙하게 즐기실 수 있어요 !,"매치, 힙하, 맛, 힙, 성비, 코디, 즐기다, 선글라스"
얇고 가벼워서 휴대하기 편합니다 접으면 잘 구겨지는데 입으면 금방 펴져서 너무 좋아요 가볍게 코디하기 좋습니다 운동복으로도 추천합니다,"운동복, 으로도, 편하다, 추천, 가볍다, 벼워, 구기다, 펴다"
"반팔 라운드 티 또는 나일론 아노락 위에 턱 걸치면, 뭔가 패션 센스 있어 보이는 효과가 있어요. 라운딩 나갈 때도 입어 보려구요.","패션, 팔, 보이다, 뭔가, 걸치다"
입문 제품으론 너무 좋은 거 같아요 가성비도 물론 너무 좋구요 하지만 핏이 좀 애매해서 넣어입기도 빼입기도 어렵더라구요 그래도 입문하시는 분들께는 강추 드립니다!,"어렵다, 구, 빼, 분, 넣다, 드리다, 애매하다, 입문"
후기처럼 얇긴 하지만 그래서 주는 매력이 있음 여름에 시원하게 입기 좋을듯,"시원하다, 얇다, 여름, 매력, 후기, 처럼, 주다"
엄청 얇아서 시원할거같애요 근데 생각보다 코디 하기가 어렵네요,"어렵다, 근데, 애, 얇다, 시원하다, 코디"
진짜 얇아서 레이어드 하기 좋아요! 단독으로 입어도 느낌 넘쳐서 여름에 정말 자주 입었습니다 ㅎㅎ,"여름, 얇다, 넘치다, 단독"
일단 편하고. 대충 걸치는건데 스타일하기도 편하고. 허리에 조절하는 끈이 있어서 좀 더 디테일하게 스타일링하는게 가능해서 너무 좋음. 솔식히 여름에 반팔만 입고다니는데 꾸미기 힙들어서 구매했는데. 편하게 스타일링이나 포인트를 만들 수 있어서 엄청 만족.,"스타일, 팔만, 스타, 일링, 편하다, 여름, 이나"
어깨가 좁은거 말고는 괜찮은거 같습니다 가성비 갑,"말고는, 어깨, 성비, 좁다"
후드 베스트는 처음인데 예쁘네요 입문용으로 좋아요,"처음, 인데, 베스트, 입문, 후드"
후드베스트 구매하고 싶었는데 딱 저렴한 가격에 잘 구매할 수 있어서 좋았어요 일단 디자인도 이쁘고 질도 괜찮구요 대신 어깨부분이 살짝 얇아서 꼭 지퍼를 잠궈 입어야하는 단점이 있긴합니다,"어깨, 저렴하다, 디자인, 가격, 잠그다, 하고, 얇다, 대신"
무게는 엄청 가벼워요 재질은 시원하고 사이즈 굿굿,"사이즈, 재질, 벼워, 시원하다, 무게"
"3.5점 정도로 드리고 싶습니다. 싼가격에 나의 스트륏한 스타일을 뽐내고 슆다? 이 제품을 선택하세요. 다만 생각을 잘해야합니다. 자크 부분이 잘 걸리기 때문이죠. 그리고 대부분의 후기를 보면 후드 끈을 빼라고 하시는데!! 그 말 꼭 들으세요!! 싼마이 느낌을 한 스푼 덜어줍니다. 이 후기를 듣고 ""살만할것같은데?""라고 생각하셨다면 사도 좋을것같다고 감히 말씀 드립니다.","잘해야, 선택, 후기, 스타일, 가격, 스푼, 말씀"
굉장히 좋고 반팔만 입기 허전할때 딱 하나 걸치면 좋습니다. 다만 너무 더울때는 이거 하나 걸치면 더더 더워져서 좀 힘들어요  ㅠ 단점으로는 끈이 너무 길다..? 진짜 좀 많이 길어서 팔에도 치이고 그렇긴 해요. 전체적으로는 만족합니다!,"팔, 더워지다, 덥다, 힘들다, 끈, 팔만, 전체, 으로는"
가격도 너무 좋고 재질도 얇아서 너무 정말 좋아요,"가격, 얇다, 재질"
너무 덥지도 않아서 코디할때 포인트로 귀여운 것 같아요.,"포인트, 귀엽다, 코디, 덥다"
너무 예뻐요 가격대비 잘입을게요 가볍고 좋네여,"가볍다, 대비, 가격"
세일할 때 싸게 잘 샀어요 !! 생각보다 좀 얇긴 한데 베스트가 두꺼우면 더우니까 얇아서 좋은 것 같아요 ㅎㅎ s 하면 좀 작았을듯,"얇다, 작다, 싸다, 덥다, 베스트, 두껍다"
사이즈는 넉넉했어요 스트링이 헐거워서 저는 매듭 지었어용 완전 부시럭거리는 재질이라기보다 좀 부드러운 재질이에요,"매듭, 부드럽다, 재질, 이라기, 사이즈, 이에요, 헐겁다, 부시럭, 지다"
남자친구가 샀는데 사이즈 아주 맘에들어하네요 남성분들은 라지 사이즈 가시면 딱일듯요,"남성, 분들, 사이즈, 남자친구, 가시"
일단 한여름에도 코디하기 좋은 조끼 입니다! 엄청 얇아서 시원히고 편해요! 무난한 코디에 포인트 주는것 같아서 좋은것 같아요!!,"편하다, 얇다, 코디, 여름"
얇은 제품 찾고 있었는데 잘 찾은거같고 사이즈도 잘맞습니다 ,"사이즈, 얇다, 맞다, 찾다, 제품"
가성비 좋습니다! 잘 입고 다니겠습니당 색별로 예뻐요,"색, 별로, 가성비"
나일론 소재여서 붙는 거 하나 없이 시원해요 블프 기간에 저렴하게 잘 샀습니다,"저렴하다, 없이, 시원하다, 블프, 나일론, 소재, 여서, 붙다, 하나, 기간"
생각보다 엄청 얇아서 놀랏지만 잘맞고 예쁘네녀용,"녀용, 놀랏, 얇다, 맞다"
사이즈 크게 나오진 않아서 M사도 괜찮았을 거 같네요 세일할 때 저렴하게 사서 좋아요 잘 입을 거 같아요,"저렴하다, 세일, 나오다, 사이즈"
모자 끈이 생각보다 길긴한데 전반적으로 만족합니다,"길다, 끈, 만족하다, 전반, 모자"
사진이랑 딱이네요 디자인도 마음에들어요 더운날 입기 좋아요,"덥다, 디자인, 사진, 이랑, 딱이다"
가격이 가격이라 재질은 크게 기대하시면 안되고 꽤 크게 나옵니다. 그냥 가볍게 걸칠겸 그냥 그렇슴다,"가볍다, 나오다, 그냥, 기대하다, 그렇슴다, 되다, 재질, 걸치다, 크게, 가격"
사이즈 잘 맞고 실제로 입었을때 더 예뻐요 맘에 듭니다,"맞다, 듭니, 사이즈, 실제"
잠깐 집앞 나갈때!! 또는 스타일링 하기에도 멋진 녀석입니다 ㅎㅎ 같은 소재의 바지도 하나 디자인 되었으면좋을 것 같아요😃,"스타, 일링, 되어다, 소재, 녀석, 멋지다"
입고싶은 스타일이였는데 좋은 가격의 좋은 제품인 거 같아서 바로 구매했습니다 디자인은 딱 생각한대로 였습니다 심플한 디자인 사이즈는 딱 적당했고 두께감 엄청 얇고 무게도 가볍습니다 입었다 벗었다 하기도 편하구요 가성비 제품으로 정말 추천합니다 번창하세요~ ,"디자인, 가볍다, 제품, 추천, 무게"
나일론이라 재질이 시원하고 사이즈도 이쁘게 나왔네요,"나오다, 재질, 나일론, 시원하다, 사이즈"
무게는 가볍구 어깨를 다덮엇으면 좋겠어서 m으로 시켰는데 폼이 좀 커요..! 하지만 만족합니닷 ㅎㅎ이뻐용,"어깨, 덮엇으, 크다, 폼, 뻐용, 만족하다, 닷, 무게"
느무 얇고 생각보다 핏이 잘 안 잡혀요 ㅜㅜ 그래도 나시 위에 부담스럽지않게 착용하기 좋아효,"효, 핏, 착용, 얇다, 부담, 스럽지, 느무, 잡히다"
배송 빠르고 옷 질 괜찮고 편하게 입고싶을때 코디하기 좋아요,"싶다, 편하다, 코디, 빠르다, 배송"
얇아서 여름에 입기 좋아요 많이 얇으니까 참고하세요,"얇다, 여름, 참고, 많이"
세일할 때 갓매  사고싶었던 느낌 그대로 완전 만족 투웨이 별다섯개 ,"싶다, 다섯, 그대로, 갓, 세일, 만족, 투, 사고"
얇아서 지금 입기 딱 좋아요 바뮤다팬츠랑 찰떡궁합,"팬츠, 얇다, 찰떡, 궁합, 지금, 뮤"
얇고 가벼워서 여름에 입기 딱 좋은것같습니다 강추,"여름, 벼워, 얇다, 강추"
재질은 별로라는 후기를 많이 봤눈데 약간 비닐봉투 같기는 하네요 그래도 핏은 예쁘고 여기저기 걸치기 좋을 것 같아요 싼티는 많이 안나요!!,"비닐봉투, 별로, 라는, 재질, 여기저기, 눈데"
너무 이쁘네요. 얇고 가벼워서 입어도 안 입은거 같은 느낌? 위에 걸쳐주기만 해도 괜찮네요. 여름에도 입기 좋네요!,"여름, 벼워, 걸치다, 얇다"
배송 완전 빨라요! 늦진 않을까 걱정도 했는데 괜찮구요 스트링도 있어서 코디하기도 완전 괜찮고 시원시원해서 넘 좋아요,"원시, 원하다, 코디, 기도, 스트링"
여름에 무난하게 걸치기 좋아요~ 기장 애매해서 스트링 살짝 조이는게 확실히 이쁨,"애매하다, 여름, 걸치다, 확실하다, 조이다, 스트링"
여기저기에 잘입을수 있을거같아요 배송빠르네요,"빠르다, 여기저기, 배송"
가볍고 예뻐서 여름에도 가능해요 자주입을꺼같아요,"가볍다, 가능하다, 여름"
화면이랑 색감도 비슷하고 사이즈도 좋음 자주 입을 거 같네요,"화면, 이랑, 사이즈, 색감"
무난무난하게 입고 포인트 주기 딱 좋은 제품입니다!,"제품, 포인트, 주기"
배송 정말 빨랐고 이 상품은 정말 살집 있으신 분들이 여름에 흰 반팔 입고 싶으실 때 야외에서는 이거 입고 안에서는 벗으면 딱 좋을 것 같아요 !! 사이즈도 넉넉합니다 ,"상품, 배송, 여름, 사이즈, 야외, 팔, 벗다, 빠르다"
사이즈 넉넉하고 딱 제가 원하는 스타일대로 코디가 가능해서 너무 좋아요 !! 약간 다른 조끼도 사봤는데 낚시꾼 같았는데 이건 ㄹㅇ 너무 이쁩니다 힙해보여요 사람이 🫨🫨,"낚시꾼, 사보다, 조끼, 사이즈, 원하다, 이건"
여름에 포인트 주기 딱이네용 휴가 나와서 잘 입었읍니다,"여름, 딱이다, 나오다, 휴가, 읍니, 주기, 포인트"
소재가 되게 신기하네요 여름에 반팔위에 입으면 덥지않을까 했는데 엄청 얇고 섬유가 별로 촘촘하게 있지않아서 문제 없음,"덥다, 여름, 섬유, 신기하다, 소재, 얇다, 별로"
얇고 바스락거리는 재질이라 여름에도 잘 입을 거 같아요,"얇다, 재질, 바스락, 거리, 여름"
티 위에 입을 조끼 필요해서 샀는데 매일 입어요 가벼워서 좋아요,"벼워, 필요하다, 조끼, 위, 매일"
얇아서 여름에 입기 좋아요~  이정도가격이면 가성비좋네요,"여름, 얇다, 가성비, 가격, 이면"
재질 엄청 얇고 바스락거리는 재질이라 힘이 없지만 스트릿하게 코디할 수 있어요,"바스락, 거리, 얇다, 스트릿, 없다, 힘, 재질, 코디"
힙해진?듯?옷이 넘 멋찜! 독서실 갈 때 입고싶은데 바스락땜시.. 근데 은근 더워가지고요!! 암튼 킹만족,"덥다, 멋찜, 근데, 싶다, 암튼, 힙, 땜시, 만족"
사이즈 완전 딱 맞아서 매우 만족스럽슴다 핏도 이쁘구여 좋은 가격에 산듯,"맞다, 만족스럽다, 슴, 핏, 사이즈, 가격"
첨에 받고 좀 작은거 같아서 교환하려다가 계속 보니 이 사이즈도 예쁜거 같아 그냥 입어요.! 여름에 포인트 주기 너무 좋은옷입니다. 다만 밖에 나가면 이 옷 입은 사람이 꽤 있지만 옷이 예쁜걸 어쩌겠어요..ㅎㅎ 잘 입겠습니다!,"사이즈, 교환, 여름, 작다, 받다"
키득 사람들마니입어서사봄바스랃바스락패션아이탬 꿀,"사보다, 바스, 랃, 바스락, 말다, 탬, 사람, 키득, 패션"
"169cm, 65kg 사이즈 딱 예쁘게 잘 맞고 레이어드해서 입기 적당하네요. 두께도 얇아서 좋네요.","레이어드, 적당하다, 얇다, 두께, 맞다, 사이즈"
재질이 되게 바지락거릴 거 같은 재질인데 소리가 덜 나서 좋았고 얇아서 여름에 걸치기에 부담이 없습니다.,"얇다, 여름, 바지락, 거릴, 재질, 인데, 부담, 걸치다, 소리, 되게, 없다"
"재질은 얇은 바람막이,무게는 가볍고,사이즈 제 사이즈 이네요. 근데 너무 싸구려 중국산! 제품 받아보니 너무 싼티나는데 가격이 너무 비쌌네요. 무신사에서 구매한 제품 중 최악의 구매였습니다.","최악, 가격, 중국산, 얇다, 비싸다, 제품, 무게"
시원시원하고 여름에 입기 진짜 좋은거같아요 핏도 엄청 이뻐서 만족하고있습니다,"만족하다, 핏, 시원시원하다, 여름"
꼭 하나쯤은 가지고 있어야 될거 같아요!! 너무 이쁩니다 ㅎㅎ,"하나, 쯤, 가지"
등산 아저씨룩 같아서 너무 맘에 들어요 엄청 가벼운 바스락 재질에 약간 방수(?)기능도 있는 것 같아요,"비다, 아저씨, 룩, 재질, 방수, 바스락"
L로 샀는데 사이즈 적당하고 고프코어 첫도전하기 좋아요 ,"적당하다, 코어, 도전, 사이즈, 고프다"
이뻐요 !!! 살짝 바스락거리는 제질이에요 비닐은 아닌데 비닐같은 느낌이 나는 ..? 어마어마하게 얇아요. 그래서 여름에 입기 넘 좋을 것 같아요.!!,"비닐, 얇다, 여름, 바스락, 거리, 마, 어마"
생각보다도 엄청 얇아요! 얇아서 여름에 덥지않고 무난하게 포인트 주기 좋은 아이템인 것 같습니다! ,"덥다, 여름, 아이템, 얇다, 포인트"
생각보다 얇고 바스락 거리는 재질이라서 뭘 더 입은 느낌은 안 나고 티셔츠 위에 코디용으로 입으면 좋을 거 같습니당 ㅎㅎ,"티셔츠, 니당다, 얇다, 재질, 코디용"
세일하길래 여름에 입으려구 샀습니다 감성좋네여 낚시꾼느낌도나고 싸게 잘산거같아여 반팔에 입고다닐려구영,"낚시꾼, 싸다, 팔, 여름, 세일, 나다"
베스트 입문용으로 사 봣어요 배송 빨라서 좋았습니다,"입문, 봣어, 라서, 베스트, 배송"
엄청 얇고 시원해서 휘뚜루마뚜루 여름에 잘입었어요!,"여름, 시원하다, 얇다, 휘뚜루, 마, 뚜루"
후드 끈이 뒤로 잘 넘어간다는 게 조금 불편하긴 한데 가격대비 그럭저럭 괜찮은 거 같아여 핏도 괜찮아료,"료, 불편하다, 넘어가다, 핏, 그럭저럭, 끈"
흰티에 편하게 입기 좋아요. 끝까지 잠궈야 젤 예쁜 거 같아요. ,"편하다, 잠그다, 희다, 티, 끝"
가볍고 부드러운 제질입니다 후드끈이 엄청길어요 본인만의스타일로 끈정리 하셔야할듯 은근 따뜻합니다 오늘 입고 외출했는데 등에  땀이 고이네요 날씨탓인건지 옷 덕분인지.. 품도 길이도 넉넉합니다 지퍼방향이 반대라  어색하네요 남자옷인가봅니다 오돌토돌 무늬가있습니다,"인가, 따뜻하다, 어색하다, 끈, 무늬, 부드럽다, 땀, 가볍다"
지퍼가 금방 까지고 잘안잠길때가 있지만 그거빼고 꽤 만족합니다.. 애착조끼되가는중 사이즈도 낭낭.. 처음 받았을땐 작은가 싶었는데 입다보니 스몰하길 잘한듯해요,"사이즈, 작다, 잠기다, 애착, 조끼, 되다, 만족하다, 자다, 받다, 빼다"
조아요 핏 예쁘고 투웨이라 더 좋음 안 좋은 점 없음요,"없다, 조아, 투"
무신사에서 처음 구입하는 스타일인데 깔끔하게 정갈합니다 만족합니다,"깔끔하다, 스타일, 인데, 만족하다, 정갈하다, 처음, 무신, 사"
이쁘고 가볍고 얇고 좋아요~ 덕분에 여름 잘 보냈습니다. 몬가 색 빠지는거 같아서 1점은 뺄게요,"가볍다, 빼다, 보내다, 덕분, 얇다, 점, 빠지다"
사이즈는 살짝 크고 엄청 얇어요 착용감은 편하고 가벼워서 좋네요 근데 사람들이 많이 입어서 살거라면 다시 한번 생각해보고 사는걸 추천합니다,"착용, 감다, 추천, 편하다, 사람, 많이, 크다"
힙한 느낌을 원하면 바지만 힙하게 입으면 바로 끝 그리고 생각보다 많이 얇아요,"얇다, 힙하, 원하다, 바지, 힙"
여름에도 입어도 되고 가을도 입어도 될거 같아요 가을에는 흰 슬리브에 레이어드하면 이쁠거 같아요,"가을, 에는, 여름, 슬리브, 레이어드, 되다"
제가 그토록 찾던 핏이에요 !! 진짜 이렇게 이쁜 옷 첨 뵈요 최고 !!,"핏이, 찾다, 이렇게, 그토록, 최고"
얇아서 너무 좋아요 코디할때는 좀 어렵긴한데 하나쯤 이런옷 있으면 좋을거같아서 샀어요,"얇다, 어렵다, 하나, 쯤, 이렇다"
생각보다 많이 얇아서 제가 생각한 핏은 안나왔지만 귀여워요! 빳빳한거 원하시는 분한테는 비추에요 되게 얇아요! 저는 무난하게 잘 입고 다녔습니다,"얇다, 귀엽다, 핏"
사이즈는 딱 맞아서 좋았고 아쉬웠던 점이 있으면 지퍼 부분이 살짝 부실하다 정도 그래도 다른점들은 다 마음에들고 좋았어요,"사이즈, 아쉽다, 맞다, 점"
"171/50 기준으로 M이 널널하게 좋았어요. 처음에 S 주문했다가 사이즈는 괜찮은데 제 기준 원하는 핏이 안 나와서 재주문했더니 너무 맘에 들어요. 저랑 비슷한 스펙이시면 적당한 핏 원하시면 s, 널널한 핏 원하시면 m으로 주문하시면 될 것 같아요!","사이즈, 주문, 재, 원하다, 스펙, 시"
"라지라서 걱정 좀 했는데 역시 수치 정보는 믿을 만합니다. 덩치 좀 있는데 부담 없이 입을 수 있고, 옷 자체가 예쁘고 위아래 자크 포인트랑 다 마음에 드네요. 엄청 가벼워서 편하기도 합니다. 안에 흰 반팔 흰 긴티 입어서 레이어드 해주며 입으려고요ㅎㅎ 잘 입겠습니다.","팔, 편하다, 벼워"
좀 얇지만 스타일 좋고 코디하기 좋아요~~ 무신사에서 같이 구매한 와이드핏 트레이닝바지에 잘어울립니다,"어울리다, 얇다, 무신, 사, 스타일, 코디, 바지"
사이즈 딱 생각했던 대로 적당했으며 무난하게 막 입기 좋은 거 같아요!!,"적당하다, 대로, 사이즈"
아무때나 휘뚜루마뚜루 입기 좋은 것 같아요. 반팔 위에 입어봤는데 조끼부분만 통풍이 안돼서 열이 갇혀있는게 느껴집니다. 요즘같은 환절기에 가볍게 들고다니면서 쌀쌀할때 입기 좋은 것 같고 무지티만 입기 심심할 때 입으면 좋을 것 같아요 지퍼 퀄리티가 좀 아쉬운데 이 가격대면 달려있는 것만으로 만족합니다,"만으로, 만족하다, 환절기, 아쉽다, 가볍다, 퀄리티"
이런 환절기 시즌에 가볍게 걸쳐입고 나가기 좋습니다. 얇은 두께 덕분에 덥지 않게 덜 신경쓰여서 만족합니다.,"가볍다, 덥다, 두께, 시즌, 만족하다, 덕분"
갑자기 이런 나일론 베스트 사고싶어서 사봤는데 사고 자주 입었어요 한여름엔 좀 덥긴 더웠는데 이제부터는 딱 좋을 거 같아요,"덥다, 사보다, 여름, 갑자기, 이제, 부터는, 싶다"
s사이즈 무난하게 잘 맞아요! 배송도 빠르고 만족,"맞다, 배송, 빠르다, 만족, 사이즈"
얇고 가벼운 소재라서 휴대하다가 입기도 편하고 세탁하기도 편해서 마음에 들었습니다,"세탁, 편하다, 얇다, 소재, 라서, 휴대, 가볍다"
엄청난 옷입니다 할인해서 싸게삿네요 하하 나이스 ,"싸다, 할인, 삿네, 나이스, 엄청나다"
나일론 느낌나는 반팔 조끼 찾고있었는데 마침 파르티멘토에서 딱 원하던 느낌의 옷을 찾아서 배송예정까지 기다리며 구매했어요. 사이즈도 정사이즈에 아래쪽에 스트링이 있어 주름도 잡아 스트릿 느낌까지 더할 수 있네요 비닐 느낌처럼 아노락 감성 찾으신다면 딱 이에요 흰티 위에 입어도 이쁘고 저처럼 회색반팔에 아노락 카고로 세트로 입으면 힙찔이 감성 완성 ㅋㅋ,"팔, 비닐, 스트릿, 찾다, 처럼, 신다"
바스락거리는 재질로 가볍고 크지도 작지도않은 정사이즈입니다 아무면티에 입어도 잘어울리고 밑단이스트링으로 조일수도있고 펼수도있어서 다양한연출이가능합니다 ,"작, 사이즈, 가볍다, 크다, 다양하다, 밑단, 재질, 바스락, 거리, 어울리다"
저렴한 가격으로 득템했네요~! 약간 공사장 스트이긴한데 스트릿하게 코디 할 때 활용도가 높아요! 부자재가 고급스럽진 않고 딱 가격 만큼이지만 가격대비 활용도가 높아서 만족합니다~!,"저렴하다, 활, 용도, 가격, 부자, 재, 만족하다, 고급스럽다, 높다"
생각보다 앏아서 당황했지만 이 가격에 이 퀄리티라면 너무 좋다고 생각해요,"퀄리티, 라면, 가격, 당황, 앏아"
사이즈 s하길 잘햇고 밑에 스트링도 있어서 좋어요,"스트링, 햇, 밑, 사이즈"
가성비 갑 진짜 좋고 이쁘다 지퍼가 잘 안잠길때가 있지만 가격대비 가성비 좋다,"잠기다, 가성비, 지퍼, 대비"
일단 배송왔을때 재질이 생긱했던 나일론 재질이 아니라서 아차 싶었는데 입고 밑단 고무줄도 쪼여주니까 왼전 힙 그 잡채로 예뻐서 입을라고 땅땅 했습니다! 아 그리고 뭔가 시끄러운 느낌…이지만 이쁘니까 봐주고 얇기도 정말 얇아요!,"얇다, 끄다, 운, 뭔가, 재질, 밑단"
재질 엄청 굿 하고 구매할지 고민했는데 정말 잘 산 것 같아요,"고민, 재질"
매우 예쁘고 바로 래퍼 가능합니다.. 추천드립니다,"드리다, 가능하다, 추천"
가격도 나쁘지 않고 합리적이여서 굿굿 옷도 넘 예쁨,"여서, 나쁘다, 합리, 가격"
생각보다 얇고 가볍고 딱 여름에 입기 좋아요 잘입을거 같아요,"여름, 가볍다, 얇다"
너무 이뻐요 여름이 시작할때부터 살껄 ㅎㅎ 빨리사는게 이득인거같아영,"여름, 이득, 인거, 시작, 빨리, 살다"
일단 이쁩니다. 색이나 사이즈도 딱이고요. 흰티에 코디하면 좋겠네요.,"희다, 티, 딱이다, 색, 이나, 코디, 사이즈"
가볍고 얇아서 휘뚜루마뚜루 걸치고 코디하기 좋아요 바스락거리는 재질입나다,"가볍다, 얇다, 걸, 치고, 바스락, 거리, 휘뚜루, 마, 뚜루, 코디, 재질"
베스트는 처음 사봤는데 입문으로 입기 정말 좋은거같아요 두께도 얇고 핏도 잘 나오네요 입문으로 강추 ㅋ,"사보다, 두께, 나오다, 입문, 베스트, 핏, 얇다"
적당히 포인트될 수 있어서 자주 입습니다 좋네요,"적당하다, 포인트"
요즘 후드베스트 많이 입고 다니길래 입문해보고 싶어서 샀는데 딱 입문용으로 좋은거 같아요 가성비 굿,"입문, 싶다, 가성비"
저 이거 받고 나서 뻥안치고 3일내내 입고 있습니다,"안치, 나서다, 받다"
배송은 빠르지 않았지만 무지티에 걸치기 좋고 맘에듭니다~ 무더운 지금은 입기 힘드네요 ㅠㅠ,"배송, 힘드다, 걸치다, 빠르다, 듭니, 무지, 지금"
요즘 사람들이 많이 입길래 저도 입어보려고 구입했습니다  구입하길 잘 했다는 생각이 드는 제품입니다 친구 몇명이 어디서 샀냐고 물었던 제품입니다,"제품, 친구, 많이, 입어보다, 사람"
엄청 가볍고 시원한 느낌이고 어떤 옷이든 코디하기 좋은 옷입니다! 사이즈도 딱 좋고 자주 입을 것 같아요! ,"이든, 가볍다, 사이즈, 이고"
싸게 샀다고 생각했는데 가격 더 내려감 ㅠ.ㅠ 디자인 예쁘고 배송도 빨랐어용. 옆에 스트링 달려 있어ㅛ서 코디하기 구웃.,"배송, 빠르다, 싸다, 옆, 달다, 내다"
너무 흔한 맛이 느껴져서 살까 말까 고민했지만 안 샀으면 어쩔뻔...ㅎㅎ 너무 맛도리인 부분..코디하기도 생각보다 쉽고 제 친구도 빌려줬어요 얜 체격이 좀 있어서리..ㅎㅎ나시처럼 입고 아래 뭐냐 그 벌룬조거팬츠 입혔는데 저 세상 힙함;;,"빌리다, 주다, 시, 처럼, 조거, 팬츠, 맛, 어쩔, 힙함, 입히다"
가격 세일할때 사서 좋구요 반팔만 입기 맛밋할때 코디하기 좋음,"맛밋할, 팔만, 코디, 세일, 가격"
"160후반 여성 딱 맞게 입고 싶으면 S, 오버핏으로 입고 싶으면 M하시면 될 듯요","오버핏, 싶다, 맞다, 후반, 여성"
요즘 거의 교복템이에요 품 넉넉하고 여기저기 무난하게 다 잘 어울립니다 투웨이라 조하요 일주일에 일곱번 정도 입고있어요,"일주일, 교복, 이에요, 여기저기, 어울리다"
요즘 날씨에 입기 살짝 더울수도 있지만 적당하고요 디자인도 이뻐서 입기 좋아요.,"디자인, 덥다, 날씨, 적당하다, 수도"
요즘 유행하는 거 같아서 샀는데 넘 이쁘고 재질 체곱니다,"유행, 재질, 체, 곱다"
파르티멘토 옷 믿고 사고 앞으로도 쭉 이용할 거 같아요,"믿다, 이용, 앞, 으로도, 멘토, 파르티, 사고"
인기가 너무 많아 배송은 좀 걸렸지만 심플하니 만족합니다,"심플, 걸리다, 배송, 만족하다, 인기, 많다"
짱짱 이뻐요 편하고 싸고 이쁘고 시원하고 여름이나 가을에 위에 받쳐입기 딱 좋아요!! 강추 입니다 진짜룽,"여름, 이나, 가을, 편하다, 시원하다, 룽, 받치다, 싸다"
얇으면서 여름에 입기 딱이고 특히 비오는날 쌀쌀할때 좋습니다. 가격대비 합리적이고 너무 좋네요!,"여름, 합리, 이고, 얇다, 딱이다, 비다, 특히, 대비"
딱 트랜드한 핏 맛볼수 있는거 같아서 좋았지만 구성품에 비해 가격은 좀 그래요... 그래도 나쁘지 않은 가격에 트렌드에 발 담구고 싶으신분은 사시는걸 추천드립니다 핏은 이뻐요,"맛보다, 그렇다, 담다, 드리다, 비다, 핏, 싶다"
얇고 간지나네요 ㅎ 폭염주의보라 입을수있을지는 모르겠지만 그래도 만족스럽습니다 ㅋㅋ 잘입어보겠습니다,"만족스럽다, 입어보다, 모르다, 지나다, 얇다, 폭염, 주의보"
화면이랑 똑같구요 조여 입으려고 큰 사이즈로 샀는데 넉넉해서 좋아요,"사이즈, 화면, 이랑, 똑같다, 조여"
얇은 바람막이 재질의 베스트인데 이게 은근 간지 나고 두껍지도 않고 실내 에어컨의 바람도 막아주고 아주 일석이조의 역활을 하는 옷입니다. !!  ,"얇다, 두껍다, 바람, 바람막이, 역활, 에어컨, 일석이조, 재질, 막다"
가볍게 고프코어룩 맛내기 좋습니다 가성비도 뛰어납니다,"가볍다, 뛰어나다, 가성비, 맛내기, 코어, 룩, 고프다"
딱 생각했던 핏이랑 색이라서 잘 산거 같아요 완전 추천,"핏, 이랑, 색, 추천"
"살까 말까 고민을 엄청 많ㅇㅣ 하다가 구매 하게되었는데, 늦게 산게 아쉬울 따름입니당 얇고 너무 예쁘고 활용도도 높습니다 넘 예뻐요","얇다, 늦다, 고민, 따름, 되어다"
"여자친구가 진짜 너무나 좋아하네요 별생각없이 질렀는데 매일입게 되었어요,,교복 드가자!! 최고입니다","좋아하다, 지르다, 되어다, 교복, 너무나, 드, 여자친구, 없이"
얇아서 여름에ㅜ입기 좋고 배송도 예상보디 빨라서 좋았어요,"여름, 얇다, 보디, 배송, 라서, 예상"
조금 크긴한데 스트링 꽉 조이면 적당하게 잘 입을 수 있을 것 같아요  얇기도 얇은 편이라서 한여름에도 덥지 않을 것 같아서 좋습니당 ,"여름, 덥다, 얇다, 니당다, 적당하다, 크다, 편이, 라서"
고프코어의 기본템은 역시 파르티멘토죠.. 피쉬테일부터 바람막이나 등등 아웃도어(?) 느낌의 의류는 대부분 파르티멘토부터 보게 되는 것 같아여 ㅎㅎ 후드 모자도 달려있어 일반 베스트와는 더 귀여우면서 캐주얼한 맛이 있네욤,"모자, 의류, 맛, 고프다, 코어, 티, 멘토, 귀엽다, 피쉬, 테일, 베스트, 와는"
겁나 이뻐여. 근데 밖에 돌아1다니면 이 옷 입은 사람만 1억명 있음,"돌아다니다, 겁나다, 근데, 밖에, 사람, 억, 명"
두께감 괜찮고 색감도 좋아서 지금 입기에 적당해요,"적당하다, 지금, 두께감, 색감"
타임세일 기간에 사서 더 가성비 있게 구매했어요!! 옷도 얇아서 여름애 입기 좋을 것 같아요 근데 생각보다 반팔입는거에 비해 덥네요..,"덥다, 얇다, 근데, 비다"
싼 가격에 입문용으로 좋아요  얇아서 여름에 입기도 좋을듯,"여름, 입문, 얇다, 가격"
"다른 색상도 추가구매예정입니다 핏, 기장 다 맘에 드네요","예정, 기장, 색상, 추가"
여름에도 후드 입고 싶어서 샀는데 얇고 좋아여 사이즈도 적당해요,"적당하다, 싶다, 얇다, 사이즈, 여름, 후드"
포장도 깔끔하고 배송도 2일만에 받았습니다 감사합니다 얇아서 여름에 데일리로 걸치기 좋아요,"포장, 배송, 깔끔하다, 데일리, 여름, 받다, 얇다, 걸치다"
얇아서 흰색 반팔티에 같이 입기 좋았고 힙해 보여서 만족합니다,"팔, 티, 보, 여서, 얇다, 힙해, 만족하다, 흰색"
사이즈가 크킨했지만 나쁘지 않았습니다 먀족해요,"먀족해, 사이즈, 나쁘다, 크킨"
옷 이쁘고 어디에도 잘 어울려요 아무때나 편하게 입을 수 있는거같아요,"편하다, 어울리다"
편해요 여기저기 휘뚜루마뚜루 잘 입었어요 운동 일상 모두,"편하다, 여기저기, 일상, 휘뚜루, 뚜루, 운동"
가격 대비 좋아요. 아무데나 걸쳐서 코디하면 될 거 같아요.,"코디, 걸치다, 대비, 가격"
재질얇아서 엄청 더운 한여름 제외하고는 입을만했습니다!,"재질, 얇다, 제외, 하고는, 덥다, 여름"
가볍고 얇아서 여름에 시원하게 입기 좋은 것 같아요,"시원하다, 여름, 가볍다, 얇다"
처음 사봤는데 착용해도 시원하고 핏도 이뻐서 정말 좋았습니다,"사보다, 착용, 핏, 시원하다, 처음"
여름 내내 잘 입고 다녔어요 무난템이 곧 데일리템임,"데일리, 템임, 여름"
사이즈도 너무 잘맞고 핏도 좋아요 너무 이쁘고 좋아요,"맞다, 핏, 사이즈"
진짜 매일 입어도 될 만큼 부담없고 예쁘게 입기 좋아요!,"없다, 부담, 매일"
좋아요 걸쳐입으면 나름대로 힙한 느낌 근데 s여도 생각보다 크네요,"나름, 대로, 크다, 근데, 여도, 힙, 걸치다"
옷이 너무 이뻐서 너무 좋은것같아요 그래서 번가락 한번씩입고잇어요,"잇다, 가락, 번, 씩"
무난무난하고 트렌디해서 좋아요~ 만족하고 잘 입는중입니다,"만족하다, 트렌디, 중, 하고"
한여름에는 조금더울수있긴한거같아요 그래도 흰티에 툭걸쳐서 라볍게 코디하기 좋네용,"라볍, 희다, 티, 걸치다, 한여름, 에는, 코디"
완전 잘 산 것 같아요! 디자인이 너무 마음에 들고 제품 색감도 너무 이쁩니다 :) 적극 추천합니다!,"추천, 디자인, 색감, 제품, 적극"
시원하고 편하게 입었어요 다만 구겨지는 재질이라 감안하셔야돼요,"감안, 편하다, 시원하다, 구기다, 돼다, 재질"
너무 이쁘구 편하고 모든게 완벽! 너무 좋은옷 득템해서 행복해요 ㅎㅎ,"행복하다, 득템, 편하다, 완벽, 모든"
여성분들은 s사이즈 하시면 될거같아요 얇아서 안 덥고 좋음,"얇다, 여성, 분들, 덥다, 사이즈"
가성비 나일론 조끼 필수품!! ㅇ흰티에 입으면 코디가 아주 좋아여,"희다, 티, 코디, 가성비, 일, 론, 조끼, 필수품"
ㅁ모든 바지에 어울리고 키 작아도 입을수 있고 깔끔하고ㅠ이뻐요,"깔끔하다, 어울리다, 작다, 바지, 모든"
디자인이 예쁘고 무난한 패션에 나름의 포인트를 줄 수 있다,"패션, 디자인, 포인트, 나름"
뱃살이 약간 있어서 흰티에 입으려고 구매했구요 날씬해 보이고  편해요 최근들어 젤로 맘에든 옷!!,"편하다, 보이, 뱃살, 젤로, 날씬하다, 희다, 티"
베스트 처음 입문 하는데 예쁘게 잘 산거 같아요 다른색상도 살거 같아요,"색상, 처음, 베스트, 입문"
적당히 얇고 걸치기 너무 좋아요 튼튼하고 디자인도 굳,"얇다, 걸치다, 디자인, 적당하다"
잘입고다닙니다 지퍼가 조금 그렇긴 한데 가성비 좋아용,"지퍼, 그렇다, 가성비"
적당한 가격에 잘 산 것 같네요. 찢어지지 않으려면 세탁기 돌릴때는 세탁망 필수일 것 같긴하네요.,"세탁, 망, 세탁기, 적당하다, 찢다, 필수, 돌리다"
딱 원하던 스타일이라서 좋아요 ! 스타일 기장 사이즈 다 마음에 듭니다 !,"스타일, 원하다, 듭니, 사이즈"
상당히 깜찍하네용 너무 맘에들어요 지금 날씨에 입기 딱좋은듯,"깜찍하다, 날씨, 지금, 상당하다"
기대 햇던거 만큼 이뻐서 계속 잘 입을꺼 같은 옷이에요,"이에요, 햇던, 기대, 계속"
얇고 시원헌 재질이라서 여름에 입기 좋아요! 러시아 일진 같으면 어쩌나 했는데 힙하고 예쁩니다!,"재질, 여름, 어쩌나, 얇다, 힙, 하고, 러시아"
흰티랑 같이 입으면 좋고 포인트로 입어도 좋을거같아요,"포인트, 희다, 티"
편하게 입을 수 있어서 좋고 디자인도 괜찮아서 좋아요,"편하다, 디자인"
그냥 무난하게 이뻐요 사이즈도 살짝 오버핏으로 딱 갠춘,"사이즈, 갠, 추다, 그냥, 오버핏"
잘 찢어져요 친구가  잡아당겼더니 찢어졌대요 무난하게 입을수있는 옷입니다.,"찢어지다, 대요, 당기다, 잡다, 친구"
이거 입고 사진 ro많이 찍음 근데 여름에 입고다니기 너무 더움,"여름, 더움, 근데, 많이, 사진"
예쁘네요! 가뱝고 가격도 괜찮은 것 같습니다. 힌옷에 국물 막아주는 용도로 개꿀 ㅋ,"막다, 뱝, 용도, 개꿀, 국물, 가격"
자크가 부실하긴 함 근데 아무 티에나 막 입기 좋아요,"부실하다, 근데, 자크, 티, 에나"
이거 아주 유용함 교복입니다 입고다니기 편하고 좋음,"교복, 편하다, 유용하다"
소재가 얇고 아무거나 잘 어울려서 좋았어요 ~!~!~ 저렴하게 구매했는데 자주 입을 것 같네요,"저렴하다, 어울리다, 얇다, 소재, 거나"
배송 매우 빠릅니다 포장 되게 꼼꼼하게 해서 옵니다,"되게, 옵니다, 빠르다, 배송, 포장"
핏도 좋고 사이즈도 적당해서 자주 입게 되어서 아주 마음에 들어요,"적당하다, 핏, 되어다, 사이즈"
옷에 하자가 있었는데 다행히 빠르게 처리해주셨습니다 마음에 들어요,"처리, 해주다, 다행하다, 하자, 빠르다"
잘 입고 있습니다 사이즈도 엄청 크지 않고 적당해요  끈도 길어서 원하는 모양대로 묶을 수 있어서 굿 입니당 ,"묶다, 사이즈, 끈, 크다, 적당하다"
좋운데 손이 장 안가고 살짝 불편함 일회용느낌 악감 비추,"악감, 가다, 불편하다, 손, 일회용, 비추다"
초봄부터 가을까지  활용도가  높아서 좋앗습니다,"초봄, 가을, 높다, 활, 용도"
힙한 무드로 입고싶을때 입으려고 샀어요 작년에 한창 유행일땐 그냥 그래보였는데 유행 지나니까 예뻐보여서 샀는데 예쁘네여,"작년, 그렇다, 보이다, 보, 여서, 그냥"
옷의 소재와핏이 좋아서 자주 입게 되네요. 다음에 도 구매 의사 있어요!,"되다, 핏, 소재, 의사"
사이즈도 적당하고 근데 줄이 긴게 조금 걸리네요. 하지만 좋은 상품 감사히 입겠습니다!!,"걸리다, 감사히, 적당하다, 근데, 줄이다, 사이즈"
좋아요..잘입고있네요..안에 흰색반팔 입고 반바지입고 편하게 다닐때 입고다녀요..,"편하다, 자다, 바지, 팔, 흰색"
막입고다녀도 힙하니 이쁩니당 아들이  너무 만족스러워하네요ㅋ,"만족스럽다, 아들, 힙하"
여름에도 입기좋은 후드인것같아요 깔롱하네요 ㅋㅋ,"깔다, 롱, 후드, 여름"
나일론 재질이라서 땀나도 안 묻고 핏도 이뻐서 옷이랑 매치시키 좋아용,"이랑, 재질, 매치, 핏, 묻다, 따다, 나일론"
무난하게 잘 입고있는데 싼티는 좀 납니다 근데 이뻐서 가끔 입어요,"나다, 싸다, 티, 근데, 가끔"
가볍고 편하게 입기좋습니다 언제든 쉅게 거칠수잇습니더,"쉅, 잇다, 가볍다, 편하다, 거치다"
얇아서 레이어드하기 좋아요 끈이 좀 긴게 아쉬워요,"아쉽다, 얇다, 레이어드, 끈"
중학생 아들 입니다 처음엔 애매 했는데 잘 어울려요,"어울리다, 처음, 아들, 애매, 중학생"
재질이나 다른건 다 나쁘지 않은데 모자가 너무 큼,"재질, 이나, 나쁘다, 모자"
더운 여름에도 입을 수 있을 만한 얇은 두께가 장점입니다 얇다보니 조금만 던져놔도 잘 구겨지긴 하는데 그것 말고는 핏도 괜찮고 좋아요,"여름, 덥다, 얇다, 장점, 핏, 던지다, 놓다, 구기다"
옷이 얇아서 한여름에도 입기 너무 좋았고 사이즈 조절이 가능해서 편리했어요,"여름, 얇다, 편리하다, 사이즈, 가능하다, 조절"
한여름에는 조금 덥긴한데 예뻐영 아무 반팔티에 걸쳐 입어도 돼서 편해요,"팔, 티, 편하다, 덥다, 한여름, 에는, 돼다, 걸치다"
반팔 솔직히 다 고만고만해서 질리는데 이건 그냥 아무생각 없이 걸쳐입어도 ㄱㅊ아보임 근데 재질 자체가 얇아서 앞주머니에 핸드폰 넣으면 옷이 앞으로 쏠려요 안넣으면이뻐,"주머니, 핸드폰, 얇다, 넣다, 솔직하다, 질리다, 만고, 그냥"
옷이 예쁘고 제질도 좋아요 잘 입고 다니겠습니다,질도
흰 반팔과 입기에 무난한 조끼템으로 재질이 얇고 가볍습니당,"조끼, 얇다, 팔, 재질, 가볍다, 니당다"
옷 진짜 넘  잘 입고 있습니다..... 정말 좋아요 코디에하기에 굳굳,코디
핏도 레귤러하게 적당하고 얇에서 여름에 입기 좋아요 !!,"여름, 얇다, 레귤러하, 핏, 적당하다"
코디 칙칙할 때 가끔 입으면 좋아요 한여름엔 검정색이라 좀 더워요,"덥다, 검정색, 코디, 여름, 가끔"
싸게 구매했늠데 그만큼 질이 막 엄청 좋은편은 아닌거같아요ㅠㅠ 두번째 입엇을때 주머니 살짝 당겨졋는데 윗쪽 실밥이 뜯어짐.. 그래두 편하게 입어요~!!,"뜯다, 짐, 주머니, 싸다, 편하다, 당기다, 편, 그렇다"
옷 자체도 가볍게 입기 좋고 사이즈도 딱 맞아요  한여름에는 좀 더울 수 있어요,"가볍다, 맞다, 덥다, 사이즈, 여름, 에는, 자체"
여름에 반팔만 입기 휑할 때 포인트 주기 좋아요 근데 조금 얇아서 핏이 사는 느낌은 좀 적네요,"여름, 얇다, 적다, 핏, 휑할, 근데, 팔만"
적당히 스타일 낼수 있는거같아 좋습니다. 소재가 얇아서 여행갈때 부피도 줄일수있어요,"얇다, 줄이다, 적당하다, 소재, 스타일, 부피"
그냥.. 그래요 쏘쏘 코디 못하면 알바조끼 같은 느낌도 들고,"못, 그렇다, 그냥, 알바, 조끼, 코디"
무난한 옷에 포인트 주기 좋은 아이템인것 같습니다.,"아이템, 주기, 포인트"
넘 편해요 옷이 디자인도 예쁘고 여름에 입었는데 별로 덥지도않음,"여름, 덥다, 편하다, 별로, 디자인"
재질도 쉬원해서 좋고요 디자인도 심플하니 좋네요,"심플, 쉬, 원하다, 재질, 디자인"
장마철에 너무 좋습니다 날씨가 애매할때 입으면 좋아요,"날씨, 장마철, 애매하다"
마감이 꼼꼼히 잘 돼서 그런지 한달이 지나도 옷이 튼튼해요!! 바람이 통하는 재질이라 지금 날씨에 잘 입고 있습니당,"바람, 날씨, 재질, 지금, 돼다, 지나다, 그렇다"
가격도 싼데 옷이 이뻐요 사람들도 다 옷이쁘다고 칭찬하네요 ㅎㅎ,"칭찬, 쁘다, 싸다, 사람, 가격"
요즘 제 교복이에요 넘 편하구 핏도 좋아요! 밥먹고도 힘안줘도되서 좋음..^_^,"교복, 이에요, 주다, 편하다, 핏, 되다, 먹고다"
아직은 좀 더워요 가을에 많이 입으려구요 기대중이에요,"구, 아직, 덥다, 가을, 대중, 이에요, 많이"
배송도 엄청 빨리 오고 어떤 옷에 걸치든 이쁜거 같아요,"오다, 치, 어떻다, 배송, 빨리"
가성비 킹입니다 이 가격에 밑단 스트링이랑 후드 스트링 투웨이지퍼까지 있으면 충분히 훌륭한 가성비가 아닐지..다만 후드를 썼을 때 뒷통수가 살짝 뜨는 감이 있어서 잘 만져주면서 입어야 할 것 같고 엄청 얇은 재질이라 기능성은 크게 기대하지 못할 것 같아요 그래도 가볍게 레이어드 하기에는 이만한 가성비 아이템이 없을 것 같네요 좋아요!,"얇다, 이만, 재질, 가격, 스트링, 기능, 성은, 뒷, 통, 수가, 후드"
원단이 생각보다 엄청 앏았지만 오히려 그게 더 마음에 들었어요 어떤옷에든 레이어드해서 입기 좋을거 같아요,"앏았, 레이어드, 원단, 그게, 어떻다"
생각보다 코디하기가 어렵네요.. 그래도 간단하게 잘 입고 있습키나,"간단하다, 네요, 코디, 키, 어렵다"
좋아요 모자로 자외선 차단 삽가능 근데 살작 거적대기같은 느낌이 있는건 유감,"거적, 대기, 모자, 차단, 자외선, 근데, 유감, 가능, 살작"
조끼 편하다 가볍다 팔이 없어서 자유롭다. 살짝 바람불기 시작할때는 내 교복이다,"없다, 시작, 교복, 가볍다, 팔이, 자유롭다, 편하다, 조끼, 불기"
디자인도 깔끔하고 딱 제 스타일이였어용 가격도 괜찮고 좋아요,"깔끔하다, 스타일, 디자인, 가격"
사이즈가라지보다 더 큰게 없어서 그런가 조금 작은 느낌은 있는데 확실히 얇아서 입고 다니기 좋은것 같고 그렇게 과하지 않아서 너무 좋은 핏인것 같아요 ,"작다, 가라지, 얇다"
조끼가 너무이쁘네요 크기가 딱맞고 좋습니다 옆에 조일수있어서 편해요,"편하다, 옆, 맞다, 조끼, 조이다, 크기"
기본흰티에 시어후드베스트만 걸쳐도 코디가 가능해서 휘뚜루마뚜루 잘 입어지더라구요 배송이 빠른것도 좋았는데 구매후기가 이건 많이 늦었네요 ,"늦다, 배송, 베스트, 구, 걸치다, 희다, 티, 가능하다"
가볍게 입고 나가기 좋아요 재질도 딱 원하는 재질이었습다,"재다, 가볍다, 재질, 원하다"
그냥 무난무난하게 막 입고 다니기에 좋은거 같아요,그냥
생각보다 작고 얇지만 자주 손이가고 편해서 잘입어요,"얇다, 편하다, 작고, 손, 가다"
흰 티 위에 입기 너무 편합니다 너무 강추드려요 👦 여름에도 자주 입고 있습니다,"여름, 편하다, 추, 드리다, 위"
배송도 빠르도 옷도 이뻐서 너무 만족합니다 굳굳,"만족하다, 배송, 빠르다"
편하고 생각보다 얇아요 가끔 입고 나가기 좋음 하ㅏㅎ,"편하다, 얇다, 가끔"
"요즘 유행하는 스타일이라서 하나 사봤는데, 편하고 예뻤어요!","스타일, 사보다, 편하다, 유행, 하나"
아주 얇고 바삭거리는 소재입니다 너무 길지않아서 좋아요.,"얇다, 소재, 바삭, 거리, 길다"
가격도 좋고 재질도 괜찮아서 무난하게 입을 수 있어요,"재질, 가격"
딱 비오는 날씨에 입기 좋을 것 같아요! 마음에 듭니당,"듭니당, 날씨, 비다"
여름에 입으려고 샀는데 조금 타이트한점 빼면 괜찮,"빼다, 여름, 타이트"
여름에 입기 좋은 얇은 소재가 너무 좋았어요!! 또 밑에 스트링이 있어서 흰 티에 헤이어드 하기에도 너무 좋아요 ,"소재, 티, 얇다, 밑, 헤이어드"
휘뚜루마뚜루 입고다니기 정말좋습니다 추천드립니다,"드리다, 휘뚜루, 마뚜루, 추천"
뭔가 앞면이랑 아래 시보리가 약간 애매하긴 한데 그래도 저렴호게 입기 좋음,"애매하다, 앞면, 이랑, 호, 시보리, 뭔가, 아래"
걍 평범 흰티만 입기 심심할때 걸치기 좋음 나쁘지않음,"희다, 티, 걸치다, 나쁘다"
비올때 입기딱좋아요 방수짱짱함 패션으로도 간지나고 코디하기 좋아용 ,"지나다, 패션, 으로도, 코디, 비올, 방수, 함"
편하고 가을에 긴팔에도 입을 수 있을거 같아요ㅎㅎ 강추합니다.,"편하다, 가을, 추하다, 팔"
가볍고 편해요 하얀색 옷 위에 입으면 옷에 뭐 흘려도 개꿀,"흘리다, 가볍다, 편하다, 개꿀, 위, 하얀색"
원하던 대로 얇아서 좋고 L 사이즈는 오버핏 100정도 되는것같습니다,"얇다, 원하다, 오버핏, 대로, 사이즈, 되다"
"소재가 얇아 여름에 입기 좋고, 핏도 잘 살려주지만, 잘 구겨진다는 점이 살짝 아쉽네요","여름, 구기다, 얇다, 살리다, 핏, 소재, 아쉽다, 점"
너무 이뻐요 평소에 데일리로 편하게 입고 다니고 꾸안꾸 느낌도 낼수있어요,"데일리, 편하다, 평소, 꾸다"
엄청 가볍고 지금처럼 더울때 입을수있는거같아 좋네요,"가볍다, 지금, 처럼, 덥다"
너무 편하고 이뻐요 진짜 다시 사고싶은데 돈모으면 바로 살려구요,"살리다, 다시, 모으다, 편하다, 싶다, 구요"
가볍고 얇은데 아직은 더운거 같습니다 가을되면 더 잘 입을듯 합니다,"가볍다, 아직, 덥다, 가을, 얇다, 되다"
포인트 주기 너무 좋네요! 지금은 너무 더워서 안입지만 날 풀리면 또 입게요!,"덥다, 풀리다, 입지, 지금, 주기, 포인트"
너무 예쁘고요 맘에듭니다 다른 색도 사고싶어요,"색도, 싶다, 듭니, 사고"
반팔 입고 구냥 이거 걸치고 나가여 맨날 가볍고 좋슴다,"걸, 치고, 가볍다, 좋슴다, 구, 냥, 맨날, 팔"
되게 얇구요 비닐같아요  엄청 잘 입구 다니다가 고무줄이 어디에 걸려서 찢어짐.. ㅠㅠ  한여름에는 더워서 못입고 이제 슬슬 입기 좋을것같아요,"덥다, 여름, 에는, 얇다, 되게, 걸리다, 찢어지다"
심심한 여름 반팔티에 걸치면 포인트 되기 좋아요.,"걸치다, 팔, 티, 되다, 포인트, 여름"
시원하고 얇고 가볍고 부드럽고 색깔도 이쁩니다,"가볍다, 부드럽다, 얇다, 색깔, 시원하다"
한여름에 입기엔 너무 덥습니다. 그치만 저는 너무 예뻐서 입었긴 합니다.,"덥다, 그치다, 한여름"
기본템인 데는 이유가 있네요 손이 잘 가고 편하고 예뻐요!,"편하다, 손, 이유, 기본"
가볍고 편하게 입기 좋아 보여요 중학생이 첨 접하는 조끼입니다,"중학생, 가볍다, 조끼, 편하다, 보이다, 접"
휘뚜루마뚜루 입고나가기 좋아요 밑에 쪼이고 입으면 귀여워요,"귀엽다, 쪼이다, 밑, 휘뚜루, 마뚜루"
제질 느낌과 두께가 얇아서 좋고 활동적인거 할때도 편해서 입기 좋아요,"편하다, 얇다, 두께, 활동, 질"
여행가서 입으려고 샀어요 얇고 주머니 많구 유용해요,"유용하다, 얇다, 여행가, 많다, 주머니"
다 좋지만 모자핏이 저한텐 별로네요ㅠㅠ 그래도 잘 입고있습니다,"모자핏, 별로"
귀여워요! 가을에 많이 입을 것 같아요! 근데 저한텐 모자가 조금 크네요 ㅠ,"크다, 귀엽다, 근데, 모자, 가을, 많이"
딱 제가 찾던 비닐 쪼끼입니다. 스웻펜츠랑 입어도 어울리고 어두운 와이드 핏바지랑은 다 잘 맞아요. 정핏으로 가져갑니다. ,"핏바지, 랑은, 가져가다, 쪼끼입니, 어울리다, 찾다, 맞다, 펜츠, 정핏"
남자친구 사줬는데 두께는 얇은 편이고 핏 예뻐요! 추천합니당,"사주다, 편이, 두께, 추천, 남자친구, 얇다"
남자친구 사줬는데 잘 맞네요 가볍고 무난해서 편하게 입기 좋아요 만족합니다,"편하다, 가볍다, 만족하다, 사주다, 맞다, 남자친구"
레이어드해서 입기 좋아요 ! 정사이즈로 입어도 품 넉넉했어요,"사이즈, 레이어드"
엄청 얇은 비닐 제질이라 여름에 안 덥게 입을 수 있을 것 같고 제품 퀄리티는 높은 편은 아니라 가성비로 입기 좋습니다.,"비닐, 얇다, 퀄리티, 제품, 덥다, 여름, 높다"
일단 배송이 정말 빨리와서 기분이 좋습니다. 소재가 구겨지는 부분 말고는 가볍고 부피도 별로 안차지 해수 만족합니다,"만족하다, 가볍다, 배송, 소재, 빨리, 말고는, 별로"
가볍고 얇고 바스락 거리는 재질이라서 진짜 편하고 여름에도 잘입어요 투웨이라서 더 활동적으로 입을수있어서 두배 만족입니다 어디에 입어도 잘어울리고 편해서 최애 아우터에요,"여름, 가볍다, 편하다, 만족, 얇다, 재질, 아우터, 에요"
여름에 흰 반팔티에 입으면 포인트 되고 예쁩니다! 엄청 얇고 가벼워서 좋아요! 얇지만 나름 보온이 잘 되는지 에어컨 추울때 입으면 쫌 따땃해지는 정도임니다,"얇다, 가볍다, 여름, 추다, 에어컨, 팔, 티, 따땃해, 지는"
조금 더 날씨가 시원해지면 잘 입고 다닐 것 같아요 스트링 조이고 입으면 귀여워서 좋아용,"귀엽다, 시원하다, 조이, 날씨"
생가보다 흐물흐물한 재질이구요 비올때나 여름실내 입기 좋아요.얇습니다~ 데일리로 손이자주가요,"데일리, 얇다, 손, 재다, 흐물, 가요, 실내, 생가"
얇고 가벼워요. 약간 바스락거리는 천인데 거슬리는정도는 아니예요 지금부터 잘입을수 있어요,"지금, 벼워, 천, 인데, 바스락, 거리, 얇다, 거슬리다"
말그대로 휘뚜루마뚜루 입을수있는 옷이네요 얇고 가벼워서 가방에 접어넣고 다니다입기도 좋아요,"가방, 가볍다, 접다, 얇다, 넣다"
포인트주는 용도로 입기에 아주 좋아요 추천합니다,"추천, 용도, 포인트, 주다"
사이즈 딱 좋고 포인트 주는 용도로 입기에 아주 좋아요,"사이즈, 용도, 주다, 포인트"
포인트 주기 좋습니다. 방수 재질이라 비올 때도 좋아요,"재질, 방수, 비올, 주기, 포인트"
싼맛에 샀는데 너무 잘입고다니고있어요 예쁘고 편하고 휘뚜루마뚜루 입기좋아요,"편하다, 맛, 휘뚜루, 마"
엄청 얇아서 그냥 반팔 입은거랑 덥기 비슷해요 포인트 주기 좋습니다,"얇다, 그냥, 팔, 덥다, 주기"
생각보다는 작은 사이즈였어요 ㅜ 그래도 잘 입을 것 같아요,"사이즈, 보다는, 작다"
다 좋은데 후드끈이 너무 길어요 뭔가 디자이너 분의 의도가 있었나 싶지만 일단 저는 맘에 안 드네요 근데 잘 묶어서 입으면 정말 예쁠 것 같아요 완벽해요,"디자이너, 묶다, 완벽하다, 뭔가"
여름에 티만 입기 심심할 때 좋을 것 같아요 두께는 진짜 생각했던 것보다 엄청 얇았어요 근데 오히려 좋네요 덥지도 않고 잘 입을게요,"덥다, 얇다, 두께, 여름"
좋아요 투웨이라 코디하기도 쉽고 흰 무지티랑 매치해서 입으면 좋습니다,"매치, 코디, 기도, 쉬다, 티, 무지, 투"
세일할때 싸게 샀습니다 조금 두껍긴한 느낌이 있습니다,"싸다, 세일, 두껍다"
강아지가 지퍼 물어뜯어서 얼마 못입엇지만.. 핏 이뻐영,"엇, 지다, 뻐영, 물어, 뜯다, 강아지"
기장도 적당하고 무엇보다 시원해서 진쯔 좋은 거 같어요!!,"시원하다, 적당하다, 진쯔, 기장"
시원한 재질이긴한데 한여름에 입으니까 덥기는 하네여ㅠ 잘 입겠습니다,"덥다, 재다, 여름, 시원하다"
사이즈 딱 맞고 재질도 좋아서 편하게 입고 다닐수 있을 것 같아요,"편하다, 맞다, 재질, 사이즈"
생각한 것 보다 더 얇아서 여름에 입기 너무 좋은 것 같고 디자인도 깔끔해서 너무 좋네요,"여름, 깔끔하다, 얇다, 디자인"
역시 여름앤 더워서 가을을 기다리고 있어요  튼튼하네요..,"덥다, 기다리다, 여름"
색감은 사진과 똑같아요 그리고 디자인은 평범해요 길에서 많이보이는 스타일,"색감, 사진, 스타일, 디자인, 길, 평범하다, 보이다, 똑같다, 많이"
블프 때 산거라 아주 싸게 잘 산것 같아서 기분은 좋지만 배송이 굉장히 아쉬웠습니다. 그래도 이해는 합니다. 이 조끼가 굉장히 많이 팔렸기 때문에 아마 늦을 수 밖에 없었을거에요 ㅎㅎ 굉장히 얇고 여름에 그냥 무지티든 티셔츠든 하나 입고 이거 걸치면 끝납니다. 코디가 그 정도로 다양하게 매치할 수 있는 조끼입니다. 입고 다니니까 아쉬운 점은 모자 쪽이 너무 무게감이 없어서 바람이 불면 너무나 이리날리고 저리날립니다. 무게감을 약간 줘서 많이 안날리게 했다면 더 좋았을 텐데.. 그러나 써게 샀기 때문에 정상참작이 됩니다.,"티셔츠, 무게, 블프, 아쉽다, 싸다"
좀 크긴 한데 그래도 잘 입고 다녀요 여름에 코디하기 좋음,"여름, 크다, 코디"
2만원대에 이렇게 가성비좋은 베스트 좋습니다,"만원, 대, 이렇게, 가성비, 베스트"
완전 디자인 미쳤습니다!!  자주 입을거같에요 감사합니당,"미치다, 디자인"
디자인 깔끔하고 이브고 그냥다하세엿 완전 조음,"깔끔하다, 그냥, 엿, 브, 조음, 디자인"
"요즘 같은 쌀쌀한 새벽, 밤에 입기 딱좋아요! 안입고 입고 차이 진짜 큼! 그냥 반팔에 살짝 걸쳐주면 이뻐욥!!","걸치다, 밤, 팔, 뻐욥, 그냥"
여름에 입기 딱 좋아요 얇고 시원합니다 꼭 사세요 ㅎㅎ,"시원하다, 여름, 얇다"
"잃어버려서 다시 구매했습니다. 똑같은 제품을 살만큼 아주 만족하고, 끈이나 디테일이 이뻐서 좋습니다.","만족하다, 잃어버리다, 끈, 이나, 디테, 일이, 똑같다, 제품"
이런 옷 사고 싶었는데 이번에 세일 하길래 적절한 가격에 잘 구매했어요~,"싶다, 가격, 적절하다, 이렇다, 세일, 사고"
착용감은 가볍고 안 입은듯하고 재질은 시원한 재질이고 무게는 엄청 가볍다,"가볍다, 착용, 감다, 재질, 무게, 하고, 시원하다"
지금 날씨에 입기 딱좋네요 이 가격에 이퀄리티 말도 안돼~,"말, 지금, 가격, 날씨, 퀄리티"
바람막이 베스트로 아주 좋아요 조금 얇아서 간절기때 좋을거 같아여,"바람막이, 베스트, 얇다, 간절기"
엄청 얇고 가벼워서 여름에 스타일내기 정말 좋아요!,"벼워, 여름, 얇다, 스타일, 내기"
엄청 얇고 가벼워서 여름에 간단하게 걸치기 좋아요!!,"여름, 벼워, 간단하다, 얇다, 걸치다"
완전 이뻐서 평소에 많이 입고다니기 좋을거같아요,"평소, 많이"
여름에 티셔츠만 입는게 너무 무난하기도 하고 베스트 계속 고민중이었던 차에 가격이 깡패길래 구매했는데 얇고 핏도 예뻐서 마음에 들어요! 줄이 조금 길긴 한데 나름대로 포인트되고 좋은 거 같습니당~!,"니당다, 깡패, 길, 티셔츠, 나름, 대로, 차"
이런 옷 처음 사보는데 흰색옷 위에 입기만 해도 뭔가 꾸민거 같은 느낌이 나서 엄청 잘 산거 같아요.,"흰색, 사보다, 나서다, 이렇다, 뭔가, 처음"
더운 여름에도 입기 좋은 옷같아요 잘 입겠습니다!!!,"여름, 덥다"
여름에 출근복 위에 입으려고 샀는데 출근할때 입어도 좋고 평상복이랑 같이입어도 예뻐요!,"평상복, 이랑, 여름, 출근, 위"
색감은 화면이랑 똑같고 그냥 아무 티에다가 입어도 예뻐요,"화면, 이랑, 똑같다, 그냥, 색감, 티, 에다가"
배송 빨라서 좋았어요 색감도 화면이랑 똑같아요 가격도 착하고 흰티에다가 그냥 입어도 완전 예뻐요 요즘 제 교복인듯,"착하다, 화면, 이랑, 희다, 티, 에다가, 색감, 똑같다, 그냥"
옷이 깔끔하고 이뻐서 스 타일링 하기가 좋아요히,"깔끔하다, 히, 타, 일링"
그냥 저냥 괜찮아요 끈이 너무 긴거 빼고는 마음에 드네요,"그냥, 냥, 빼다, 끈"
딱 생각한 후드베스트 느낌이라 잘 구매한거같아요,"베스트, 후드"
일단 원단 자체도 가볍고 튼튼해서 마음에 들고 사이즈도 딱인 것 같아서 너무 좋습니다 파르티멘토 브랜드는 역시 믿고 구매해도 될 것 같아요!,"브랜드, 사이즈, 가볍다, 딱이다, 믿다"
가성비 좋게 입을 수 있는 바람막이 베스트 캐주얼&스트릿하게 입기 좋음,"스트릿, 바람막이, 캐주얼, 가성비, 베스트"
무슨옷이든 잘 어울려서 자주 입어요 이뻐요 배송빨랏ㄹ어요,"어울리다, 빨랏어, 배송"
"재질도 좋고, 가격대비 퀄리티도 높아서  무난하게 입기좋아요!!","높다, 재질, 퀄리티, 대비, 가격"
"적당히 오버핏으로, 재질도 좋고 무난하게 이뻐요!","오버핏, 적당하다, 재질"
은근히 버뮤다에 엄청 잘 어울려서 여친이랑 커플로 입었어요,"커플, 여친, 이랑, 어울리다, 버뮤다, 은근, 히"
베스트가 매일 입는건 아니니까 비싼걸 사고 싶진 않았는데 마침 저렴이가 있어서 샀습니다. 가격에 비해 퀄리티가 상당히 괜찮아요. 스트링 긴거랑 모자가 귀욤 포인트에요 :) 매번 반팔만 입고 나가기 밋밋할 때 입기 좋아요.,"모자, 베스트, 퀄리티, 가격, 팔만, 비싸다, 매일, 저렴"
가볍고 티셔츠에 레이어드해서 포인트 주기 좋아요,"티셔츠, 레이어드, 가볍다, 주기, 포인트"
시원한 재질이긴한데 한여름에 입으니까 덥기는 하네여ㅠ 잘 입겠습니다ㅔ,"덥다, 재다, 여름, 시원하다"
여기 저기 편하게 걸쳐 입기 좋아요. 무난한 색상이라 이너에 어떤 옷을 입어도 잘어울립니다. 지퍼가 아래위로 2개 있어 듀얼이라  좋아요.,"색상, 편하다, 듀얼, 위로"
아빠 사드렸는데 너무 만족하고 잘 입고 계셔요 굳굳,"계시다, 사, 드리다, 만족하다, 아빠"
요즘 인기탬 득탬했습니다. 제가 커서 저한테 조금 작은게 아쉽네용,"아쉽다, 득탬, 커서, 작다, 인기"
여름에 조끼를 입을 수 있나... 걱정했는데 되게 얇아서 괜찮았어요 예뻐요,"되게, 걱정, 조끼, 얇다, 여름"
싼맛에 입기 그럭저럭 괜찮은데 그냥 그래요 한철 입고 버릴 듯,"그렇다, 그냥, 맛, 버리다, 그럭저럭"
지금은 더워서 자주 안입긴 하는데 봄이나 가을에 스타일 좋게 입을 수 잇어서 좋은거 같아요,"덥다, 봄, 이나, 가을, 스타일, 잇다"
무난하게 어떤 옷에 입어도 잘 어울릴 거 같아서 좋아여,"울리다, 어떻다"
얇아서 막 걸치기 좋고 밋밋한 티 위에 코디하기 좋아요~~^^,"얇다, 걸치다, 코디, 위"
저한테는 좀 크긴 했는데 그래도 잘 입고 다닐 것 같아요,"테, 크다"
생각보다 품이 좀 커서 당황했는데 그래도 편하게 잘 입을 것 같아요,"편하다, 당황, 품, 커서"
잘 어울리는거 같고 좋습니다. 다른것도 살펴봐야겠어요,"살펴보다, 어울리다"
배송 하루만ㄴ에 왔고 사진이랑 똑같ㄹ아요 이뻐요 쓸데도 많고 잘 입고잇어오,"똑같다, 잇다, 쓸다, 오다, 사진, 이랑, 많다, 만에, 배송"
핏이랑 사이즈 적당하고 디자인이 만족스럽습니다. ,"사이즈, 디자인, 만족스럽다, 적당하다, 핏, 이랑"
나일론 셋업으로 받쳐입을려고 샀는데 괜춘하네요 지금 입긴 좀 더운데 조금 서늘해질때 입으면 괜찮을듯,"덥다, 괜, 추다, 려고, 지금, 셋업"
기장이 많이 짧아요 키 큰 남자들에게는 다소 이상할 수도,"남자, 에게는, 상, 많이, 기장, 짧다, 수도"
아래 끈도 잘 되어있고 원단도 나쁘지 않습니다!! 그리고 여름에 입기너무 좋은것 같습니다~ 가격도 좋은것같습니다,"여름, 가격, 되어다, 원단, 아래, 끈, 나쁘다"
놀러갈때 입으려고 샀는데 흰티에 입었는데 아주 맘에 들고요 재질은 생각보다 단단한비닐느낌입니다,"비닐, 희다, 티, 재질"
얇고 괜찮긴한데. 그냥 막 입기 괜찮을듯요. 생각보다는 별로지만 .운동할때 입을까 한거라 주머니에 지퍼가 있었으면 더 좋을거 같아요.,"주머니, 보다는, 별로, 운동"
색감도 선명하고 가볍고 얇은 재질입니다 코디하기 좋아요,"가볍다, 색감, 재질, 얇다, 선명하다, 코디"
기장감도 좋고 색감도 이쁘고 찰떡이네요 깔별로 구매해야겠어요,"찰떡, 깔별, 색감, 기장감"
조끼는 처음으로 사봤는데 예쁘고 좋아용 사이즈도 좋아요,"사보다, 사이즈, 조끼, 처음"
생각보다 넉넉하게 맞지는 않아요! 제 체형이신 분들은 완전 오버핏으로 입고 싶으면 한사이즈업 추천드려요! 그래도 힙하고 조아요,"오버핏, 싶다, 체형, 사이즈, 업, 힙, 하고, 분, 추천, 드리다"
일단 가벼워서 여름에 입기 너무 좋아요 가을에는 롱슬리브 레이어드해서 입으면 예쁠 거 같아요 여름 반팔코디에 질렸다면 추천드립니다. 부자재 퀄리티도 나쁘지 않아요,"여름, 가볍다, 질리다, 레이어드, 코디"
"사이즈, 핏 둘다 잘맞고 무난하게 입기 좋은 옷인것 같음","맞다, 사이즈"
하나 가지구잇으면   여러모로 활용하기 좋은 나이론조끼 같아요~ 후드 줄은 긴편입니다~ 여름에 밖에 입구  겨울에 안에 입기 좋을듯 합니당,"겨울, 활용, 여름, 가다, 입구, 밖에, 조끼, 하나"
"걸쳐입는 옷을 좋아해서 조끼류를 좋아하는데 딱 찾던 스타일이라 고민없이 구매했어요. 주렁주렁 걸치는 것을 좋아하지 않는 아인데,  아이도 배송된 상품 보더니 마음에 들어 하네요. 흰티, 검은티 등등 색상 상관없이 입어도 다 잘 어울릴 것 같아요.","스타일, 조끼, 류, 좋아하다, 상관없다"
지퍼가 잘 껴서 살짝 아쉬운데 그거빼곤 매우 좋아요!!,"아쉽다, 지퍼, 끼다, 빼다, 그거"
상품배송 포장 모두 굿입니다. 코디하기에 매우 좋은 제품입니다.,"굿, 제품, 배송, 코디, 포장, 상품"
배송도 매우 빠르고 제품포장도 굿. 활용을 많이할수 있는 재품입니다.,"포장, 배송, 재품, 제품, 빠르다, 활용, 많이"
여름 휘뚤마뚤 조끼로 딱이에요!! 시원하고 가볍고 흰티에 레이어드하기 좋아용!!,"가볍다, 희다, 티, 조끼, 딱이다, 휘뚤마뚤, 레이어드, 시원하다, 여름"
가볍게 휘뚜루 마뚜루 걸쳐입고 나가기 좋은 베스트입니다. 흰색 티셔츠랑 매칭하면 이쁘게 입을 수 있어요,"티셔츠, 가볍다, 베스, 트이다, 매칭, 휘뚜루"
진짜진짜 가볍고 파슬파슬하고 예뻐여!!! 다른 브랜드도 사봤는데 제일 가볍고 편안하고 예쁨!!,"브랜드, 가볍다, 편안하다, 사보다, 파슬파슬, 제일"
예뻐요! 정말 기본적이 나일론 베스트예요 근데 후드 끈이 너무 길어서 조금 애매해요 ,"애매하다, 베스트, 예요, 근데, 끈, 나일론"
구매해놓고 변덕이 들어서 주문 취소했다가 출고처리 되어서 그냥 배송 받아버렸는데 막상 입으니 무난해서 그냥 입으려고요! 사진상에는 그리 크게 안 보이는데 막상 입으면 M사이즈치곤 크고 펑퍼짐한 느낌이었습니다! ,"크다, 사이즈, 취소, 느끼다, 사진, 상, 에는, 놓다, 막상"
고급스럽고 여기저기잘어울릴듯 색감이좋습니다! 잘입을게요,"고급스럽다, 어울리다, 여기저기, 색감"
배송도 빠르게 왔고 원단도 얇고 부드러워서 여름에 입기 좋았고 투 웨이라 코디 활용도도 높습니다. 퀄리티에 비해 가격도 저렴한 편이라 잘 입고 있어요,"저렴하다, 부드럽다, 여름, 배송, 퀄리티, 가격, 얇다, 빠르다"
좋아요 얇고 가볍게 걸쳐입기 좋아요. 지퍼가 살짝 아쉽긴 하지만요,"가볍다, 지퍼, 만요, 얇다, 쉬다, 걸치다"
반팔 위에 그냥 입어도 귀엽고 지퍼 올려서 아방하게 입어도 넘넘 기여워요 ㅎㅎ,"기여, 워, 방, 그냥, 지퍼, 올리다, 위, 귀엽다, 팔"
배송도 빠르고 아무대나 걸쳐입기 좋아요! 바스락재질에 투웨이지퍼 좋아요,"대, 재질, 배송, 걸치다, 투, 지, 빠르다, 바스락"
제가 이 옷을 구매하였는데 목 늘어남도 별로 없고 변색도 잘 되지 않아서 매우 만족스럽고 잘 구매했다고 생각합니다.,"만족스럽다, 별로, 변색, 되다"
엄청 가볍고 여름에 가볍게 걸치기 좋아요 ! 재질도 생각보다 튼튼해서 오래입을수잇을거같아요,"가볍다, 여름, 걸치다, 잇다"
힙해지고 싶은 날에 입어용 안에 어두운 색이랑 입거나 완전 흰색반팔이랑 입고 청바지에 잘어울려요,"팔이, 어울리다, 청바지, 날, 색, 이랑, 힙, 싶다"
장점은 얇아서 한여름에 입었는데도 그냥저냥 견딜만했어요 또 가격대비 싸고 이뻐서 좋아요 단점은 모자각이 이쁘게 잡히는 편은 아니고 주름이 잘진다는 점 정도인 것 같아요!,"싸다, 모자, 얇다, 여름, 장점, 단점, 자다, 가격, 잡히다"
색감도 너무 마음에 들고 배송도 너무 만족 스럽습니다 ㅠㅠ 잘 입겠습니다 !,"스럽다, 배송, 만족, 색감"
여름에 편하게입기 너무좋은거같아요 완전잘삼,"편하다, 여름"
박시한 오버사이즈 티셔츠 위에 입어도 핏되는 티셔츠에 입어두 이쁨,"티셔츠, 오버, 사이즈, 박, 시한, 핏되, 위"
"여름에 반팔망 입기 심심할 때 포인트로 아주 좋아요! 완전 가볍고, 얇아서 더운 거랑 크게 상관 없어요 바스락 거리는 재질이라 휘뚜루마뚜루 입기 좋습니다:)","가볍다, 재질, 덥다, 여름, 얇다, 포인트"
라지 사이즈가  딱 좋아요 얇지만 많이 흐물거리지는 않아서 만족합니다 ,"얇다, 사이즈, 만족하다, 흐물거리, 지는, 라지, 많이"
"여유지게  입고싶어서 S, M 엄청 고민했는데 S 사이즈도 전혀 작지않네요. 딱 이쁘게 맞아요. 내피없는 얇은 한겹이라 한여름에도 멋내기용으로 가능합니다.","여름, 얇다, 작다, 가능하다, 사이즈, 여유, 지, 겹"
하나쯤 갖고있으면 유용할듯 개얇아서 막걸치기좋음,"막, 걸치다, 개, 얇다, 하나, 쯤, 갖다, 유용하다"
가격대비 좋습니다~~ 통기성은 없지만 얇아서 봄가을 입기 좋을 듯합니다.,"얇다, 통, 기성은, 없다, 대비, 가을, 가격"
포장 꼼꼼하고 예뻐요 전체적으로 만족스러운 제품입니다,"만족스럽다, 제품, 전체, 포장"
심심한 흰티에 이거 입어주면 참 이뻐요 근데 아쉬운건 쪼금 구리다는거 ,"근데, 쪼금, 구리다, 희다, 티, 아쉽다"
심심한 흰티에 이거 입어주면 참 이뻐요 근데 아쉬운건 쪼금 구리다는거,"근데, 쪼금, 구리다, 희다, 티, 아쉽다"
더울때 입어도 패션력이 상승한거 같은 느낌이라 힘스터 느낌 잘 낸거 같아요! 처음으로 힙함걸 사봤는데 완전 좋네요? 이런 맛에 힙하게 입는구나 생각 들었습니다 이쁜 옷 감삼당 ,"패션, 력, 덥다, 힙함, 사보다, 맛, 힙하"
여름이나 초가을에 입기 좋아보여요. 스타일 내기도 편해요,"초가을, 편하다, 여름, 이나, 스타일, 보이다, 내기"
군더더기 없이 깔끔한 집업후드 입니다 여름에 입기 딱 좋고 편안합니다,"여름, 편안하다, 깔끔하다, 없이, 후드, 군기, 집업"
아무옷에나 휘뚜루 마뚜루 입어도 잘 매치 되는 편안한 옷이구요 여름꺼라 시원합니다,"이구, 시원하다, 매치, 끄다, 편안하다, 휘뚜루, 뚜루"
옷이 어중간할때 급히 껴입고 여름에 나가기 좋을거 같아 구매했습니다,"여름, 중간, 급하다"
실밥이 생각보다 꽤 풀려있는채로 와서 아쉽긴한데 싼값한다 생각해서 나름 괜찮아요 모자는 꽤 커서 쓰고다니기에는 별로에요,"모자, 에는, 값, 커서, 별로, 에요, 실밥, 나름"
동생 거 대신 주문해줫는데 힙하게 잘 입음 보는 저도 맘에 드네여,"주문, 줫, 늘다, 힙하, 대신, 동생"
한 여름에 입기는 덥지만 편할고 입기 좋아요 세탁 후 변형없고 배송 빠르고 화면과 색상 비슷합니다,"덥다, 여름, 편하다, 색상, 빠르다, 화면"
디자인이 밋밋하지도 않고 개성이 있고 가격도 좋고 세탁후의 변형도 없어서 싸고 엄청 좋은것 같아요,"싸다, 가격, 세탁, 디자인, 없다"
배송도 삐르게오고 제퓸도 완전 제스타일입니당!,"스타일, 퓸, 삐르, 오다, 배송"
마른 채형인데도 불구하고 저가 원하는 사이즈 딱 그대로 여서 좋아요!,"사이즈, 채, 형, 인데, 저가, 여서, 마르다, 원하다, 그대로, 불구, 하고"
배송도 빠르고 옷도 예쁘고 포장도 좋아요 좋습니다,"배송, 포장, 빠르다"
옷이 너무 저렴하고.. 딱 가격만큼이에여 얇아서 가볍기는 함,"저렴하다, 얇다, 가볍다, 가격"
배송도 빠르고 가격도 착한데 가격대비 퀄리티도 좋고 실물도 엄청 이쁩니다. 정말 잘 산거 같아 좋습니다,"착하다, 배송, 빠르다, 퀄리티"
처음으로 나일론 베스트를 입문해보았는데 만족하면서 입는중입니다. 모자끈은 생각보다 길어서 빼고 사용중입니다~,"베스트, 모자, 끈, 처음, 중, 만족하다, 입문, 나일론"
고르고 고르다 맘에드는 제품 골랐습니다.  딸 아이가 조끼 노래를 부르고 다녔는데 저렴하게 이쁜제품으로 잘 샀습니다. 감사합니다. ,"저렴하다, 고르다, 제품, 노래"
평소 xl-xxl 입습니다. 운동한 체형입니다. 잘맞고 기장도 제가 딱 원하는 기장이어서 정말 만족합니다. 다른 색으로 하나 더 구매하려고 합니다.,"색, 체형, 만족하다, 기장, 원하다, 평소, 맞다"
여름 필수템인듯합니다 아주 깔끔하고 끈이 포인트!,"깔끔하다, 필수, 끈, 포인트, 여름"
배송이 진짜 빠르고 디자인이 너무 예뻐요 자주 입을것 같습니다,"배송, 디자인, 빠르다"
재질도 괜찮고 두껍지 않아서 편하게 입을 수 있어요,"편하다, 두껍다, 재질"
사이즈 딱 맞고 두번째 구매입니다. 약간 아쉬운건 구겨진게 잘 안펴져요 ㅜ,"펴다, 번째, 구기다, 맞다, 아쉽다, 사이즈"
 얇아서 여름에 반팔이랑 같이 입으면 막 덥진 않은데 한여름에는 조금 더울 수도 있을 거 같아요 밋밋한 코디에 포인트 주기 좋습니다,"여름, 덥다, 얇다, 코디, 팔이"
잘 맞는데 끈이 좀 길고 지퍼가 빡빡한 편이네요오,"지퍼, 편이, 오, 맞다, 끈"
엄청 얇아서 좋고 지퍼도 투웨이라 좋아요~~ 모자도 널널하고 반팔티에 걸치기 좋아오,"지퍼, 팔, 티, 얇다, 걸치다, 모자"
제가 산거 보고 아빠가 예뻐서 하나 더 구매했어요! 캐쥬얼하게 입을 수 있어서 좋고 아빠는 M 샀는데 딱 맞았어요!,"아빠, 캐, 쥬얼, 맞다"
날씨 진짜 너무 더운데 얇아서 좋아요 흠이 있다면 끈 길이가 너무 긴거..?,"덥다, 얇다, 날씨, 길이, 흠"
흰색 반팔티에 입기 좋고 배송도 빨리왔는데 스트링이 불량네요 ,"팔, 티, 오다, 스트링, 불량, 배송, 빨리, 흰색"
옷도 괜찮고 가격도 착하고 배송도 빨리오고 좋아용,"착하다, 오다, 배송, 빨리, 가격"
요즘 날씨에 입기도 적당하고 전체적으로 핏이나 디자인이나 좋았습니다,"날씨, 디자인, 이나, 전체, 적당하다, 핏"
레이어드해서 입으면 힘해서 좋아요 생각보다 오버핏은 아니지만 그래도 심플하게 입기 좋아요,"심플, 힘, 레이어드, 아니다, 오버핏"
동생주려고 구매합니다. 밋밋한 룩에 입어주면 포인트 되서 좋아용.,"주, 려고, 룩, 되다, 포인트, 동생"
우선 상품이 생각했던 것보다 얇고 조금 큰 것 같습니다. 그리고 제질이 예상했던 것보다는 조금 부실(?)한 것 같아서 조금은 아쉬운 것 같아요🥲 그래도 가격을 생각하면 나름 만족합니다😊 여름철에 입기 좋은 좁은 조끼이니 가을 되기 전에 구매하시는 것 추천해요👍👍👍,"좁다, 가을, 아쉽다, 가격, 상품"
굳굳 갑자기 땡겨서 샀는데 좋아요  힙하고 편합니다,"땡기다, 힙, 하고, 편하다, 갑자기"
아직은 좀 덥지만 살짝 습함만 풀려도 입고다니면 멋질거같아요.,"덥다, 풀다, 아직, 습하다, 멋지다"
품이 사이즈에비해 좁긴하지만 멋스럽게 입을수있어요,"사이즈, 좁다, 멋, 스럽게, 품, 비다"
가격도 착하고 사이즈 잘 맞습니다 어떤옷이든 잘 어울려요,"이든, 착하다, 어울리다, 맞다, 어떻다, 사이즈, 가격"
흰색 반팔위에 입으몀 예쁘고 어울리고좋은듯ㅇㅇ 한여름에입으면 좀 더움,"여름, 더움, 흰색, 어울리다, 입으몀, 팔, 위"
예뻐요! 근데 주머니에 물건넣으면 옷이 좀 많이 쳐지는것같아요 ㅠ 그래서 주머니에 물건 많이넣으면 안될것같아요! 옷은 예쁩니다👍🏻,"주머니, 물건, 넣다, 많이, 근데"
무난하게 힙하게 입기좋아요! 바스락거리는 나일론 소재라서 편하고 좋은것같아용 많이 두껍지도않고 얇지도 않아요,"편하다, 얇다, 힙하, 소재, 라서"
원하던 핏이 나와서 마음에 들어요 편하게 입기 젛습니다,"편하다, 원하다, 핏, 나오다, 젛습니"
은근히 손잘가는 편한템인데 잘못입으면 낚시꾼같애영,"인데, 낚시꾼, 애, 은근, 히, 손, 자다, 가다, 편하다, 잘못"
생각했던거보다  훨씬 얇음 그래도 여기저기 입어도 무난하게 잘 어울림,"얇다, 여기저기, 어울림"
옷 너무 이쁘게 잘 입고 있어요 편하고 가벼워서 좋아요,"벼워, 편하다"
아이가 좋아해요 잘입고  다녀요   무지검정이라 무난하니  입기 좋아요,"좋아하다, 무지, 검정"
"진짜 여름에 겉옷으로 입기딱 좋은것 같아여  그리고 코디하기도 편하고,나중에 한개 더 사고싶어여!","코디, 기도, 편하다, 여름, 겉옷, 싶다"
제품 수령후 세탁망에 넣어 세탁후 옷걸이로 자연건조했어요 입으려고보니 주머니가 뜯어져있네요 교환문의하니 세탁후라 안되고 AS도 받아보고 불가 할 수 있고 반송될수 있다면서 그마저도 2-3주소요된다는데 맡기라는건지 버리라는건지.. 시간낭비 돈낭비 이런 제품은 처음 사보네요,"세탁, 망, 낭비, 주머니, 제품, 뜯다, 교환, 걸이, 맡다"
재질이 정말 얇고 약해요 세탁망에 넣어 세탁했는데 주머니쪽 바로 뜯어짐,"세탁, 망, 주머니, 뜯다, 짐, 약하다, 넣다, 재질, 얇다"
가볍고 얇아서 여름에 가벼운 겉옷으로 입기에 너무 좋아요 밑단에 스트랩있어서 디테일 잡을 수 있는 점도 좋습니다,"겉옷, 여름, 가볍다, 얇다, 비다, 밑단, 잡"
여름에 입을 수 있을 정도로 얇고 s사이즈 핏이 딱 좋아요!,"여름, 핏, 얇다, 사이즈"
생각보다 얇고 크고 이뻐요!  가볍게 데일리로 입기 좋을 것 같아요~,"가볍다, 데일리, 얇다, 크다"
디자인이 너무 예뻐서 어디에나 잘 어울려요. 데일리 룩으로 딱이에요.,"디자인, 룩, 딱이다, 어울리다, 에나, 데일리"
너무 너무 이뻐요 잘 입고 다닐 거 같아요 내일 또 입어야지,내일
은근 배송 빨리오고 가성비 좋게 잘산거 같았어요,"오다, 잘살다, 가성비, 빨리, 배송, 은근"
귀여운 옷이예요 남자 분들이 입었을 때 더 예쁘긴 하지만 여자가 입어도 귀엽습니다. 얇고 바스락한 소재인데 입으묜 기분 좋아요,"귀엽다, 예요, 얇다, 소재, 인데, 입으묜"
사이즈도 맞고 옷도 예쁘고 가성비도 좋았습니다!!,"사이즈, 맞다, 가성비"
길지 않을까 걱정했는데 딱 원하는 기장 핏이여서 좋았어요,"핏이, 여서, 걱정, 길다, 원하다"
예쁘고 너무 흐물흐물하지도 않고 얇아서 여름입기좋습미다,"흐, 물다, 얇다, 밉다, 흐물, 여름"
원단이 가볍고 시원해요 여기저기 코디해서 입기 좋아요,"코디, 원단, 가볍다, 시원하다, 여기저기"
스타일이 심심할 때 포인트로 입기 좋아요 두껍지도 않고 딱좋습니다,"스타일, 포인트, 두껍다"
옷이 얇아서 여름에 입기 괜찮고 가격도 저렴해서 좋아요,"저렴하다, 여름, 얇다, 가격"
소재가 얇아서 여름용으로 좋네요 사각거리는 소재입니다,"소재, 얇다, 사, 각거리, 여름"
너무 얇아서 놀랐네요. 여름이라 얇은게 좋긴 하지만 너무 얇아 세탁할때 구김이 걱정입니다.,"세탁, 얇다, 여름, 걱정, 구김"
한여름에 입기는 조금 그렇고 여름끝나갈때에 입기는 너무이쁠꺼같아요,"한여름, 쁠꺼, 끝, 그렇다, 여름"
괜찮을라나 생각하며 구매했는데 사이즈도 너무 좋고 재질도 기격대비 너무 좋은거같아요 일단 너무 예쁨..,"사이즈, 재질"
너무 이쁩니다 가성비로 최고에요 여름 필수템입니다,"최고, 여름, 성비, 필수"
엄청 얇아서 한여름에도 편하게 걸치기 좋습니당,"얇다, 편하다, 걸치다, 여름, 니당다"
배송도 빨리오고 색상도 검은색이라 코디할때도 편해요,"검은색, 편하다, 오다, 코디, 배송, 색상, 빨리"
정사이즈로 주문했었는데 핏이 아주 마음에 들어요,"주문, 핏, 사이즈"
오오 가볍게 입기 좋아요 안에 반팔티에나 그냥 입거나 할수있네요,"가볍다, 팔, 티, 에나, 그냥"
입어보고 좀 커서 s 살걸 그랬나 했는데 널널한 티에 입으니까 예뻐요. 좀 비닐같지만 얇아서 가볍고 딱 맞는 티랑 입을 때는 옆에 스트링 조여서 접어 입으면 예쁨 👍,"가볍다, 입어보다, 얇다, 접다, 옆"
굿 좋아요 예쁘고 살짝 힙해요. 신납니다 우후 맨날 입을게요,"신나다, 힙해, 맨날, 우후"
이런 종류의 옷을 도전해보기 위해 첫 구매했어요,"전, 이렇다, 위해, 종류"
얇고 여름에서 가을로 넘어갈 때? 그쯤 입으면 좋을 것 같아요,"가을로, 넘어가다, 얇다, 쯤, 여름"
운동할때 입어요 편하고 반팔 바람막이 필요하시면 꼭 사십시오,"운동, 필요하다, 바람막이, 편하다, 팔, 사십, 시오"
음 맞긴한데 저한테는 핏이 어정쩡하네요 살을 빼고 잘 입도록 하겠습니다,"정쩡, 맞다, 테, 핏, 빼다, 살"
그냥 가볍게 걸쳐서 포인트를 줄 수 있는 베스트입니다,"가볍다, 그냥, 베스, 트이다, 걸치다, 포인트"
너무 얇아서 비닐처럼 느껴져요. 아들은 어떨지 모르겠어요.,"모르다, 아들, 느껴지다, 떨다, 얇다, 비닐, 처럼"
적당히 이쁘고 얇아서 지금같이 더운날 입기좋은거 같아요,"얇다, 지금, 적당하다, 덥다"
옷이 핏하게 잘 나왔습니다. 무난한 기본 아이템인 것 같아요.,"아이템, 핏하, 나오다, 기본"
여름에 입고다닐 기본적인 아이템입니다. 사이즈는 m이 핏하게 딱 맞는 것 같아요. L 샀으면 너무 부해보이는 느낌 들었을 것 같네요.,"사이즈, 아이템, 핏하, 부다"
포인트 주려고 샀는데 너무 이쁘네요 진짜 얇아서 늦여름부터 입음될듯!!,"얇다, 늦, 여름, 주, 려고, 되다, 포인트"
포인트주려고 샀는데 왠걸 너무이쁘네요 진짜얇아서 늦여름부터 입음될듯!,"얇다, 늦, 여름, 주, 려고, 되다, 왠, 걸, 포인트"
낚시룩이에요 흰티에 입으면 휘뚜루마뚜루 산책룩으로 딱이에요,"낚시, 룩, 이에요, 산책, 희다, 티, 딱이다, 휘뚜루, 마, 뚜루"
대충입어도 너무 예쁩니다. 진짜 맛도리 옷이 맞아요.,"맛, 도리, 맞다, 대충"
딱 적당히 얇고 예뻐서 너무 만족하고 입고 있습니다. ,"만족하다, 얇다, 적당하다"
가격대비 디자인이나 디테일도 괜찮고 안에 흰티 하나 이너해서 입고 바지 버뮤다 입어주면 케주얼하게 잘 입고 다닐거같아여,"바지, 디자인, 이나, 희다, 티, 디테, 일도, 주얼"
상품 자체는 꽤 괜찮음. 재질이나 두께도 엄청 앏은 편이라서 그런건진 모르겠지만 마감 상태는 그냥 그럼. 실밥 되게 많이 튀어나옴. 제품 자체는 좋고 배송도 빠른 편,"제품, 상품, 배송, 재질, 이나, 실밥, 되게, 모르다"
제 키에 비해선 길이가 긴 편이지만 밑에 스트링으로 조이면 됩니다!! 너무 이뻐요 배송도 빨랐어요!,"빠르다, 길이, 배송, 밑, 편이, 스트링, 키, 비, 선"
가격대비 완전 괜찮아요!! 편하게 입고 다니기 좋아요,"편하다, 대비, 가격"
깔끔하고 디자인도 이쁘네요 날씨 너무 덥지만 않을때 입으면 좋겠네요,"덥다, 깔끔하다, 쁘네, 디자인, 날씨"
가볍게입기좋고 반팔위에 걸치면 따악 좋습니다잉,"걸치다, 가볍다, 위, 팔"
가볍게 입기 좋고 스타일링하기 편해여 반팔위에 입으면 따악입니다,"가볍다, 스타, 일링, 편하다, 악, 위, 팔"
사놓고 한번도 못입었네요 코디하기가 어려워요,"어렵다, 코디, 번"
사이즈 작을까봐 고민했는데 딱 맞게 이뻐요 사이즈 굳,"맞다, 고민, 작다, 사이즈"
소재가 앏고 가벼워서 안입은듯 편해요 여기저기 입기 좋아요,"편하다, 가볍다, 여기저기, 소재"
소재가 앏고 여기저기 입기 좋아요 가벼워서 안입은것 같아요,"벼워, 여기저기, 소재"
투웨이라서 코디하기 너무 이뻣고 얇아서 반팔에 입기 좋았어요,"얇다, 팔, 이뻣, 투, 라서, 코디"
스트링도 맘에 들었고 투웨이라 코디하기 더 편했어요,"스트링, 편하다, 코디, 투"
깔끔하고 배송도 괜찮았고 여름에 입고 하기에도 괜찮은 거 같아요,"깔끔하다, 여름, 배송"
좋은 가격에 구매해서 좋아요 옷도 예쁘고 흰반팔티랑 입으면 더 예쁜 거 같아요 얇아서 여름에도 입을 수 있어요,"얇다, 여름, 팔, 티"
진짜 살짝 추울 때나 옷에 포인트 내고 싶을 때 입으면 좋을 거 같아요,"싶다, 추다, 포인트"
반팔이나 나시 위에 걸쳐입기 좋아요 지퍼는 진짜 별로네요,"팔, 이나, 지퍼, 별로, 네요, 걸치다, 위"
새로운 스타일에 도전하고 싶어서 구입해봤는데 나쁘지 않았습니다.  ,"해봤다, 스타일, 싶다, 전하, 나쁘다, 새롭다"
생각보다 얇고 여름에 입기 좋고 긴 끈이 포인트인것 같습니다 바람막이보다 요즘 손이 가는 제품입니다,"바람막이, 제품, 끈, 여름, 손, 얇다, 포인트"
흰티 위에 입으면 제일 이쁘게 입을 수 있는 거 같아요 스포티한 느낌 좋은 거 같슴다 ㅋㅋ!,"같슴다, 스포티, 위, 희다, 티"
사이즈가L이여서 작을줄알았는데 제가생각한 스타일 그대로라 좋았고 무게는 가벼워요! ,"사이즈, 벼워, 알다, 작, 여서, 그대로, 스타일"
흰티 위에 걸치기 아주 좋고 덕분에 주머니가 아주 넉넉해요!,"덕분, 주머니, 걸치다, 위, 희다, 티"
휘뚤마뚤 입기 좋고 반팔티에 막 입어도 패셔니스타되는 느낌,"패셔, 스타, 되다, 팔, 티, 휘뚤마뚤"
걍 개이쁨 ㅋㅋ 다만 너무 더워서 날이 좀 시원해져야 코디할맛날듯 ㅜㅜ,"시원하다, 날, 덥다, 맛날, 개다, 코디"
세일때 샀는데 진짜루 얇네요...그래도 여기저기 잘 어울려여,"어울리다, 얇다, 여기저기, 세일"
올여름은 이거 하나면 문제 없을것같네요 시원하고 좋아요,"하나, 없다, 시원하다, 여름, 문제"
가격 대비 소재도 좋고 꾸안꾸 느낌 주기에 좋아요,"꾸다, 주기, 소재, 대비, 가격"
가격도 싸고 휘뚜루마뚜루 입기 좋아요 최고에요,"싸다, 최고, 에요, 휘뚜루, 마, 뚜루, 가격"
사이즈도 딱 맞고 얇아서 안 덥게 잘 입을꺼 같아요,"얇다, 덥다, 맞다, 사이즈"
무난하게 입기좋고 핏도 이쁘고 만족합니다 추천해요,"추천, 만족하다, 핏"
비온다길래 입었는데 비 안와서 실망했네요. 다행히 그 다음날 비와서 방수력 테스트했는데 좋았습니드. 약한 비 맞기좋은,"비, 테스트, 니드, 날, 다행하다, 오다, 맞다, 약하다"
진짜 하나쯤 있으면 좋을 아이템입니다ㅏㅏ!‘ 가격도 저렴하고 추천합니다,"저렴하다, 추천, 아이템, 하나, 쯤, 가격"
여름에 입다가 죽을지도 몰라요 통풍이 안됨.. 그래도 입는다,"모르다, 죽, 통풍, 여름, 다가, 안되다"
이런 옷 필요했었는데 제일 심플하고 예뻐서 샀어요 사이즈도 딱이고 편하게 잘 입을 수 있어서 좋아요,"편하다, 사이즈, 필요하다, 딱이다, 심플, 하고"
에어컨 켜서 추울때 입으려고 그냥 싼거 샀는데 생각보다 따뜻함,"켜다, 그냥, 추다, 따뜻하다, 에어컨"
좋습니다. 가격도  좋았어요 디자인 무난합니다.색상 밝아요,"밝다, 색상, 디자인, 가격"
좋아요 좀 쌀쌀한날 런닝하러갈때 걸치기 딱인듯,"런닝, 딱이다, 걸치다"
괜찮은 것 같아요 맘에 들어요 잘 입거 다니겠습니다,
참 싸고 맛있는 아우터네요 옷은 입기 귀찮아서 찍은겁니다,"아우터, 귀찮다, 찍다, 맛있다, 겁니다, 싸다"
배송오자마자 뜯어서 입었는데 완전 굿굿 키가 작아서 걱정했는데 괜히 걱정함 휴휴 베스트를 굉장히 좋아해서 자주 입을 것 같아요 .!,"좋아하다, 괜히, 베스트, 걱정, 굉장하다, 오"
제 체형에 잘 맞고 재질이 정말 좋아요 다음에 또 구매할게요,"체형, 맞다, 재질"
바스락거리는 소리 별로 안나고 가볍게 포인트 주기 좋음!,"가볍다, 별로, 바스락, 거리, 나다, 소리, 주기, 포인트"
입으면 핏도 예쁘고 포인트 주기 쉬워서 좋아요 재질도 까칠하지 않고 부드러워요 굿굿,"부드럽다, 쉽다, 까칠하다, 핏, 재질, 주기"
부스럭거리는 소리?도 과하지 않고 지퍼도 2개여서 편해요,"지퍼, 편하다, 개, 여서, 부스럭, 거리, 소리"
그냥 티에 입고 다니기 좋은 포인트 주기 좋은 아이템입니다!,"아이템, 그냥, 티, 주기, 포인트"
재질이 별로일까 걱정했는데 너무 맘에 들어요 강추합니다,"걱정, 별로, 재질, 추하다"
제일 작은 거로 샀는데 쪼께 커서 스트링으로 길이 조절하면 이뻐요 확실히 스트링 앙한게 핏이 이뻐,"커서, 작다, 쪼, 께, 조절, 스트링, 앙하다, 확실하다"
낚시터 복장이라는 소리를 듣긴 했지만 흠… 그래도 예쁩니다!!,"복장, 이라는, 듣다, 소리, 낚시터"
이쁘고 힙하게 입을수있음 코디하기도 편함 단점은 두껍진않은데 바람이 안통해서그런가 생각보다는 더움,"바람, 힙하, 코디, 기도, 더움, 보다는, 그렇다"
아저씨 느낌나고 좋아요. 포인트 주기 좋은거같아요,"느끼다, 아저씨, 주기, 포인트"
봄 여름 코디가 심심할 때 레이어드 티와 함께 입기 좋아요,"코디, 티, 레이어드, 여름"
좋아요 사이즈도 잘 맞고 실물 이뻐요! 추천합니다 ㅎㅎ,"맞다, 추천, 사이즈, 실물"
이게 좀 바람을 완전 막아줘서 더운날에 입으면 큰일나요ㅜㅜ 그래도 이쁘고 잘 입고 있어용,"막다, 날, 큰일"
너무 사기를 잘했습니다 꼭 사서 입어보세요 만족합니다,"입어보다, 만족하다, 사기, 사서"
얇아서 가볍게 걸치기 좋아요ㅎㅎ흰티에 걸치기만하면 스타일 끝입니당.,"걸치다, 가볍다, 희다, 티, 얇다, 스타일, 끝"
핏도 이쁘고 세탁 후에도 변형 없고 재질도 좋은 것 같아요,"핏, 없다, 재질, 후, 세탁, 변형"
굉장히 얇아서 시원하고 좋아요! 다만 후드 부분 줄이 너무 길게 빠져나왔어있어요ㅜㅜ 이쁘게 줄 좀 묶고 다니셔야 할듯,"묶다, 길다, 빠져나오다, 얇다, 굉장하다"
생각보다 시원하고 예쁨니다 거의 바지에잘어울립니다,"어울리다, 시원하다, 바지"
엄청 얇고 바스락거리는 소재네요 멋내기용이예요,"멋, 내, 용이, 예요, 소재, 얇다, 바스락, 거리"
가격대비 너무 좋고 얇아서 부담 안 되고 잘 입었어요 포임트 주기 정말 좋아요,"얇다, 되다, 부담, 포임트, 주기"
가성비좋은 베스트 얇아서 덥지도않고 좋아요! 귯,"얇다, 가성비, 베스트, 덥다"
주머니가 잘 뜯어지긴 합니다만 가격대비 너무 잘 입었어요,"뜯다, 주머니, 대비, 가격"
얇아서 엄청 덥지 않고 예뻐요 간편하게 입기 좋아요,"덥다, 간편하다, 얇다"
아주조아요 가벼고 심플하고  모든옷에 코드하기 조은 아이템 ,"코드, 심플, 하고, 조아, 아이템, 모든"
착한가격에 빠른배송 아무스타일에 다  어울리는 베스트 넘맘에 들어요,"스타일, 넘다, 어울리다, 착하다, 베스트, 가격, 빠르다, 배송"
슥 걸치면 되게 잘 어울리고 별로 덥지도 않아서 잘 입고 다니고 있어요. ,"걸치다, 되게, 별로, 어울리다, 덥다"
옷은 디자인도 괜찮고 좋은데 옷이 얄압서인지 주머니 쪽이 잘 듵어지네요 근데 이 옷도 자주 입어요,"디자인, 듵, 지네, 얄압서, 인지, 쪽"
얇아서 입기도 좋고 흰 반팔위에 입으면 딱이에요!,"얇다, 딱이다, 팔, 위"
배송이 빨리 오고 재질이 좋고 사이즈도 딱 맞는것 같아요,"배송, 재질, 오다, 사이즈, 빨리, 맞다"
가볍게 걸치기 쉬워서 여름에 계속 손이 갑니다! 디자인도 조코 조끼 첨 입었는데 괜찮더라구요. 지퍼 위에 부분을 내리면 지퍼 근처에 주름이 생겨 조금 불편했었지만 만족합니다!! 빨래는 아무렇게나 해도 변형 없었어요 조끼 처음 사시는 분이라면 적극추천!!,"디자인, 쉽다, 추천, 손, 불편하다, 빨래, 만족하다, 여름, 조끼"
잘 입고 있습니다 사이즈도 맘에 들고 아주 만족합니다,"만족하다, 사이즈"
남자친구 187에 100 스펙인데 입혀놓고 보니 낙낙했어용 키가 있거나 덩치 있으신분들도 낙낙하게 입으실거같아용,"입히다, 스펙, 인데, 분, 덩치"
공용이라 그런지 크긴해요 - 여자분들은 s이상으로 사면 엄청 오버핏일것같아요 어깨 넓은 편인데 s 크네요참고하세용,"크다, 여자, 분들, 편, 인데, 참고, 그렇다, 사면"
"이런 제품의 옷을 처음 사보았는데 생각보다 이쁘고, 무난한 옷에 입으면 다른 느낌을 줘서 좋은거 같아요.","사보다, 제품, 주다"
전 마음에 들었는데 친구가 힙찔무신사충 남자같대여 상처받음,"대여, 남자, 친구, 힙, 찌다, 무신, 사, 충, 받다, 상처"
"좋아요 옷 위에 레이어드도 하고 운동할 때 그냥 입고 다니는데 적당한 느낌, 지금처럼 너무 더워지면 위에 입기엔 좀 덥지만 가격대비 만족도 최상.0","덥다, 더워지다, 운동, 만족도, 최상, 지금, 처럼"
와우 이런 옷은 처음봐요 진짜 너무 맘에 들고 혹시 이거 살지 고민하시는 분들 강추입니다! 얼른 사세요 매진되기전에!!,"세요, 고민, 분들, 와우, 얼른, 이렇다, 살, 지"
이 날씨에도 제 교복이 되었습니다 뭔가 입으면 편한하고 주머니도 생기고 해서 자주 걸치고 나가게 돼요,"교복, 편하다, 날씨, 걸, 치고, 주머니, 생기, 돼다, 되어다"
나쁘지않게 입었습니다 근데 살짝 광택이 있더라구요,"근데, 광택, 나쁘다"
여러가지 할인해서 사면 딱 좋은거 같은 느낌입니다,"할인, 사면, 여러, 가지"
가성비..음 라기엔 그냥 딱 가격하는 옷 같아요 저렴한만큼 지퍼도 잘 안올라가 가고 재질도 엄청 잘 찢어지고 그냥 후드베스트 입문자분들이 한번씩 사서 느낌만 내보는 용인거같네요..ㅎㅎ,"문자, 분들, 지퍼, 가격, 그냥, 찢어지다, 가성, 비음"
가성비..음 라기엔 그냥 딱 가격값하는 옷 같아요 저렴한만큼 지퍼도 잘 안올라가 가고 재질때문에 옷도 엄청 잘 찢어지고. 그냥 후드베스트 입문자분들이 한번씩 사서 느낌만 내보는 용인거같네요..ㅎㅎ,"문자, 분들, 찢어지다, 지퍼, 저렴하다, 그냥, 가성, 비음"
가격은 조금 있는편인것 같지만 두루두루 입기 좋고 세탁후 건조도 빨리되고 모양변형도없어요~얇아서 여름에 겹처입어도 덥지않고 주머니도 있어서 좋아요~,"가격, 건조, 주머니, 여름, 덥다, 세탁, 얇다"
배송빠르고 옷이 얇아서 여름에 레이어드 해서 입기 좋아요~  여 중학생 아이가 반팔티 위에 잘입고다녀요~,"여름, 얇다, 레이어드, 팔, 티"
한사이즈 커도 괜찮았을 것 같지만 지금사이즈도 반팔티에 입기 괜찮아요~ 사각사각 여름에 입기 얇아서 좋아요~,"얇다, 사이즈, 여름, 팔, 티, 크다"
옷 되게 좋네요 두루두루 입을거 같아요! 흰티와 코디하기 좋을거 같아요!,"되게, 희다, 티, 코디"
후드도있고 바스락이라 덥지않을까했는데 그렇게 심하게더운날아니고는 괜찮습니다!! 사이즈딱좋고 휘뚤마뚤 아무 티에나입어도 다 잘어울리고 좀더 신경쓴느낌이 들어서 코디할때 좋아요!! 진짜가볍고 예쁩니당,"덥다, 가볍다, 후드"
"입어보니, 잘 맞고 좋네요. 두께도 괜찮고 색깔이 선명합니다.","색깔, 입어보다, 맞다, 두께, 선명하다"
정말 얇고 후드도 있고 팔이 없어서 진짜 여름에 시원하고 편하게 잘 입어요,"여름, 편하다, 얇다, 팔이, 없다, 후드, 시원하다"
얇아서 아무때나 막 편하게 입기 최고에요 여름 최고 아우터,"얇다, 아우터, 편하다, 최고, 여름"
얇아서 덥지않고  좋아요 세탁해도 변형 없네요 가격도 적당해요,"적당하다, 세탁, 얇다, 없다, 덥다, 가격, 변형"
좋아요. 사이즈가 잘맞아요.색상도 마음에 들고 좋네요,"사이즈, 색상, 맞다"
착용감과 핏 모두 맘에 들어요! 후드도 달려 있어서 편하네요 여름에도 입을 수 있겠지만 가을에는 더 잘 입고 다닐 수 있을 거 같네용,"착용, 편하다, 여름, 가을, 에는"
여름에 입어도 괜찮을 거 같아요 착용감과 핏이 이뻐서 가을엔 더 자주 입고 다닐듯 합니댜,"합니댜, 착용, 핏, 가을"
깔끔하고 이뻐요  소재가 앏아서 한여름에도괜찮읅니같아요 좋은가격에 잘구입했어요,"깔끔하다, 괜찮읅, 앏아, 가격, 소재, 여름"
생각했던거보다 더 얇고 더 바스락 거렸는데 그래도 포인트로 반팔위에 입기엔 좋은거 같아요,"거렸는데, 포인트, 얇다, 팔"
남자친구 대신 주문해줬어요! 반팔만 입기 살짝 애매하고 허전하다고 느껴질때 입으면 좋을 것 같아요. 귀엽기도하고 옷 자체가 부담이 없어서 하나쯤 있으면 유용하게 쓰일 거라 예상합니다!,"귀, 엽기, 팔만, 유용하다, 하나, 쯤, 대신, 주문, 해주다, 남자친구"
예쁜데 어케보면 낚시꾼같기도하지만 자기만족 쵝오,"낚시꾼, 쵝오, 만족"
여름조끼로 입기좋아요. 반팔위에 가볍게 걸치고 에어컨튼곳에서도 입기좋네요 아들이맘에들어합니다 ,"아들, 가볍다, 조끼, 걸, 치고, 곳, 에서도"
아주 가벼운 재질 입니다. 여름에도 반팔에 걸치기 좋은 재질 입니다 ,"여름, 팔, 걸치다, 재질, 가볍다"
기장도 완전 적당하고 색감이 너무 마음에 들어요~,"적당하다, 색감, 기장"
완전 힙하고 흰색 반팔티랑 같이 입으면 새삼 간지입니다. 여름엔 꾸밀 수 있는게 별로 없는데 포인트로 주기 진짜 좋은 것 같아요,"여름, 포인트, 별로, 팔, 간지"
아이가 후드조끼 입고 싶어해서 샀는데 얇고 휘뚜루마뚜루 좋네요,"얇다, 휘뚜루, 마, 뚜루, 싶다, 조끼"
모자 조절하는 끈이 길어서 별로였지만 그거 말고는 완벽합니다,"별로, 끈, 모자, 말고는, 조절, 그거, 완벽하다"
흰티에 가볍게 입기 좋았어요 더우면 벗고 들고 다녀도 괜찮습니다,"벗다, 덥다, 가볍다, 희다, 티"
얇고 시원한 소재여서 여름에 부담없이 입을수 있습니다,"여름, 얇다, 소재, 여서, 시원하다, 없이, 부담"
 비닐재질/ 합리적인 가격 / 가벼운 편 / 기장 적당함 벌룬팬츠에 매치하면 엄청 귀여울것 같아요! 거기다가 백팩 혹은  운동가방 매치하면 ..❤️,"비닐, 팬츠, 재질, 가볍다, 백, 팩, 운동, 가방, 귀, 여울, 합리, 적당하다"
색감도 괜ㅌ찮아서 이뻐요 꾸안꾸로 입기 좋은거같네요,"꾸안꾸, 색감"
예뻐보여서 샀었구요 생각보다 더 예뻐서 좋답니다. 히히🙃,"보, 여서"
덥긴 한데 밋밋한 코디에 하나 걸쳐주면 예쁘고 귀여운 것 같아요 좋습니다 !,"걸치다, 덥다, 코디, 귀엽다, 하나"
이거 세일할때 사세요 가성비템임 진짜 아무티셔츠에입어도 잘어울리고 힙해보임 그리고 엄청 재질 얇아요 거의 검은비닐수준  그래서 장마에 입기딱임 사이즈도 세세하게나와서 더좋네요 아쉬운점은 지퍼가 좀 빳빳하고 옆에 자꾸 찝혀요 ,"셔츠, 비닐, 사이즈, 검다, 얇다, 딱이다, 옆"
사이즈가 생각보다 작아서 아쉬워요 그리고 넘 얇아요,"얇다, 아쉽다, 작다, 사이즈"
"가볍게 착용하기 좋은 제품입니다.  가방에 넣고 다니기도 좋고, 소재도 마음에 드네요. 티셔츠만 입기 심심할때 같이 입어주면 좋아요","티셔츠, 가볍다, 착용, 넣다, 가방"
"가볍게 얇아서 간단히 입고 나가기에 너무 좋은 제품이고, 특히 흰색 티셔츠랑 스타일링하면 더 이쁜 제품입니다.","티셔츠, 제품, 흰색, 스타, 일링, 얇다, 이고, 가볍다, 간단하다"
보기엔 아저씨조끼 느낌인데ㅋ 티랑 코디해서 입어보니 나름 괜찮네요,"코디, 입어보다, 인데, 보기, 나름, 아저씨, 조끼, 티"
보기엔 아저씨조끼느낌이엤는데ㅋ티랑 코디해서 입으니 나름 괜찮아요 ,"코디, 보기, 엤는데티, 나름, 아저씨, 조끼"
보기엔 아저씨들이 입는 조끼갇아보였는데ㅋ티랑 코디해서 입으니 나름 괜찮아요,"보이다, 코디, 갇, 보기, 아저씨, 나름, 티"
조끼 갖고 싶어서 이곳저곳 알아보다 세일+쿠폰 찬스로 저렴하게 구매했는데 질이 좋아서 너무 잘 산 것 같습니다 👍 맘에듬,"저렴하다, 쿠폰, 싶다, 세일, 갖다, 찬스"
오 생각보다 재질이 얇아서 놀랐어요ㅎㅎ 한여름에 입어도 괜찮을 두께감이라 마음에 듭니다,"여름, 얇다, 재질, 두께감, 듭니"
배송이 빨라서 좋았고 사이즈도 적당하고 디자인도 괜찮았습니다!,"배송, 적당하다, 사이즈, 라서, 디자인"
합리적인 가격에 예뻐요 디자인도 생각한대로 잘 뽑혔어요,"뽑히다, 대로, 디자인, 합리, 가격"
색감이 너무 이쁘고 평상시에 꾸안꾸로 입기 좋아요,"꾸안꾸, 색감, 평상시"
다른 티셔츠 위에 포인트로 입기 좋은 것 같습니다! 크롭한 기장감이어서 참고히시면 좋을 것 같습니다!,"기장감, 참다, 티셔츠, 포인트, 위, 크롭"
엄청 얇아서 요즘 날씨에 입기 좋습니다 자주입고다닙니다,"얇다, 날씨"
이거 입으면 힙해지면서 좀 귀요미가 됩니다 갱갱,"힙, 귀요미, 되다"
너무 커서 아쉽지만 얇아서 좋아요 힙하게 입을 수 있어서 만족스럽급니다,"얇다, 커서, 만족스럽다, 급니, 아쉽다, 힙하"
장마철에 입기도 좋고 밋밋한 코디에 얹으면 잘 어울리고 좋아요,"장마철, 얹다, 코디, 어울리다"
마음에 듭니다! 에스도 가능할거 같지만 교환이 귀찮아서 입으려고 합니다,"교환, 귀찮다, 가능하다, 듭니, 에스"
기본티위에 요거 하나만 입어줘도 힙하게 코디 가능합니다. 얇아서 한여름 땡볕만 아니면 두루두루 코디하기 좋습니다.,"땡볕, 얇다, 힙하, 하나, 가능하다, 코디"
야무집니다 그냥 간편하게 코디하기 좋은 옷인것 같습니다,"야무지다, 간편하다, 그냥, 코디"
하 사지마세요 한 번 입었는데 아래 지퍼 바로 망가짐 하 돈 아까움 진짜,"말다, 망, 아깝다, 사지, 아래"
조끼 바람막이가 은근 꾸안꾸 코디로 상당히 괜찮습니다,"바람막이, 코디, 꾸다, 상당하다, 조끼"
이런스타일에 휴드조끼찾고있어는데 딱찾아서 잘입고있어용,"스타일, 이렇다, 찾다, 조끼, 휴드"
사이즈도 마음에 들고 어디든 걸치기 편하네요오,"편하다, 오, 걸치다, 사이즈, 디"
진짜 이만한 아이템이 없습니다. 이쁘고 편하고 꾸안꾸 굳,"아이템, 편하다, 없다, 꾸다, 이만"
얇아서 여름에 입기 딱이고 밑부분이 딱 잡아주는 건 없어서 아쉽긴 해요 ㅠㅠ 근데 가성비가 좋아서 만족합니다,"여름, 얇다, 잡다, 아쉽다, 딱이다, 근데, 없다, 만족하다"
생각보다슬림하네요 가격만큼이예요 할인안했으면안샀을듯,"가격, 할인, 슬림, 이예"
엄마 생일 선물로 사드렸습니다 너무 좋아하시구요 잘 입고 다니셔서 뿌듯하네요!! 다른 색상도 구매하고 싶으시대요,"색상, 좋아하다, 하고, 선물, 싶다, 시대, 뿌듯하다, 사, 드리다, 엄마"
포인트 진짜 주기 쉽네요!! 주변에서 많이 보이는거만 빼면 너무 좋아요,"보이다, 쉬다, 거만, 주변, 빼다, 많이, 주기"
가격도 저렴하고 배송도 빨리왔어요 너무 예뻐서 마음에 들어요,"오다, 배송, 저렴하다, 빨리, 가격"
너무 좋아요 시어후드 베스트 짱 파르티멘토 갓갓,"후드, 베스트, 멘토, 파르티"
배송은 빨랐지먼 너무 구겨져서 온 것 같아요 아쉬웠어요,"구기다, 아쉽다, 빠르다, 배송"
코디하기 어려운 계절인 여름에 정말 간단히 매치할 수 있는 아이템입니다.,"여름, 계절, 아이템, 간단하다, 어렵다, 코디, 매치"
이쁘고 편해서 손이 정말 자주 가는 아이템입니다.,"아이템, 손, 편하다, 가다"
일단 옷 핏이 좋고 재질이 얇아서 초여름 까진 충분히 입을수 있어서 좋습니다,"얇다, 핏, 재질, 까진, 초여름"
사이즈업해서 주문했어요 딱 좋습니다 색상 핏 재질 모두 만족합니다 옷 이뻐요 두루두루 잘 입을것 같아요 강추요,"만족하다, 업, 주문, 추, 재질"
"아주 귀여운 베스트 입니다! 여름에 반팔만 단독으로 입으면 되게 허전한데 하나 스윽 걸쳐주면 느낌 굿 가격도 완전 저렴하고, 깔끔해요!","깔끔하다, 저렴하다, 여름, 귀엽다, 걸치다, 단독, 되게, 허전하다, 베스트"
주변에서 비슷한 옷들 많이 입고 다니길래 한번 구매해봤습니다!  어디에나 입어도 이쁜 핏이 나와요ㅜㅜ.. 프린팅 다 벗겨진 티셔츠 버리지 마시고 그 위에 이 제품 입으면 티 1도 안나요 ㅎㅎ 처음엔 그냥 바람막이 베스트니까 보세의류로 사려 했는데 딱 제 눈에 가격도 나쁘지 않고 파르티멘토 제품이기도 해서 바로 구매했어용😃😃 뒤에 모자도 달려있고 밑에 스트링이 있어서 조여서 입을 수도 있어요 전 조이고 밑에 티셔트 좀 나오게 입는 게 이쁜 것 같아요! 다만 저랑 비슷한 스펙이시라면 한사이즈 업 하셔도 될 것 같습니당 대만족!!!!!!!!!  ,"의류, 티셔트, 티셔츠, 모자, 제품, 해봤다"
다 만족 합니다 다만 한가지 허리에 있는 조이는 그게 쫌도 텐션있게 조여졌으면 하는 바램입니다,"그게, 쫌, 허리, 가지, 램, 조이다"
잘받았습니다. 디자인 색상 사이즈 원하던 핏이에요.,"핏, 이에요, 원하다, 받다, 사이즈, 색상, 디자인"
생각보다 사이즈가 약간 작네요? 루즈핏은 아니에요~,"아니다, 루즈핏, 작다, 사이즈"
중학생 아들이 사 달라고 해서 사줬는데 너무 잘입고 다녀요~~~ 반팔티 입고 겉에 걸쳐입었는데 이쁘네요^^,"사주다, 쁘네, 아들, 겉, 달라, 팔, 티, 걸치다"
적당한 가격의 디자인 무난한 후드 조끼입니다. 얇아서 여름에 주로 입을거 같아요,"여름, 얇다, 조끼, 주로, 후드, 디자인, 적당하다"
밋밋해보일 수 있는 티셔츠에 포인트 주기 좋아요 힙하네요,"티셔츠, 힙, 일, 포인트, 주기"
배송빠르고 옷도 예쁘네요! 여름에도 입기 좋아요,"여름, 빠르다, 배송"
코디 활용에 하나쯤 필요한 나일론 베스트입니다,"베스, 트이다, 하나, 쯤, 활용, 필요하다, 코디, 나일론"
엄청 얇아여!! 위에 걸쳐 입어도 안덥고 힙하고 딱 좋네요. 맘에 들어요,"힙, 하고, 덥다, 얇다, 걸치다, 위"
여름에 입기에 너무 덥지 않고 딱 예쁜 핏으로 입을 수 있을 것 같아서 만족합니다~,"여름, 덥다, 핏, 만족하다"
생각보다 많이 얇긴 하지만 더워서 입기 좋았어요! 디자인도 이뻐서 자주 입습니다,"덥다, 디자인, 얇다, 많이"
좋어요 굳굳좋아요좋아요좋아요좋아여조앟오,"조, 앟오"
"이쁩니다. 나쁘지않아요 가격대비 배송도 완전빠르고,,","배송, 나쁘다, 빠르다, 대비, 가격"
"아 가격 디자인 다 좋은데 지퍼가 쪼끔 ..ㅋ 제꺼만 이상한건지 , 나머지는 다 좋습니다.","쪼끔, 건지다, 지퍼, 나머지, 끄다, 이상하다, 가격, 디자인"
합리적인 가격에 잘 구매했습니다. 에스 사이즈도 오버핏 같이 넉넉한 느낌이고 핏도 예뻐요. 배송도 빨랐습니다!,"배송, 빠르다, 가격, 사이즈, 핏, 오버핏, 이고"
저렴한 가격에 잘 샀습니다! 가볍게 툭 걸쳐 입기 좋아요 지퍼가 좀 걸리는 듯 한데 입다보면 괜찮아질 것 같습니다!,"가볍다, 지퍼, 걸리다, 저렴하다, 가격"
타임세일로 사봤는데 진짜 범용성 죽입니다 굿룻,"사보다, 죽이다, 굿룻, 타임세일, 범용, 성"
옷 내구도가 너무 약하네요 한번 세탁했더니 조임 끈이 끊어졌어요,"세탁, 끊어지다, 끈, 구도, 한번, 조이다"
가격대비합리적이에요부자되세요좋습니다 많이파세요,"합리, 적다, 파다, 되다, 부자, 많이, 대비, 가격"
아주 귀여워요 이것만 입으면 꾸러기가 된 느낌 제가 이 조끼 없이 지난 여름들을 어떻게 보냈을까요 ?,"여름, 지난, 꾸러기, 없이, 조끼"
가격 할인 할때 사서 저렴히 구매했고요 색감은 사진과 똑같습니다,"할인, 색감, 저렴하다, 사진, 가격, 똑같다"
가볍고 물에젖지않은 소재에요 아무기대 안하고 샀는데 편하고 예빠요! ,"소재, 가볍다, 편하다, 물, 빠, 젖다"
얇아서 지금 입기 좋습니다 편하고 가격도 저렴해서 만족,"저렴하다, 편하다, 얇다, 지금, 만족, 가격"
밋밋한 반팔에 입어주면 포인트인 느낌 너무 마음에 듭니다 얇아서 비닐인 느낌이지만 좋네여,"팔, 얇다, 비닐, 포인트, 듭니"
사이즈가 딱 맞고 레이어드랑 같이 입으면 예뻐요,"레이어드, 맞다, 사이즈"
너무 이쁘네요 핏도 너무 이쁘고 가성비가 미쳣어요 다들 언능 사세요,"쳣어, 핏, 언능, 가성비"
고민 많이했었는데 사길 잘한거같아요 ㅎㅎ 아주 야무지게 잘입고있습니다,"야무지다, 자다, 많이, 고민"
반팔 하나만 입으면 밋밋한 아쉬운 코디에 포인트를 하나 줄 수 있어서 좋았습니다,"포인트, 하나, 팔, 아쉽다, 코디"
모자 끈이 너무 길어서 그냥 빼고 사용중인데 재질이 탄탄해서 좋아요,"모자, 끈, 재질, 중, 인데, 빼다, 그냥"
잠깐 집앞에 나갈때 간단히 걸치기 좋아요 막입기 편해서 잘 입어지긴하네요,"편하다, 걸치다, 간단하다, 앞"
사이즈 S랑 고민했는데 지금것도 스트링 조이면 괜찮아서 그대로 입습니다 키 크신분들도 마른체형이면 S 하셔도 될거 같네용,"체형, 고민, 조이, 지금, 마르다"
S랑 고민하다가 M사이즈 구매했는데 S도 가능했을거 같아요! 제 어깨 너비보다 많이 남으면 교환할 생각이었는데 딱 알맞아서 그냥 입습니다 :),"어깨, 너비, 사이즈, 교환, 가능하다, 알맞다, 남다, 고민"
바람막이용으로 좋아요~~이너 하나 입고 걸치면 너무 이쁘네요..지금 입어도 되고 봄 가을에 입어도 괜찮을것 같아요,"가을, 걸치다, 이너, 바람막이, 되다"
바람막이 처럼 가볍고 입기 편합니다..입어보니 핏이 너무 맘에 들고 편한 티 입고 입을수 있는것 같아요 편한 옷 코디하기 좋아요,"입어보다, 편하다, 가볍다"
흰티에 밋밋하지않게 받쳐 입기 좋고요.가벼워서좋아요.,"가볍다, 희다, 티, 받치다"
아주 만족합니다 사이즈 딱 적당햐여 옷이 심심할때 걸쳐주니 좋네여,"만족하다, 걸치다, 사이즈, 적당"
이런 스타일 옷은 처음 사봤는데 만족중입니다 포인트 옷으로 장만해도 괜찮으실듯,"사보다, 스타일, 중, 처음, 장만, 이렇다, 만족"
아주 깔끔하게 왔고 배송도 이틀안에 온 거 같아요 ,"깔끔하다, 오다, 배송, 이틀"
여름에 포인트 주는 옷으로 쓰기 딱인듯 하네요 잘 입을게요,"딱이다, 여름, 쓰기, 주다, 포인트"
"화면과 전부 동일합니다 그냥 무난하고 가볍게 코디하면될듯요. 좀아쉬운건 기장이 좀길게나와서 무조건 스트링조여서 짧게입어야합니다. 세일기간에 구매해서 그냥입는데, 원래가격엔 안살것같네요;;","아쉽다, 화면, 가격, 짧다, 가볍다, 하고, 길다"
"화면과 전부 동일합니다 그냥 무난하고 가볍게 코디하면될듯요. 좀아쉬운건 기장이 좀길게나와서 무조건 스트링조여서 짧게입어야합니다. 세일기간에 구매해서 그냥입는데,  원래가격엔 안살것같네요;;","아쉽다, 화면, 가격, 짧다, 가볍다, 하고, 길다"
가볍고 얇아서 간단히 걸치기 좋습니다 나름 스트링의 끝에 금속이 있어 밋밋함에 포인트를 쥽니다. 다만 지퍼는 좀 약해보이고 주머니가 얕은것은 단점입니다만 전반적으로 만족스럽습니다,"금속, 얕다, 약하다, 주머니, 얇다, 가볍다, 단점, 간단하다, 포인트, 전반"
배송도 빨리오고 입었을때 엄청 시원하고 흰티랑 같이 입으면 굿,"시원하다, 오다, 희다, 티, 배송, 빨리"
쿠폰할인까지 받으니 가격대비 너무 좋은것같아요,"받다, 쿠폰, 할인, 대비, 가격"
배송도 빠르고 상태도 굿 꼭 삿요 추천 드립니다 짱짱,"삿, 드리다, 상태, 배송, 빠르다, 추천"
싼가격에 좋은 품질로 득템한거 같아요. 배송도 빠르고 좋았어요,"득템, 배송, 품질, 빠르다, 가격"
아무 반팔 위에 걸쳐 입기 편해서 좋아요 비 조금 내릴 때 후드가 유용해요,"편하다, 유용하다, 내리다, 후드, 걸치다, 팔, 위"
요것만 입어도 뉴진스 소리 들을 수 있음 아주 힙해보여요,"힙해, 보이다, 요것, 소리, 뉴진스"
여름에 반팔 위에 포인트로 입기 굉장히 좋습니다.,"여름, 굉장하다, 포인트, 위"
딱 원했던 크기와 핏감이어서 맘에 들어요 안에 나시만 입어도 힙하고 반팔 롱슬리브 맨투맨 어디든 매치하기 쉬운 옷 인거 같습니다  후기에 얇다는 말이 많았는데 정말정말 얇은편이고 통기성이 좋은 거 같지는 않습니다 저렴하게 잘 산 거 같아요,"얇다, 크기, 저렴하다, 쉽다, 팔, 핏감, 원하다"
디자인은 웬만하면 다 어울리고요 가격또 싸고 배송도 빨라서 좋았습니당,"싸다, 디자인, 배송, 가격, 니당다, 라서, 어울리다, 웬"
새일할때 싸게 잘샀습니다 생각보다는 재질이 괜찮은거같아요 다만 통풍이 잘안되서 한여름에는 더운거같고 비올때 입기좋은거같아요 ㅎㅎ,"여름, 에는, 덥다, 통풍, 싸다, 비올, 보다는, 재질"
힙해지고 싶어서 어린애들 따라 사봤어요 힙해지긴 하는것 같은데 제가 입으니까 낚시하러 간 사람 같더라구요 그래도 예뻤습니다,"낚시, 힙, 어리다, 애"
맘에 들어요 ㅋㅋ 편하게 자주 입고 다니고 있습니다 아무옷에나 다 잘어울려여,"편하다, 어울리다"
"편하게 가볍게 입기 좋은 옷이고, 활동성 나쁘지 않아요 ","가볍다, 이고, 편하다, 나쁘다, 활동, 성"
오버핏은 아니네요. 얇아서 한여름에도 착용 가능해요. 확실히 모자 끈이 너무 길어서 불편하네요..,"불편하다, 얇다, 여름, 착용, 끈, 가능하다, 아니다, 모자"
가격대비 괜찮기는 합니다. 후드 스트링이 너무 길어서 좀 아쉽네요,"아쉽다, 스트링, 후드, 대비, 가격"
이런류의 옷을 처음입어봤는데 정말 이쁘고 맘에 쏙 드네요 자주 입을듯 합니다!,"입어보다, 류, 이렇다, 처음"
좋아용 생각보다 널널하고 비닐?같은 느낌입니다 ,비닐
예뻐용 사이즈도 은근 넉넉해서 오버핏으로 입었어요,"오버핏, 사이즈"
예뻐요 근데 아무래도 나일론 쟈질 특성상 잘 구겨져요,"구기다, 아무래도, 근데, 나일론, 쟈질, 특성, 상"
느낌 좋습니다소매없는 베스트 사실거면 이거 사심됩니다,"사심, 되다, 사실, 베스트, 소매, 없다"
여름에 입기 좋은 얇은 후드베스트입니다 단품으로 입어도 이쁘고 반팔에 입어도 너무 이쁘네요 추천드려요,"베스, 트이다, 단, 품, 팔, 드리다, 여름, 얇다"
아이가 좋아하네요. 이제는 엄마가 사준옷보다는,"보다는, 엄마, 좋아하다, 이제"
일할 때 입으려고 샀는데 유용하게 잘 입고 있습니다,"유용하다, 일"
한여름에도 입기 좋아요. 끈이 너무 길어 약간 불편합니다,"한여름, 길다, 끈, 불편하다"
반팔만 입기에 좀 그래서 포인트 주고 싶어서 구매했는데 얇아서 여름에도 잘 입을거 같아요,"팔만, 얇다, 싶다, 주다, 여름"
딱 정사이즈예요 흰티에 레이어드하면 제일 무난한데 길거리 나가면 한 명쯤 마주칠 법한 느낌입니다 그래도 넘 이쁘요,"레이어드, 명, 쯤, 희다, 티, 길거리, 사이즈, 예요"
얇고 여름에 입기 괜찮았어요! 핏도 괜찮았고 막 입기 좋았어요,"핏, 얇다, 여름"
포인트 주기에 딱이에요 ㅎㅎ 이벤트했을 때 샀는데 후회 안 합니다,"이벤트, 딱이다, 주기, 포인트, 후회"
생각보다 기장은 짧지만 나름대로 이뻐서 잘입울수있을듯,"나름, 대로, 기장, 짧다"
좋아요 ! 얇고 ! S가 커서 오버핏으로 입고 있어요 대만족,"오버핏, 얇다, 커서, 만족"
사이즈는 적당히 맞아요 크게 입고 싶으면 한사이즈 업해서 입으면 될듯해요 흰티랑 매칭해서 입으면 예뻐요,"업, 싶다, 매칭, 희다, 티, 맞다, 적당하다"
예뻐여 이런거 하나 갖고 싶었는데 잘 산거 같아용 배송도 빨랐음,"싶다, 이렇다, 빠르다, 배송, 갖다, 하나"
예쁘고 입고 다닐 때 편해서 자주 입고 다닐 예정이에여,"예정, 편하다"
예쁘고 편하게 입을 수 있어서 자주 입을 것 같아요 ,편하다
그냥 무난무난한 것 같아요. 티셔츠 위에 입어서 힙하게 입으시는거 추천해요,"추천, 힙하, 그냥, 티셔츠, 위"
색상도 예쁘고 좋은데 사이즈가 조금 작은거 같아요,"사이즈, 색상, 작다"
좀 더 오버핏이면 더 좋았을거 같단 아쉬움이 있어요,"오버핏, 아쉬움"
가격대비 상품의 품질이 매우 좋습니다 요즘 제가 제일 애용하는 옷입니다,"상품, 품질, 애용, 제일, 가격"
재질 얇아서 여름에 레이어드 해도 부담 없겠어요 아들 입혀놓으니 예쁘네요 ,"없다, 아들, 입히다, 여름, 얇다, 레이어드, 재질, 해도, 부담"
퀄리티에비해 조금 비싼거 같기도 해요 그래도 만적이요,"만적, 비다, 퀄리티, 비싸다"
가격에 비에 원단이 얋고 탄탄합니다 나쁘지 않은 선택인거 같아요,"원단, 비, 나쁘다, 선택, 가격"
너무 좋습니다 자주 입고 다닐거 같습니다 감사합니다,
엄청 많이 입고 다녔어요 반팔 위에 입으면 이뻐요,"팔, 위, 많이"
디자인도 색감도 재질도 다 좋은데 끈이 너무 길어서 아쉬워요 ㅠㅠ,"아쉽다, 끈, 디자인, 재질, 색감"
정말 너무 예쁜 옷이고 다들 사셨으면 좋겠고 고민하지말고 구매하세용 홍홍^^*,"이고, 고민, 말고"
어디든 매치하기좋고 포인트 주기도좋아서 자주 애용할게요~,"매치, 주기도, 애용, 포인트"
사이즈가 딱 맞는 것 같습니다. 크기 대비 완벽합니다,"사이즈, 크기, 완벽하다, 맞다, 대비"
중2 너무 잘 입고 다니네요. 멋내기 좋아하는 아들이 좋아해요,"좋아하다, 멋, 내기, 아들"
처음 입어보는 스타일이라 걱정했는데 걱정과 다르게 휘뚜루 마뚜루 입을 수 있네요 사이즈도 넉넉하고 체육복이나 데님 어디든 잘 어울립니다,"체육복, 이나, 스타일, 입어보다, 걱정, 어울리다, 데님, 사이즈"
생각했던거보다 깔끔하고  무난한게  휘뚜른 마뚜루  필수네요~^^,"깔끔하다, 휘뚜른, 필수, 마뚜루"
별로 기대 안하고 샀는데 기대이상으로 좋아서 놀랐습니다,"별로, 하고, 기대"
여름에 포인트로 입기 좋습니다 얇아서 하나도 안 덥고 좋아요,"여름, 얇다, 포인트, 덥다, 하나"
가격도 적당하고 이쁘네요.  배송도 빨리오고 좋아요,"쁘네, 오다, 적당하다, 배송, 빨리, 가격"
활동하기 편하고 코디하기 편해서 자주 입게 되네요!,"편하다, 되다, 코디, 활동"
얇아서 입기 좋아요 배송도 빠르고 좋네요 잘 입을게요,"얇다, 배송, 빠르다"
저의 최.애 옷입니다. 여름에 이만한것이 없어여 요즘에 할일을 자꾸해서 좀 배가 아프긴 하지만 어쩔수 없어요  장점  - 여름에 그냥 티랑 바지입고 이거 입으면 뭐입을지 걱정 할필요가 없음 - 여름 에어컨 아래서 추울때 보온효과 - 여름에 밖에서 햇빛 내리쬘때 모자써서 자외선 물리적 차단  - 그냥 넘 예쁨 단점 - 왜인지는 모르겠으나 가끔 음식 냄새가 잘 배김,"여름, 햇빛, 냄새, 추다, 장점, 에어컨, 자외선, 왜인, 지는"
모자끈이 자유분방해서 묶어놨는데 예뻐요 커플로 샀는데 추천~,"묶다, 커플, 모자, 끈, 자유분방하다, 추천"
주머니가 바로 있어서 너무 편하고 귀엽고 예뻐요,"편하다, 주머니, 귀엽다"
시원하고 좋아요 자칫 낚시룩이 될 수 있음을 주의하세요,"낚시, 룩, 시원하다, 자칫, 주의"
굉장히 얇고 시원합니다 세탁하니 살짝 줄어들었어요 사이즈 넉넉하게 구매하시길 권장합니다,"권장, 원하다, 굉장하다, 줄어들다, 얇다, 세탁, 사이즈"
진짜 여름에도 입을 수 있고 색상도 너무 예뻐요 짱,"색상, 여름"
간단하게 걸치기 좋고 아무 옷에 입어도 잘어울려요 !! 그냥 걸치자마자 바로 힙해지는데 완전 마음에 듦,"힙, 걸치다, 간단하다, 그냥, 어울리다"
간단하게 걸치기 좋은 디자인이고 힙하게 코디할 수 있어서 좋았습니당 !!! 사이즈는 s가 젤 적당한듯 ,"디자인, 사이즈, 간단하다, 힙하, 걸치다, 코디, 적당하다"
여름에 아무것도 없눈 반팔티에 포인트를 주는 귀중한옷입니다,"여름, 팔, 티, 없다, 눈, 포인트, 주다"
완전 맘에 들어요! 얇아서 여름에 입어도 별로 안덥고 좋아요,"여름, 얇다, 덥다, 별로"
본인 184/75  L사이즈가 제일 커서 샀는데 약간 작은 감이 없지 않아 있는듯,"사이즈, 커서, 없다, 본인, 작다"
조금 밝은 검은색이긴 하지만 가성비도 좋고 꾸안꾸로 입기 편한 것 같아요,"검은색, 꾸안꾸, 가성비, 밝다, 편하다"
옷 예쁘고 재질 좋고 사이즈 있는대로 사니까 딱 맘에 들어요 ,"사, 대로, 사이즈, 재질"
민무늬 반팔티 위에 잘 어울리고 센스있게 패션표현을 할 수 있어매일 같은 옷이여도 지루해 보이지 않아 좋습니다!,"패션, 지루하다, 여도, 어울리다, 표현"
바람막이 재질로 가볍고 어디든 잘어울려서  코디하기 참 좋아요,"어울리다, 바람막이, 재질, 가볍다, 코디"
평소 100사이즈입는데 여유있게 맞네요 얇고 가벼워서 편하겠어요,"편하다, 가볍다, 얇다, 맞다, 평소, 사이즈, 여유"
가성비 진짜 좋고 예뻐요.. 잘입을게요 너무 감사합니다,가성비
"예쁘고 편해거 좋아요! 세탁 했는데 끈이 바로 빠져서 다시 끼웠네여,,","끼우다, 편하다, 빠지다, 끈, 다시, 세탁"
요즘 유행이여서 조끼 시켰는데 널널한 핏을 좋아해서  좀 딱 맞긴 한데 괜찮아요 ! 회색 바지에 입으니까 예쁘네요,"유행, 여서, 좋아하다, 핏, 맞다"
조금 너무 비닐 같긴해도 여름에 시원하게 흰발판티에 입어주면 나쁘지않아요,"여름, 발판, 티, 시원하다, 나쁘다, 비닐, 해도"
길이감 좋고 원단 좋고 핏 좋고 색감 좋고 마음에 들어요,"원단, 색감, 길이"
이쁘고 가벼워서 더운 날에 잘 입고 다닐 수 있을거 같아요,"벼워, 날, 덥다"
여름에 포인트 주기 좋은 자켓입니다! 잘 입고있어요!,"여름, 자켓, 주기, 포인트"
가볍게 훅 걸치기 좋아요 스타일 내기 좋은옷  질은 그닥지 좋은지는 모르겠네요,"가볍다, 그닥, 지, 모르다, 걸치다, 질, 스타일, 내기"
"너무 귀여워요~!~! 티 한장 입기 애매할때, 실내 추울때 딱입니다~ 주머니 있어서 뭐 넣기도 좋구요! 모자끈이 좀 길어서 묶어두니 귀엽슴다~ 하나 쟁여두고 간단히 , 막 입기 좋아요! 언능 사시길!","묶다, 두다, 귀엽다, 추다, 주머니, 모자, 끈, 귀엽슴, 애매하다"
좀 더 어두운 검정색이었으면 좋았을듯 ㅠ 좀 비닐봉지같음 그래도 입고다닐만해요,"검정색, 비닐봉지, 두운"
가벼워서 좋고 포인트 주고싶은날 입고나가기 너무 좋아요,"가볍다, 주다, 싶다, 포인트"
너무 깔끔하고 가벼워서 좋아요 포인트 주고싶을때 입으면 너무너무 굿굿,"깔끔하다, 벼워, 싶다, 주다, 포인트"
저런 스타일의 조끼 찾고있었는데 딱인거같아요! 남자브랜드라서 그런지 S를 사도 조금 긴감이 있지만 그래도 밑에 스트링으로 조절할 수 있어서 좋은거같아요 저렴한 가격에 살 수 있어서 추천드려요!,"저렴하다, 스타일, 추천, 가격, 조끼, 찾다, 밑, 스트링"
얇아서 여름에 아주 잘 입을 수 있어요! 근데 지퍼가 살짝 부실해요..,"지퍼, 부실하다, 근데, 얇다, 여름"
가격도 싸고 편하고 배송도 빠르고 좋습니다 굿굿,"편하다, 배송, 싸다, 빠르다, 가격"
너므너무 좋습니다 이쁘고 재질도 좋고 사이즈감도 좋아요,"너므, 재질, 사이즈, 감다"
너무 맘에들어요 ㅎㅎ 탄탄하고 재질도 좋고 다음에 또 구매할게요,재질
너무 예쁘고 맘에 듭니다 사이즈감도 딱 좋아요 얇아서 여름에 입기 가능합니다,"여름, 얇다, 사이즈, 가능하다, 듭니, 감다"
첫 후드 베스트인데 유용하게 잘 입고 있어요! 얇아서 여름에 입기 좋아요,"여름, 베스트, 인데, 얇다, 유용하다, 후드"
배송 빨랐고 후드 끈이 너무 긴 거 빼고는 만족합니다,"빠르다, 만족하다, 빼다, 끈, 배송, 후드"
생각보다 얇은데 예뻐요! 사이즈 고민했는데 s로 하길 잘한거같아요,"고민, 자다, 사이즈, 얇다"
사진이랑 똑같아요 스트릿 좋아하는분들한테 추천,"분, 똑같다, 좋아하다, 사진, 이랑, 스트릿, 추천"
그냥 스타일 내기 좋은옷  질은 별로인듯  가격대비 별로,"별로, 그냥, 질, 스타일, 내기, 대비, 가격"
오랜만에 힙찔이가 된듯한 옷이였습니다 정말 감사합니다,"오랜, 힙찔이"
상품 굿입니다 맨살에 땀복으로 자주 입어요 굿웃,"굿, 살, 굿웃, 땀복, 상품"
남자친구 사줬는데 예뻐요 아주 아주 잘 어울려요,"어울리다, 사주다, 남자친구"
"너무 이쁘고 만족스럽습니다,가성비로 사기 좋아요","만족스럽다, 가다, 성비, 사기"
얇아서 스타일링하기좋아요 여름 반팔위에 딱입니다,"스타, 일링, 얇다, 딱이다, 위, 팔, 여름"
Vvj g flooded go o g hi jfdfewdfsrt dfer,
요즘 사람들이 많이 입길래 구매했는데 너무 편하고 좋습니다 굳굳,"편하다, 입길, 사람, 많이"
배송도 빠르고 사이즈도 고민했는데 추천 해준 사이즈가 딱 맞아요,"고민, 맞다, 해주다, 사이즈, 배송, 빠르다, 추천"
더운 여름에 흰 반팔위에 걸치기만해도 너무 이뻐요!  소재도 앏아서 시원해요,"걸치다, 여름, 시원하다, 앏아, 소재, 덥다, 위, 팔, 해도"
완전 맘에들어요 그냥 걸쳐도 스타일리쉬해보입니당,"스타일리쉬, 그냥, 걸치다, 보이다"
너무 예쁜데 주머니에 지퍼 있음 더 좋았을거 같아요. 주머니가 얕아서 뭘 넣으면 잘 빠지네요 . 그외엔 괜찮아요.,"넣다, 주머니, 빠지다, 얕다"
착용감이 좋아요 가격도 좋고 입기 정말 편해요 하나 사두시는것도 좋은거 같아요,"착용, 편하다, 사, 두시, 하나"
생각 보다 커서 밑 부분을 조이면 옆이 좀 어벙벙해지는 감이 있어요. 비올 때 입었는데 방수도 되고 무난하게 자주 손 가는 옷,"옆, 어해, 지는, 조이, 커서, 되다, 비올"
생각보다 너무 편했고 스타일링 하기도 쉬워서  손이 자주 가게 되더라구요 ㅎㅎ,"편하다, 되다, 쉽다, 스타, 일링, 손, 가게"
"어깨가 넓은 분들에게는 약간 어색한 느낌, 오버한 느낌 나기는 어려운것 같아요 그래도 나름 잘 입고 있습니다.","어깨, 분, 에게는, 오버, 나기, 어색하다, 나름"
엄청 얇아요! 가격 저렴한만큼 얇긴한데 흰티에는 딱 이쁘게 입을 수있어요,"얇다, 희다, 티, 에는, 저렴하다"
제가 원하던 상품이여서 너무 좋아요 무신사 세일할때 사면 너무 좋은듯 합니다,"세일, 상품, 여서, 원하다, 사면, 물다"
배송도 빠르고 화면이랑 색상도 일치합니다. 레이어드해서 입기 좋아요,"화면, 이랑, 레이어드, 일치, 배송, 색상, 빠르다"
두껍지 않아서 여름에도 레이어드해서 입을수 있어요. ,"레이어드, 여름, 두껍다"
가격은 합리적인것 같아요 저같이 뚱뚱한 남자에게는 좋을것같네요,"남자, 에게는, 합리, 가격"
이쁘고 사이즈도 넉넉합니다. 배송도빠른편이에요,"편이, 에요, 배송, 빠르다, 사이즈"
정말 합리적인 가격으로 잘 가져온거 같아요. 활용도 정말 좋고 가성비제품 추천입니다!,"추천, 가격, 활용, 제품, 합리, 가져오다, 가성비"
여름에  입기 좋게 시원해요. 가격에 적당한 퀄리티입니다 ,"여름, 퀄리티, 시원하다, 가격, 적당하다"
그냥 무난무난무난 해요 큰 포인트는 안 되는 것 같아요,"그냥, 포인트, 무, 되다, 난무, 난"
옷이 예쁘고 반팔티랑 같이 입었을 때 너무 잘 어울립니다,"어울리다, 팔, 티"
너무 예쁘고 제가 원하던 스타일이어서 좋습니다,"스타일, 원하다"
두께  얇아 멋내기로 입으면 딱 입니다. 스커트랑 입어도 잘 어울리고 츄리닝 바지에 입어도 예쁩니다. 세탁후 물빠짐 변형 없고요 마름은 후딱 말라요. ,"세탁, 얇다, 멋, 내기, 말르다, 두께, 후딱, 바지"
기본템으로서 아주 조코 잘 입고 다니고 잇슴미다!,"밉다, 잇슴, 조, 코"
얇아서 여름용 아우터로 입기 좋아요 핏도 너무 예쁘고 편해요😁,"편하다, 아우터, 핏, 얇다, 여름"
편하게 입기에 좋습니다 사이즈는 정사이즈예요,"사이즈, 예요, 편하다"
얇은 반팔에 이거하나 걸쳐주면 여름 고프코어 완성입니당. 한여름에 입을만한 두께로 되어있고 가격대비 이만하면 괜찮아요!,"여름, 고프다, 코어, 팔, 걸치다, 두께"
끈길이가 좀 길고 스트링이 있어서 기장 조절 가능한게 좋아요 매우 얇아서 시원해요,"얇다, 끈, 길이, 시원하다, 스트링, 기장, 가능하다, 조절"
배송이 빠르고 옷이 예뻐요 포장도 꼼꼼하고 옷 퀄리티가 좋아요 ,"배송, 퀄리티, 포장, 빠르다"
블프시즌에 사서 너무 만족스러운 가격으로 샀고 배송받자마자 입었는데 이뻤어요 사이즈도 적당하고 기장도 적당했어요 가끔 비올때 입으면 방수도 돼서 좋아요,"만족스럽다, 뻤어, 적당하다, 가격, 사이즈"
사이즈도 완전 딱이고 휘뚜루마뚜루 입고 다니기 완전 좋습니다 ㅎㅎ,"딱이다, 사이즈, 휘뚜루, 뚜루"
재질이 좀 얇고 바스락 거리는 재질입니다 사람의 취향차이겠지민 개인적으로는 그다지 고급스럽다고 느껴지진 않네요 ,"개인, 으로는, 고급스럽다, 재질, 느껴지다, 취향, 차이다, 얇다, 그다지"
생각보다 얇아요 여름용이라 그렇겠지요 품질은 음.. 좀 그렇네요 딱 알리익스프레스 품질정도.. 아들은 다행히 괜찮다고 하는데 저는 좀 가성비 떨어진다는 느낌이에요,"아들, 그렇다, 다행하다, 이에요, 여름, 용이, 알리"
남편 입으라고 샀어요 흰티에 입기 무난하고 좋아요,"희다, 티, 하고, 남편"
얇고 가벼운 비닐재질이라 여름에 입기 좋아요!! 별로 안더워요,"덥다, 여름, 얇다, 별로, 재질, 비닐, 가볍다"
약간 얇고 비닐재질입니다!! 가벼워서 여름에 입기 좋아요,"여름, 벼워, 재질, 얇다, 비닐"
가격이 합리적이지만 너무 얇아서 조심해야합니다코디하기엔 좋아요,"합리, 조심하다, 얇다, 가격, 코디"
주름이 좀 잘생기긴하는데 얇고 무난하고 가성비 좋아요!,"잘생기다, 얇다, 주름, 하고, 가성비"
너무 맘에 드네용 딱 원하던 느낌이에요 예쁘게 레이어드해서 잘 입을게용,"레이어드, 원하다, 이에요, 드네용, 게용"
쫌 주름이 잘지긴 하는데 나일론이니까 그러려니해요 이쁘네요,"나일론, 이니까, 그렇다, 지다, 주름"
전부터 사고 싶었는데 돈 모아서 샀어요 맘에 들어요,"싶다, 전, 모으다, 사고"
옷이 캐쥬얼하고 너무편함니다 좋아요 애용할게요,"캐, 쥬얼, 하고, 애용, 편하다"
좋습니다 아주 편하구 활동하기에 적합합니다짱,"활동, 편하다, 짱, 적다"
아직 한번도 입진 않았지만 추후에 애용할 듯 하네요,"추후, 애용, 아직, 번"
티셔츠와 레이어드하니 정알 예뻐요 원단이 얇고 가벼워서 여름에 입기에도 무리가 없네요,"여름, 가볍다, 티셔츠, 없다, 얇다, 원단, 무리"
여성분들은 s 사시면 딱 맞을 것 같아요 마감이 조금 아쉽긴 한데 예뻐요,"아쉽다, 맞다, 여성, 분들, 마감, 사시"
배송도 빠르고 옷도 예뻐서 너무 만족합니다 구매하세요,"만족하다, 배송, 빠르다"
바시락 거리고 뭐 초여름에 레이어드 해서 입기 좋아여 나쁘지 않음,"거리, 초여름, 레이어드, 나쁘다, 바시락"
생각 이상으로 마음에 들어서 너무 좋아요 저렴하게 구입해서 자주 입는중 아쉬운점은 끈이 너무 길어서 묶어서 입는중,"묶다, 끈, 저렴하다, 아쉽다"
여름에는 좀 공기가 안통할 수 있지만 디자인은 최고에요!,"여름, 에는, 공기, 디자인, 최고, 에요, 통"
여름에 반팔만 입기에 밋밋하면 딱 이 조끼 걸쳐주면 스트릿한 느낌나고 좋아요!,"여름, 걸치다, 팔만, 느끼다, 스트릿, 조끼"
원하던 느낌이고 얇아서 반팔입고 입기 너무 좋아오,"얇다, 이고, 원하다, 팔"
"사이즈 딱좋구요 얇아서 여름에도 무난해요 반팔, 민소매 다 매치하기 굿입니다. 무신사 반바지들과 잘어울려요","반바지, 얇다, 굿, 어울리다, 여름, 민소매, 매치, 사이즈"
편하고 데일리하게 입게 좋을 거 같아요 손이 많이 가요,"데일리, 가요, 편하다, 손, 많이"
시원하게 입을수 잇고 엄청 가볍지만 그만큼 얇아서 조심히 입어야 합니다 ㅜ,"가볍다, 얇다, 조심, 히, 시원하다, 잇다, 그만큼"
너무이쁘고잘입고있어요잘어울리고사이즈도굿,"어울리다, 사이즈"
가볍고 얇아서 여름에 걸치기 좋은 것 같아요! 심심할 수 있는 무지티나 가운데 포인트가 로고가 있는 오버핏 반팔이랑 제일 찰떡일 것 같습니다아 ~ 사이즈는 몸통이 두꺼운게 아니면 m도 충분합니다!,"사이즈, 가볍다, 얇다, 여름, 두껍다, 몸통, 포인트, 로고, 가운데"
배송이 예정보다 빨라서 좋았어요! 끈이 좀 길긴 한데 핏 예쁘고 가격대비 만족합니다,"배송, 만족하다, 끈, 라서, 예정, 대비, 가격"
바람막이 후드여서 너무 이쁘네요 ㅎㅎ너무이뻐요 히,"후드, 여서, 바람막이"
레이어드해서 입으면 딱 예쁘고 가격대비 너무 만족합니다!,"레이어드, 만족하다, 대비, 가격"
처음 구겨져온 부분은 세탁후에도 없어지지 않는건 어쩔 수가 없네요 레이어드하기 좋아요,"구기다, 온, 없다, 처음, 어쩔, 수가, 레이어드, 부분"
추천드려요 다음에도 또 구매할것 같아요 데일리로,"데일리, 추천, 드리다"
후드도 있고 좋습니다 깔쌈해요 진짜 좋습니다 그리고 마음에 듭니다,"깔다, 쌈해, 듭니, 후드"
"얇고 바스락거려요,,, 에어컨 튼 실내에서 입으려고 샀어요  좀 뭔가.. 싼티나긴하는데 싼값에 입문하긴 나쁘지 않은 듯?","값, 뭔가, 실내, 입문, 바스락, 거려, 싸다, 티나, 얇다"
너무 예뻐요 매일 입고 다니고있어요 거의 그냥 저으 교복 ㅎㅎ,"그냥, 으, 교복, 매일"
너무 예뻐요 매일 입고 다니고있어요 거의 그냥 저으 교복,"그냥, 으, 교복, 매일"
네이비 있는데 블랙도 괜찮을거 같아서요~~ 세일가에 잘 샀네요,"세, 일가, 블랙, 네이비"
가을이나 봄에 입으면 딱일 거 같네요 여름에는 많이 더워요,"덥다, 여름, 에는, 봄, 가을, 이나, 많이"
그냥..그래요..그냥 딱.. 휘뚤마뚤 근데 좀 돈 아까움ㅠ..9,"그냥, 그렇다, 휘뚤마뚤, 근데, 아깝다"
운동하는 막둥이 운동복겸 외출복으로 구입했는데 제품 가격대비 만족합니다. 정사이즈 구입하시면 되고 배송도 빨라 좋네요.,"외출복, 배송, 만족하다, 되다, 막둥이, 운동복, 운동"
흰색옷 레이어드해서 착용하면 트렌디하고 예뻐요,"레이어드, 착용, 트렌디, 하고, 흰색"
배송도 빠르고 제가 원하던 재질입니다. 매우 만족합니다,"만족하다, 원하다, 배송, 재질, 빠르다"
엄청 얇아서 봄여름가을 모두 착용할 수 있을 것같아요,"얇다, 착용, 여름, 가을"
더운데. 꼭입고다녀야한대서주문햇어요 몇번입고는. 잘안입어요,"햇, 덥다, 주문, 대서"
편하게 간지를 만들어낼 수 있습니다 오예 걍 요즘 흰 티 입으면 거의 이 친구는 무조건 위에 걸쳐융 너무 더운 날에는 못 입지만 그래도 아직까지는 크게 더운 건 모르겠어오,"덥다, 편하다, 입지, 친구, 모르다, 오예, 아직, 까지는"
여름이라 입을 수 있는 옷의 범주가 크지 않아서 맨날 입던 반팔티 입는 게 너무 지겨웠는데 이거는 티 입고 위에 탁 걸쳐주면 간지도 좀 나고 질리던 옷들도 새롭게 입을 수 이스미다 아주아주 편하고 조아유,"여름, 팔, 티, 편하다, 지겹다, 맨날"
이런류의 조끼를 사고싶었는데 마침 눈에 띄고 할인도 하길래 사봤는데 정말 이쁘네요 얇긴한데 여름에 입기에는 딱 좋은것 같습니다,"할인, 여름, 사보다, 얇다, 띄다, 류, 조끼"
가성비 있게 입을 수 있는 바람막이 베스트 학교 다닐 때 편하게 입을 수 있을 거 같습니다,"바람막이, 편하다, 가성비, 베스트"
너무 좋아요 찰떡잉요!! 이번 여름은 이것만 입울거같어요,"여름, 찰떡"
바람막이 보다도 더 얇고 각은 잡히는데 흐물흐물 거리고 후기 보면 사람들이 밑에 안쪼이는 게 더 예쁘다고 하는데 쪼이는 게 더 예쁜 것 같아요!!! 가성비 완전 짱,"보다도, 쪼이다, 얇다, 밑, 바람막이, 잡히다"
제가 덩치가 큰 편이라서 그런지 좀 작은감은 없지않아 있었습니다 그래도 잘 입고 있어요 길이감은 175 기준으로 엉덩이 위 입니다 저와 같은 스펙이신 분들은 이 조끼 샀을 때 짧거나 작은감이 있을 수 있을 것 같아요,"짧다, 작다, 엉덩이, 길이감, 조끼, 덩, 치가, 감다"
"배송 꼼꼼하고, 재질도 얇고 편하게 나갈때 입기 좋을 거 같아요!!","편하다, 얇다, 재질, 배송"
한여름에 입기에는 약간 더울 수 있을 것 같아요 옷은 엄청 예뻐요,"한여름, 덥다"
완전 꾸안꾸 아이템입니다! 급하게 옷이 필요했는데 배송이 빨라서 너무 좋았어요!! 만족합니당👍👍,"만족하다, 급하다, 배송, 필요하다, 라서, 아이템, 꾸안꾸"
너무 좋아요 잘 입을게요 감사합니다. 사이즈도 조아요,사이즈
아이가 편하다고 좋아해요 가격대비  이뻐요 배송굿,"편하다, 좋아하다, 배송, 굿, 대비, 가격"
지금 시기에는 살짝 더운 느낌은 있지만 더위 참고 입을만큼 예쁜거 같아요!,"덥다, 지금, 시기, 에는"
"오져요 mz너낌 지대루임 주머니에 생각보다 머 많이 ㄷ,ㄹ어가서 조음  고프코어?뭐라고하지 암튼 유행하는 스타알임 짱 ","어가, 오다, 유행, 낌, 뭐라다, 암튼, 주머니, 스타"
세일할 때 사서 싸게 구매 했습니다 생각보다 더 괜찮네요!,"싸다, 세일"
많이 얇아서 여름용으로는 좋아요 비닐 느낌이 없진 않아요..,"여름, 으로는, 얇다, 없다, 비닐, 많이"
반팔만 입기 심심해서 사봤는데 편하게 걸치기 좋네요,"사보다, 편하다, 팔만, 걸치다"
잘 받았어용 여름에 입기 좋을듯 감사합니다여요여,"여요, 받다, 여름"
심플한디자인에 가격도 좋아요 색상은 화면과동일하고 세탁후변형은없고 뱌송도 빠릅니다,"색상, 화면, 디자인, 세탁, 빠르다, 동일하다, 변형, 심플, 가격"
아들이 이쁘다고구입하였는데 잘산거같아요 스타일도 맘에들어하고 사이즈도 잘맟아요 재질도 지금 입기좋고 가벼워요,"스타일, 벼워, 쁘다, 잘살다, 맟아"
생각보다사이즈가 커요 낙낙합니당 편하게입을수잇어요 가을에도 입을수잇어서 좋네융,"편하다, 융, 잇다, 가을, 크다, 사이즈, 합"
여름 바람막이는 이거 하나면 됩니다 디자인 진짜 굿,"바람막이, 되다, 하나, 디자인, 여름"
무난하게 입기 좋슴니다~ 얇고 들고다니기 좋슴다,"얇다, 좋슴다, 좋슴니"
여름에 반팔 위에 입기 딱 좋은 거 같아요 너무 잘 산 거 같습니다 ㅎㅎ,"여름, 위"
흰티랑 입었을 때 아주 찰떡궁합입니다 스트릿 느낌도 좋아오,"찰떡, 궁합, 희다, 티, 스트릿"
무난무난하게 입을만 합니다~ 낚시터 아저씨같단 말 듣긴 했음 ,"듣다, 낚시터, 아저씨"
너무 좋아요! 배송도 빨라고 꼼꼼하게 왔네요 감사합니다,"오다, 라고, 배송"
생각보다 얇아서 여름에도 시원하게 입을 수 있을 것 같아요:),"얇다, 시원하다, 여름"
얇아서 여름에도 안 덥게 입을 수 있어요! 너무 예뻐요,"덥다, 얇다, 여름"
얇아서 안 덥고 여름에도 앱을 수 있어요!! 가볍게 입기 좋습니다,"가볍다, 앱, 얇다, 덥다, 여름"
생각보다 널널해서 입기 편했고 위아래로 지퍼가 있어서 자기 스타일 편한대로 코디 할 수 있어서 좋아요,"지퍼, 편하다, 대로, 아래, 스타일"
요즘 아들이 옷에 관심이 많아 이것저것 입어보고싶어 주문한옷 너무 잘입고다녀요 좋다고해요 사이즈 또한 딱 맞아요,"아들, 입어보다, 사이즈, 맞다, 주문"
사이즈도 적당하고 나일론 소재라 얇아서 덥지 않을 때 힙하게 코디하면 좋을 거 같습니다,"힙하, 얇다, 코디, 덥다, 소재, 적당하다, 사이즈"
제 스펙과 비슷하신 분들은 M 사면 될 것 같습니다.,"분, 스펙, 사면"
진짜 유용하게 잘 사용하고 있습니다 여름에 입기에도 좋아요,"여름, 유용하다, 사용, 하고"
재질도 좋고 이뻐서 자주 입고 다니고 있어용 굳굳,재질
포인트로 입기 좋아요 흰티에 걸쳐입기만 해도 예뿜,"희다, 티, 예뿜, 포인트, 걸치다, 해도"
저런식으로 레이어드해서 입으니 엄청 이쁩니다 잘입을게요~,"레이어드, 식, 저런"
딱 반팔에 레이어드 하기 좋고 생각보다 더 얇아서 여름에 입기 좋을거 같은데 얇은만큼 뭔가 딱 핏이 살아있는 느낌은 없어요 ,"얇다, 없다, 여름, 팔, 핏"
너무 예쁘고 여름에 반팔 위에 포인트로 입기 좋아요 !! 디자인도 예쁘고 마감도 괜찮았어요 !! ,"여름, 디자인, 포인트, 마감, 위"
생각보다 완전 비닐재질..? 이지만 한여름에도 편하게 입을 수 있네요! 핏도 이뻐용,"비닐, 편하다, 재질, 핏, 뻐용"
딱 휘뚜루마뚜루 입고 다닐 것 같은 조끼에요! 편하게 입을 수 있을것 같습니다~,"편하다, 조끼, 휘뚜루, 마, 뚜루"
얇아서 여름에 반팔위에 날씬해보이고 힙해보이려고 입어요. 얇아서 좋아요. 후드끈은 엄청 길어요.,"얇다, 날씬하다, 보이다, 여름, 보이, 끈, 힙해"
중학생 아들이 긴팔 바람막이만 입다가 모자달린조끼스타일 찾아보더니 얇고 여름에 반팔티에 걸쳐입어도 덥지않게  입을수있어 좋네요..배송도 빠르게 왔고 자주입을것 같습니다,"아들, 여름, 덥다, 스타일, 모자, 바람막이, 팔, 티, 찾아보다"
얇은 조끼 스타일이라 가볍고 여름에 입어도 무난하네요,"여름, 가볍다, 스타일, 얇다, 조끼"
편하게 입기 조아요 요즘 장마라서 더 자주 입게 되는것같네요,"장마, 라서, 편하다, 조아, 되다"
완전 잘 입고있어요! 이쁘고 간단하게 입기 딱 좋은거같아요,간단하다
너무 이쁘고 좋습니다 다만 후드의 끈 길이가 긴 편이라서 간혹 거슬릴 때가 있습니다.,"편이, 라서, 거슬리다, 후드, 길이, 간혹"
지금부터 가을까지 입기 좋을거 같아요~ 디자인도 깔끔합니다~,"깔끔하다, 지금, 디자인, 가을"
배송도 빠르고 잘 왔습니다. 아쉬운 점은 베스트가 얇아서 자칫 잘못해서 비닐채로 버릴뻔 했다는 점.. 그치만 상품은 너무 예쁩니다 가볍게 입기 좋아요,"비닐, 아쉽다, 상품, 얇다, 자칫, 베스트, 가볍다"
스테디가 된 파르티멘토 베스트! 허리 고무줄을 좀 줄이고 입는게 이뻐요 레이어드 티랑 입으려고 샀어요 귀엽게 힙해요,"귀엽다, 힙해, 스테디, 고무줄, 줄, 이고, 레이어드, 티"
가격대비 너무 만족해요! 흰티에 입으면 너무 이뻐요 ㅎㅎ,"희다, 티, 만족하다, 대비, 가격"
여행가서 잘 입었어요 가벼워서 여름에 입기에 좋아요,"여름, 벼워, 여행가"
흰색옷 입을 때 비치는 게 싫어서 구매했는데 만족합니다,"싫다, 비치다, 만족하다, 흰색"
정말 국밥처럼 입고있습니다 너무 편하고 소재의 차이로 룩에 포인트도 되고 좋습니다,"소재, 국밥, 처럼, 차이, 포인트, 편하다, 룩, 되다"
이런 비닐같은 여름 조끼 하나 갖고싶었는데 넉넉하고 느낌도 좋습니다,"싶다, 이렇다, 갖다, 하나, 비닐, 조끼"
아빠 사드렸는디 180 체격에는 조금 딱맞네요,"맞다, 아빠, 사, 드리다, 체격, 에는"
배송도 빠르고 좋았어요 가격도 블프 때 사서 만족합니다,"만족하다, 배송, 빠르다, 블프, 가격"
배송도 빠르고 좋았어요 색감도 화면이랑 비슷합니다,"화면, 이랑, 색감, 배송, 빠르다"
너무 오버핏도 아니고 딱 붙지도 않는 적당한 핏이고 예쁩니다,"오버핏, 핏, 붙다, 아니다, 적당하다"
사이즈 넉넉해서. M도 넉넉하게 맞아요 많이 입을거같아요,"맞다, 사이즈, 많이"
반팔만 입기 허전할 때 이거 걸쳐주면 느낌도 괜찮고 이뻐요,"걸치다, 팔만, 허전하다"
가격도 싸고 이뻐서 좋아요 다른 색상도 살 것 같아요,"색상, 싸다, 가격"
기본 데일리로 입고 다니기 좋을것 같아서 구매해 봤는데 마음에 들어요 이번 여름에 잘 입고 다닐것 같아요~,"여름, 데일리"
흰색 반팔 오버하게 매칭하면 젤 잘어울리네요 추천드립니다,"오버, 매칭, 어울리다, 드리다, 팔, 흰색, 추천"
반팔티위에 입기좋아요 에어컨 있는곳에서 좋습니다 ,"팔, 티, 곳, 위, 에어컨"
사이즈도 딱 적당하고 아무렇게 걸치기 너무 좋은거같아요,"아무렇다, 적당하다, 걸치다, 사이즈"
고민하다가 샀는데 완전 잘산거같아요! 이거사고3일동안 이거만 입고다닌듯 짱짱,"고민, 거만, 사고"
고민하다가 샀는데 너무 잘산거같아요!  이거사고 3일동안 이거만입고다는거같아요 짱짱,"고민, 거만, 달다, 사고"
첨에 생각보다 얇아서 놀랐지만 무난하게 입기 좋은 거 같습니다! 편하게 입을 수 있어서 하나쯤은 가지고 있으면 좋은 옷이에요 😚,"이에요, 얇다, 편하다, 하나, 쯤, 가지"
가성비 좋은 조끼 입니다 가성비 좋고 배송도 빠르네요~,"빠르다, 가성비, 배송, 조끼"
가성비가 좋아여 재질도 좋고 가볍게 입기 좋네여,"가볍다, 재질, 가성비"
디자인도 무난하고 그냥 가볍게 툭 걸치고 입고 나가기 좋아요!! ,"디자인, 가볍다, 걸, 치고, 그냥, 하고"
가볍고 편안하게 입기 좋습니다. 사이즈는 정사이즈입니다.,"사이즈, 가볍다, 편안하다"
흰티랑 반바지에 입으면 너무 귀엽고요 얇아서 여름에도 입을수있어요!,"여름, 반바지, 귀엽다, 얇다, 희다, 티"
얇아서 여름에 흰티랑 매치해서 입기좋고 단점은 스트링이 좀길어용,"여름, 얇다, 스트링, 매치, 희다, 티, 길다, 단점"
