Star,Review
5.0,고민하다가 샀는데 진짜 예뻐요 길이감 어깨사이즈 팔 모두 맞춤 정장같이 잘 맞네요  아 그리고 엄청 시원합니다!!
4.0,깔끔하고 시원해서 데일리에 입고다니기 좋은것같네요
5.0,생각보다 두껍고 아빠 정장 느낌나요 ㅋㅋ 원래 쿨탠다드가 이런가 ? 근데 나뿌지않음
5.0,쫀쫀하고 좋습니다. 합리적으로 구매해서 잘입고다닙니다
5.0,무탠다드 답게 퀄리티도 좋고 쿨소재라 초여름까지 입을 수 있을 것 같아요 :-) 사이즈는 세미 오버핏이라 한 사이즈 더 업해도 좋았을 것 같아요 !
5.0,여름에 구매해서 후기를 지금에야 쓰네요 ㅎㅎ;; 이 블레이저 대학 면접 때 입고가서 최초합으로 붙었습니다. 무거운 자리에 좋은 인상 풍겨주기게 충분한 블레이저라 생각이 들구요. 여름에 입어도 바람 살짝 불면 바로 시원함을 느낄 정도로 좋았습니다
4.0,와이드팬츠랑도 잘 어울리지만. 테이퍼드핏에도 입을 수 있어요. 그렇지만 와이드에 더 잘 어울리는 핏입니다. 전체적으로 여유가 많아요.
5.0,노멀한 핏이고 셋업으로 입고다니시기에 좋습니다 안에 후드로 매치시켜도 이뻐요
5.0,아들의 첫 자켓입니다 바지구입후 너무 마음에 들어 자켓도 구입했습니다 적당한 핏에 길이감도 적당하고 가격도 착하고 만족합니다 
5.0,xl사이즈랑 l사이즈랑 고민한 결과 저는 두 사이즈 다 구매 해보았습니다. 저랑 비슷한 신체사이즈 이신 분들은 제가 두 제품 착장 모두 올려드렸으니 꼭 한 번 비교해보시고 선택의 고민을 덜어보시기 바랍니다. 왼쪽 네이비는 L사이즈 오른쪽 블랙은 XL사이즈 입니다 
5.0,기존 릴렉스드 베이직 블레이저와 사이즈감 동일합니다. 시원한 소재면서도 원단이 흐물거리지 않고 탄탄해서 체형보완에 좋으며 주름에 강한 편입니다.
5.0,맘에 들어요. 맨날맨날 입고싶어요. 엄마가 이쁘대요
5.0,기본 블레이저 답습니다 뭣보다 엄청 얇아서 여름에 딱
5.0,쿨소재는 맞는거 같으나 살짝 두깨감이있어 한여름용으로는 어려울듯 싶음 그래도 시원한소재이며 사이즈는 보통 100정도 생각하면 될거같아요
5.0,사이즈가 편하게 입기 딱 좋아요 옷이 예쁘네요 좋아요
5.0,지금 계절에 괜찮은 블레이저를 찾고 있었는데 소재도 괜찮고 좋아요 : ) 사진보다 실제 제품이 훨씬 좋고 예쁩니다
5.0,착용감도 편하고 결혼식하객룩 용으로 정말 좋습니다. 팔 접어서 다니기에도 좋고 무엇보다도 핏이 좋습니다. 여름용 블레이저로 강추합니다.
5.0,쿨탠다스 슬랙스가 핏별로 몇개 있어서 셋업으로 위에도 장만했는데 재질 색감 일치하고 좋네요.
5.0,매우 시원한 소재이며 한여름 제외 입을수있을것가탕요
5.0,포장박스가 다른 택배에 눌려 다 뜯어졌네요 여름에 출근복으로 얇게 입기 좋네요
5.0,딱 정핏입니다. xl 살까하다가 l 샀는데 딱이에뉴
5.0,여름에도 입어도될정도로 시원하고좋네요 완전찐한검정은 아니라서 더워보이지않고 핏이 좋네요 보통 어깨랑 가슴폭때문에 105~110입는데 맘에들어요! 원단도 맘에드네요
5.0,루즈 핏인데 너무 루즈하지는 않네요 한사이즈 업해야 아무렇게 막입을 수 있을거 같고 늦봄~초여름 출근할때 얇은 블레이져로 걸치고 다니기에는 알맞습니다. 
5.0,간만에 블레이저 구매~ 평이 너무좋아서 기대하고 받았는데 역시나 좋네요. 팔기장이 딱 맞아 떨어져 너무 맘에듭니다. 쿨소재여서 여름에도 입을수도 있을거같고 겨울에는 레이어드로도 가능할거 같아요. 활용성도 좋고 굿초이스 입니다^^
4.0,허리가 조금 핏했으면 좋았을텐데 쬐끔 아숩네요
5.0,차려입을 일이 생겨서 구매했는데 너무 만족스럽게 입고 있어요 생각보다 두꺼운 느낌은 좀 있지만 괜찮을거 같아요
5.0,사이즈 잘맞고 시원하고 좋다고 하네요 ㅎㅎ 남동생 사줬는데 베이직하게 잘입겠다고 합니다
5.0,정장 옷걸이가 같이 딸려옴. 길이는 일반적인 M에 비해 살짝 긴편인데 릴랙스드핏인거 감안 하면 적당함.
5.0,역시 무탠다드 무난무난하네요 핏도 좋고 추천합니다.
5.0,여유입게 입는거 좋아해서 XL를 주로 구매하는데 이거는 L가 딱 맞구 핏도 이쁘네요
5.0,너무 간지나고 멋있게 입기 좋은것 같아요 잘 입도록 할게요
5.0,여름 버전을 찾고 있었는데 비교적 얇고 격식차려야 할 자리에 괜찮아용 ㅎㅎ
5.0,한사이즈 크게 살걸 그랬어요 급해서 교환은 못 했습니다 ㅜ 옷 자체는 마음에 들어요
5.0,여름에 입기 살짝 두껍지만 그래도 시원해서 좋습니다
5.0,기본 자켓보단 시원할거같은데 한여름에도 통할지는 모르겠으나 이쁨 딱맞게 입으려고 L 갔름
5.0,여름에 교생실습 나가서 구매했는데 막상 다른 후기처럼 보니 초여름엔 못입겠더라구여 ㅠㅠ 그리고 어좁이라 그런가 소매쪽이 조금 길어보이긴하는데 그래도 딱 적당히 잘나와서 좋고.. 여긴 항상 포장 잘되어서 와서 너무 맘에듬..
4.0,  원단은 얇아서 한여름에 입기 좋아요  같은쿨탠다드 슬랙스랑  셋업으로 입기좋습니다 핏은 슬림하지도 않고 오버하지도않은 그냥 딱 베이직합니다.
5.0,재질 좋고 시원한 재질이라 좋아요. 안에 반팔에 입기 좋은거 같아요. 
4.0,캐쥬얼하게 입으려했는데 생각보다 드레시합니다.. 어깨부분이 좀 좁아보여서 아쉽지만 가성비는 좋습니다!
5.0,사이즈도 너무 좋고 어디에나 잘 묻는 색이라 참 좋아요
4.0,추천합니다 다양한 색상 출시 다양한 쿨탠다드 출시 기대합니다 여름에 입기 좋아요 가성비 최고예요ㅡ
5.0,배송이 진짜 빠르네요. 급하게 면접 볼 일이 있어서 샀는데 허리통이 조금 커서 면접볼땐 베이직으로 사시는거 추천이요
5.0,어깨핏이 맘에들고 좋아요 다른색도 사려고 합니다
5.0,여름맞이해서 친구가 옷산다고해서 구입 생각보다 두껍지만 만족합니다
4.0,가격대비 너무 좋고 한여름에는 못입을것같은데.그래도 질도 괜찮네요
5.0,사이즈는 약간 큰것같긴 한데 예쁘고 편해서 좋습니다
5.0,원단이 얇다보니까 재봉선이 보이긴 하는데 자세히 봐야만 보여서 전투용으로 입고다니긴 좋은거같아요!
3.0,릴렉스 핏이라서 그런지 품이 조금 크네요 하지만 기장감은 딱이에요 상체가 조금 아쉬운분들은 M이 어울릴것 같아요
5.0,무난하고 베이직한 블레이저입니다! 초가을까지 입을 수 있을 것 같아요!
5.0,10퍼세일때 샀는디...사자마자 하루뒤에 15퍼세일하네 흙흙...누락한 무신사매거진148만 보내주세요 그거 하나라도 나는 만족해☆ 요즘같은 더운날에는 쿨탠다드 블레이져~☆
5.0,혹시 모를 일을 위해 검은색 정장 준비하면서 구매했는데 봄여름가을 계절을 위해 쿨맥스 원단 구매했습니다. 핏 재질 만족스럽네요.
5.0,결혼식에 입고갔어요 . 상품의 질이 너무 좋아서 다음에도 또 구매할게요.
5.0,블레이저 의류를 좋아해서 요즘 날씨에 입을만한 블레이저를 구입하려 했는데 두께도 괜찮고 핏도 좋네요 만족합니다.
5.0,편하고 좋아요 조금 크게 나와서 한사이즈 다운했어요
5.0,좋네요~딱원하던스타일입니다 많이파세요감사합니다ㅎ
5.0,쿨탠다드라서 가볍구 시원하네요 핏은 넉넉해서 착용감이 편해요!
5.0,생각보다 이쁘고 굉장히 편해용 여름에 입기도 좋네요
5.0,딱 재질이 시원하고 땀이 잘 말라서 운동할 때 꼭 착용중입니다. 너무 좋네요 ㅎㅎ 이벤트해서 더 싸게 구한거 같아 너무 좋습니다 ㅎㅎ
5.0,덩치가 있는 편인데 팔이 들어가는게 있어서 다행입니다. 전체적으로 품이 있는 편이고 신축성도 좋아서 편합니다. 안감이 없기 때문에 시원한 재질입니다. 엄청 고급 느낌은 아니지만 가격대비 생각하면 데일리로 입기 좋습니다.
5.0,제품 너무좋습니다. 소재가 앏고 시원해서 초여름에 입기에도 너무 좋은 제품입니다 사이즈는 정사이즈로 평소 xl입는데 아주 잘 맞습니다  가격도 저렴해서 강추하는 제품입니다 검정 블레이저로 너무 좋은 제품입니다
5.0,무탠다드는 믿고 사는 제품이죠 셋업이 필요하여 상하의 세트로 구매했어요
3.0,생각 보다 작아요!! 한치수 크게 사는 거 추전이하겠습니다
1.0,핏 자체기 펑퍼짐하고 오버핏이 아니라 걍 뚱뚱한 할아버지 정장 몰래 입은 st 
5.0,세미정장느낌으로 입어도 좋고 캐쥬얼하게 데님이랑 깉이 매치하면 예쁜 것 같습니다
5.0,쿨탠다드로 구입하니 확실히 시원하긴해요 하지만 한여름엔 힘듭니다
5.0,시원하게 잘 입고 있어요. 출퇴근할때 입기 좋아요
5.0,얇아서 여름에 입어도 좋을듯 합니다! 특히 배송이 빨라서 좋았어요
5.0,원단이 얇아서 시원하고 약간 오버핏이라 입었을 때 편합니다. 셋업으로 입어도 되고 다른 바지와 입어도 이쁠거같아요.
5.0,무난하고 싸고 좋아요 가성비 최고 무탠다드입니다
5.0,"무탠다드 매장에서 입어보고 구매하였는데, 한 여름에는 덥겠지만 그 외에는 충분히 범용성 넓게 입을 수 있습니다.  감사합니다."
5.0,플러스배송 저녁에 주문했는데 다음날 바로 와서 좋아요 이제 정장은 정장브랜드 말고 무탠다드에서만 살려고요
4.0,베이직하게 가성비로 활용하기 좋습니다. 6월까지는 덥지않게 입을수 있습니다.
5.0,배송 매우 빠르고 핏도 잘 맞아요 믿고 사는 무신사입니다
5.0,아주잘입었습니다 얇아서 여름에도 좋네요 깔끔해용
5.0,105입으시는분들은 xl가세욥 ㅎㅎ사이즈찰떡이네요
5.0,급하게 면접보러 가야 해서 샀는데 가격대비 만족합니다ㅎㅎ
5.0,좀 크네요 한 여름은 어려워요 막입을 전투용으로 추천합니다
5.0,여름용으로 추가 구매했습니다  저는 출근시 무텐다드만입고 신발도 무텐입니다 잘맞고 시원합니다
5.0,여름용으로 입기에는 살짝 더운감이 있을 거 같고 봄가을에 시원하게 입을 것 같아요!
5.0,급하게 정장이 필요해서 주문 했는데 핏이나 두께 다 너무 좋네요
5.0,쿨맥스소재라도 한여름엔 좀 덥겠지만 출근 전투복으로 이만한게 없네요
5.0,전체적인 핏이 예쁘게 나오고 제질도 부드러워 좋습니다 하지만 제 채형에서는 어깨가 살짝 좁은 느낌이 듭니다 전체적인 가격대비 가성비로 나쁘지 않습니다
5.0,여름에 입으니 안에 셔츠 안입고 티 하나 입을거라 딱맞아요
5.0,기본 블레이저의 정석인거 같습니다 어떤 옷에나 잘어울릴듯 하네요~
5.0,텅치가 큰편인데 신축성이 있어서 좋아요 가성비최고임!!
5.0,얇아서 지금 날씨에도 시원하게 입을 수 있습니다
3.0,정사이즈로 샀는데 생각보다 작은거 같음 한사이즈 업 추천
5.0,아주 잘 입고있어용 감사합니다 또 사러 올게요 !!무신사 짱
5.0,가성비좋은 블레이저입니다. 얆아서 여름에 좋을거같아여.
5.0,정말 좋아요 일부러 쿨텐다드로 구매했는데 1년 365일 사용할듯합니다. 겨울에는 이너나 아우터랑 함께입으면되고 여름에는 그냥 입으면되요. 요즘은 대부분 따뜻한 곳들이 많아서 오히려 쿨텐이 더 활용높은것같아요.
5.0,여름철에 입을 수 있는 무난무난한 블레이져입니다. 어깨패드도 과하지 않게 적당히 들어가서 핏을 전체적으로 잘 잡아줍니다. 제가 팔이 길지 않아서 소매길이가 살짝 긴 감이 있어요.
5.0,가성비로 좋습니다 얇아서 한여름 제외 좀 더워도 입을 수 있구요 추워져도 이너 두껍게 입으면 가능할거 같아요 기장감 핏 다 좋습니다 
5.0,역시 믿고 보는 무탠다드! 가성비 좋은 블레이저라 캐주얼하게 입을 때도 좋고 슬랙스랑 매치하면 또 차려입은 느낌이라 조합하기 좋은 아이템이에요!
5.0,"합리적으로 잘 산 것 같습니다. 살짝 흐리고 사이즈는 오버하게 95딱 맞습니다,"
5.0,생각보다 어깨라인이 좁지만 그래도 핏은 이쁜니다 원래 오버사이즈를 좋아해서 그런가바옇ㅎ
5.0,장례식장 갈려고 샀는데 평상시에도 부담없이 입을 수 있을 것 같습니다. 신축성이 있어 편하고 재질도 좋습니다.
5.0,저한테안어울려요키작은사람은피하세요키가작으면도망가세요
5.0,핏이 예뻐서 어느 옷에든 잘 어울리네요 ㅎ ㅎ 만족함니다
5.0,아주 가을용으로 좋슴당 핏도 맘에 들고 두께도 지금 딱!
5.0,착 착 맘이 드네요 휘뚜루입기좋아여 기본팀인듯 하지만 떠 이쁨
5.0,여름용 블레이저 필요해서 샀는데 역시나 한여름에 입기에는 좀 덥네요 그래도 무탠다드 답게 가성비좋고 디자인도 만족스럽습니다 ㅎㅎ
5.0,쿨텐다드라서 가을에도 시원하게 입을거같아요
5.0,세일해서 구매했어요. 사이즈 딱 맞네요. 재질도 가볍고 좋아요 ㅎㅎ
5.0,세미 오버 느낌으로 편하게 입을 수 있습니다. 쿨탠다드라 시원하네요.
5.0,평소에 XL 주로 입는데 이거는 L가 핏도 좋구 딱 맞더라구요!
5.0,확실히 얇진 않아요. 그래서 각이 사는듯! 봄가을초여름까진 잘 입을거같아요
5.0,가성비 최고 입니다. 사이즈 딱좋네요. 다만 여름에 입기엔 더울것 같습니다.
5.0,정장 형식으로 입어야 할 일이 생겨서 급하게 구매했는데 좋아요
5.0,핏 괜찮습니다. 다만 조금 두꺼워요 초가을에 입으면 좋을 것 같아요
5.0,이뻐요 어디든 잘어울릴것같아요 기본템으로 꼭 
5.0,어쩔수없이 긴팔 자켓을 입어야 해서 사게됐는데 여름옷처럼 시원해서 그나마 버틸만하네요
5.0,예예 이쁩니다 잘입을게요 크기도 잘맞고 많이덥지도않아유
4.0,"한여름 자켓은 어쩔수 없이 더울 수 밖에 없겠지만, 흰티와 회색 체크바지와 매치하면 깔끔하게 떨어집니다. "
4.0,생각보다 많이 시원하진않을꺼 같은데 선물햇는데 맘에들어하네요
5.0,"한여름에 못입어요, 기대하면 안되요, 쿨탠다드 슬랙스 두께 생각하고 사면 안됩니다. 전혀 다르게 두꺼워요 대신 두꺼운만큼 핏감은 좋아요, 여름에 무슨 자리에 잠깐 걸치기 위해서 정도 입고 좀 덜더울때 활용해야될것 같아요"
5.0,옷걸이까지오고 사이즈도 적당하고 너무 좋게 잘 입었어요~~
5.0,옷이 잘 맞아요 좋아요 배송 빨라요 팔소매가 약간 길어요
5.0,시원한 소재라 꽤 입을거 같네요 디자인도 예뻐요
5.0,한여름에 입기는 힘들 것 같아요 린넨류가 아니라서
5.0,무신사 블레이저는 실패가없어서 좋아요 쿨탠다드라 냉감이 있어서 좋아요
4.0,얇긴 하지만 린넨이나 시어서커 소재의 블레이저 만큼 한여름에도 입을 수 있을 정도로 얇진 않아요.
4.0,릴렉스드라는 이름대로 확실히 크긴크네요. 와이드팬츠랑 입으면 잘 어울립니다.
4.0,린넨보다는 약간 두껍지만 그래도 초 여름에 격식차리기 좋을 두께네요
5.0,블레이저치고는 진짜 얇음 20도까지 참고 입을만 함
5.0,한여름에는 더워서 좀 무리가 있겠지만 그래도 얇고 활용도 높은 블레이저 같아요 잘 입을개요 굳
5.0,초여름까지는 입을 수 있는 두께입니다. 이보다 얇으려면 린넨뿐이 없을거 같구. 핏이 딱 예쁘고 좋습니다. 검정색색자체도 예쁘게 잘나온거 같아요.
5.0,봄과 초 여름이 입기에 너무 좋은것 같아요! 너무 두껍지도 않고 그렇다고 너무 얇지도 안아서 좋아요
5.0,구김이 조금가긴하지만 잘다려입으면 가성비좋은거같아요
5.0,어깨가 살짝 작지만 한치수크면  길이가 너무 길어질서같아 조금 핏하게갑미다
5.0,약간 오버핏 느낌도 있습니다. 정사이즈 가시면 됩니다.
4.0,얇지만 한 여름에는 좀 덥겠네요. 사이즈 좋습니다.
5.0,전체적으로 되게 깔끔하고 마음에 듭니다. 추천합니다
5.0,"어깨-가슴-등짝이 넓데데 한 편이라 블레이저, 슈트 맞추기가 어렵다. 특히 온라인에서는. 오버핏을 살까 고민하다 여름용으론 릴렉스드까지밖에 없어 고민하고 구매했다. 결론부터 말하자면 길이, 핏감이 이 체형에 이렇게 맞는 옷은 정말 오랜만이라 기분이 좋았다. 하나 건의하자면 오버핏 블레이저도 있던데 혹시 쿨탠다드버전으론 낼 생각이 없을지... 아 혹시 이미 있었나. 있었다면 아마 품절이었는지 재고를 못본것같다...."
5.0,여름용 마이가 필요했는데 좋네요 여름정장 코디하기에 최적입니다. 
5.0,한개쯤 있으면 좋을 기본템인 것 같습니다. 잘 구매햇어요
5.0,베이직하고 편하게 잘 입을 수 있어요. 아주 시원하지 않지만 좋아요.
5.0,저렴한 가격에 여름에 입기 좋은 캐쥬얼 정장입니다.
5.0,항상 잘 이용하고 있습니다 블레이저는 항상 사고 후회 한 적이 없는거 같아요 검정 블레이저는 진리입니다
5.0,가장 배이직하고 가성비 좋은 아이템으로 이만한게 없어요!!
5.0,"가성비 측면에서 괜찮고, 핏도 좋고, 편하게 입기 좋습니다. "
5.0,사이즈 딱맞아 수선 필요없습니다 팔소매가 딱맞을 줄이야... 맞춤복 같았습니다 여름 예의갖출때 딱입니다 봄 가을까지 괜찮겠네요
5.0,옷이 좀 크네요. 살짝 아쉽긴한데 수선해서 입기에 좋을것 같아요! 좋은가격에 좋은품질의 제품 잘 구매했습니다!!!!
5.0,가성비 좋네요 겨울하고 여름 제외하고 다 입을수 있을 것 같아요.
5.0,잘 맞습니다. 여름 경조사를 위해서 구입했습니다.
5.0,결혼식 갈 일이 생겨서 겸사겸사 샀는데 아주 좋아요. 
5.0,입었을때 더 이쁜 것 같아요 감사합니다 많이 파세요
5.0,이쁩니다 시원하신합니다. 한여름에 입기에는 좀 더워여~
5.0,핏도 좋고 시원한 재질이지만 티나지 않아서 좋습니다.
5.0,예전에 샀던게 사이즈가 커서 새로 구매하였는데 좋네요!!
5.0,살짝 오버핏으로 구매했는데 가격대비 완벽한거 같습니다!
5.0,베이직하게 잘입을꺼같아요 소재도좋고 가격도좋고
5.0,키183몸무게80 2xl 딱입니다 배송 정말 빠르네요
5.0,급하게 정장이 필요해 구매했는데 괜찮네요 배송 빠르고 좋습니다
4.0,"재질이 엄청 고급스럽거나 그렇진 않지만, 충분히 타협하고 입을만한 블레이저라고 생각 듭니다. 역시 가성비킹 무탠다드~ㅎㅎ"
5.0, 근데 왜자꾸 금칙어잇다뜨지나뭐한거업ㄱ는데 아무튼 좋아요
5.0,좋아요 가격도 만족하고 잘 입고 있어요 색상 다 구매햇어요
5.0,여름에 혹은 봄가을에 입기에 좋습니다 다만 어깨보정이 좀 있어요
5.0,한사이즈 크게가니 오버한맛으로 캐쥬얼하게 입기좋음
5.0,오버핏이고 무난해서 어디든 잘 어울려요 배송도 빠르고
5.0,"하루만에 도착, 원단 좋음, 생각보다 품질 좋음, 사이즈 좋음. "
4.0,생각보다 쿨탠다드 느낌은 없습니다 루즈하게 떨어지긴 하나 그렇게 만족스럽진 않네요
5.0,여름에 입기 좋습니다 재질이 시원하고 촉감도 좋네요
5.0,"우선 캐주얼하게 입으면 괜찮지만 제대로 수트로 활용하기엔 힘든 핏이에요..! 그래도 넥라인부터 어깨, 소매까지는 정장의 정석에서 크게 벗어나지 않으니 한 단 정도만 줄이면 활용도가 높아질 것 같네요."
4.0,"편한 옷차림이 필요해서 구매했습니다. 좋은 상품, 잘 받았습니다. 가격만큼의 만족도 입니다."
5.0,가볍고 편안하고 정사이즈에요 편하게입을수 있을거같아요
5.0,핏 적당하고 원단도 탄탄하고 덥지않습니다. 한여름제외 잘입을수 있을것 같습니다.
5.0,시원하고 좋습니다 싼티도 안나고요 비싼 거 살 필요가 없네요
5.0,사이즈가 좀 작게 나온 건가? 보통 라지면 살짝 큰데 이건 엑스라지가 맞네요
5.0,사이즈 뭐로 할까 하다가 m 사이즈 샀는데 잘맞네요
5.0,"사이즈, 핏 다 좋았어요 5만원 완전 가성비 무조건 추천"
5.0,매번 사는데 이유가 합리적입니다. 가격 싸고 품질 좋고 더할 나위 없습니다.
5.0,재질이 가성비가 좋아서 여름이 가기 전에 구매함
5.0,좋아요 이거 입고 면접 합격함 한여름엔 더운데 봄가을에 좋을듯
5.0,홍대 무신사스탠다드에서 입어보고 괜찮ㅇ ㅏ서 주문했슴당 할인받고하니 가격이 넘모 착하더라고요? 엑스라지는 어깨가 너무 딱 맞아서 투엑스라지 구매했더니 살짝 오버핏으로 입기 딱 좋은거 같아요:)
5.0,주문한지 거의 이틀만에 와서 좋았구요 그리고 나서 옷을 받고 착용하면서 하자가 있는 부분이 있어 교환을 신청을 했는데 거의 하루만에 교환해주셔서 시간도 아끼고 너무 좋았습니다 감사합니다 ㅎㅎ
5.0,저한텐 좀작았어요 사시는분들은 한치수 크게사세요
5.0,무신사 픽업으로 주문했는데 편하고 좋네요 가격은 저렴한데 퀄리티는 좋아요 쿨탠다드라 확실히 덜덥고 여름에 정장 필요할때 입기 좋습니다
5.0,여름정장 없어서 구매했는데 전체적으로 좋았으며 가성비로 최고 인것 같아요
5.0,어깨가 살짝 큰 듯 하지만 기장이랑 폼은 딱이네요
5.0,제질도 좋고 실물이 더 이쁜거같아요. 잘입을게요!!!
5.0,출근룩 입니다. 매일 정장을 입어야하는 직업인지라 매번 백만원씩 들이고 테일러샵에서 맞춰입었는데 갑작스럽게 살이 불어버린 바람에 급하게 주문했어요. 여름이라 쿨텐다드로 선택했는데 가지고 있는 정장보다 훨씬 시원하고 사이즈도 잘 맞네요. 쿨텐다드 셋업으로 여러컬러 주문할거에요. 완전 만족!
5.0,일할때 입을 용도로 구매했습니다 소매길이가 조금만 짧았으면 더 좋았을듯 해요 저렴한 가격에 이정도면 만족!
5.0,일할때 입을 용도로 구매했습니다 소매길이가 조금만 짧았으면 더 좋았을듯 하지만 저렴한 가격에 이 정도면 만족!
5.0,사이즈 적당하고 배송도 되게 빨리 와서 잘 입을 수 있었습니다
5.0,정장입은거같고 원단도 얇아서 시원하니 좋네요. 중요한 자리 있을때 입기 좋을 것 같습니다
5.0,그냥 갓탠다드 시원하고 핏 이쁘고 가격 저렴하고 배송마저 빠름 심지어 퀄리티도 좋음..; 진심 갓탠다드 ㄹㅇ
5.0,쿨탠다드 명성답게 일반 블레이저에 비해서 훨씬 가볍고 입기 좋아요 다만 기성품이다보니까 어깨가 약간 남는 건 어쩔 수 없을 거 같아용
5.0,이 가격에 좋은 제품 만들어주셔서 감사해요. 장례식 및 결혼식용으로 사두었어요. 얇은거 할인할때 사야죠
5.0,원단이 가격에 비해 너무 좋아요. 번들거리지 않고 얇아요. 한여름 외에 사계절 입겠네요.
5.0,안내된 예상일보다 늦었지만 다른 부분은 다 만족합니다.
5.0,"한여름에 입을 정도는 아니지만 꽤나 가볍고, 핏도 적당합니다. 딱 새미오버 정도네요."
5.0,기본 블레이저 노멀 노멀한 핏이네요 셋업으로 입기 좋아요 살짝 두께감은 있는데 그래도 시원한 소재인거 같아요 잘입겠습니다 감사합니다
3.0,핏이 애매해요 예쁘지 않은 오버핏 같아서 비추입니다
5.0,합리적으로 할인할때 구입 역시 무탠다드 최고입니다
5.0,릴렉스드핏이지만 어깨 각이 조금 살아있어요 그래서 조금 더 차려입은 느낌이에요
5.0,일요일에 시켰는데 월요일 점심에 오네요 ㄷㄷ 한여름은 힘들겠지만 봄가을에는 더위타시는분들도 충분히 입을만할거같아요 
5.0,실제로 제품 받아보니 사이트에서 봣던 느낌과 같아서 만족스럽습니다!!
5.0,살짝 오버하게 맞네요 ㅋ 키가 작아서 기장이 좀 긴것 같긴함..
5.0,무난하히 딱 기본템 오버핏 블레이저 느낌입니다 좋아요
5.0,역시 쿨탠다드 좀 더운 날시에도 착용이 가능하네요 ㅎ
5.0,여름자켓이 필요했는데. 너무 만족하고 계속해서 입고 있네요^^
5.0,사이즈가 조금 큰감이 있지만 오버핏으로 잘 입습니다 ㅎ
5.0,배송 빠르고 포장은 아쉽네요 담부턴 포장 꼼꼼히 부탁드립니다
4.0,"얇고 통풍도 잘 되서 시원하게 입기 좋네요 어깨, 팔이 조금더 여유 있으면 좋겠네요 소매 기장도 조금 짧아요"
4.0,쿨탠다드라길래 얇고 시원한줄 알고 샀는데 생각보다 그렇게 얇진 않네요. 신축성이 떨어져서 움직임도 약간 불편합니다 
5.0,쿨탠다드 블레이저 세일을 해서 정가보다 저렴하게 구매할수있었고 지금처럼 더운 여름에 꼭 정장을 입어야만하는 자리에서 시원하게 입을수있는 소재와 두께감이라 정말 만족합니다.
5.0,시원한 소재의 깔끔한 블랙 블레이저에요. 여름에 갖춰입기 좋아요
5.0,스판끼잇고 여름철에도 무리없이 입을수있겠어요 핏 기장 딱 떨어집니다
5.0,너무좋아요 여름에 입기도좋고 편합니다 강추합니다
5.0,색상 진한 검정입니다. 원단 소재가 캐쥬얼한 느낌을 줘서 부담스럽지는 않습니당
5.0,쿨탠다드 덕분에 여름에 정장 입을 때 더위 걱정을 한 풀 꺾을 수 있어요
5.0,배송 빨라서 좋았고 어깨도 불편하지 않네요 정사이즈면 괜찮을거 같아요
5.0,"말하면 입만 아픈, 언제나 가성비 극강의 탑은 역시 무탠다드라고 생각합니다."
5.0,여름용 블레이저가 필요하여 구매 하였습니다 일반 버전에서 안감만 빠진 느낌이라 딱 무난합니다
5.0,시원하고 핏도 좋습니다  가격대비 재질이좋습니다 추천합니다
5.0,여름 전투용 정장으로 구입 했습니다. 확실히 얇고 시원하긴 해요!
5.0,디자인은 베이직한 기본 스타일 입니다 일반인보다 팔이좀 두꺼운 편이라 팔이 꽉끼지만 더큰사이즈가 없어 그냥 입습니다 이가격에 이퀄리티면 완전 대박입니다
5.0,핏 너무 스탠다드하고 너무 좋아요 얇고 활동성도 짱
5.0,여름철 격식 갖춰야 할 자리에서 입을 용도로 구매했습니다. 저렴한 가격에 잘 구입했습니다.
4.0,깔끔하고 블레이저의 기본을 다 하는 옷입니다! 유일하게 아쉬운 점은 어깨 패드가 다소 부자연스럽고 어깨 넓이도 조금 좁은 것 같습니다.
5.0,쿨텐다드긴한데 그래도 두께감이 없진않아요 시어서커처럼 시원하진 않지만 그래도 양호합니다 봄여름가을까지는가능할듯요 경조사 이거로 끝
5.0,더워서 쿨탠다드로 주문했는데 딱 좋네요 너무 얇지도 않아서 좋아요
5.0,여름에 정장입을 일이 많아서 샀는데 시원해서 좋을 거 같네요
5.0,기존 릴렉스핏 자켓도 있는데  그와 달리 쿨탠다드 제품은  하계용으로 뒷판이 없어서 가볍고 시원합니다. 마감 파이핑도 잘되어 있어서 옷이 흐트러짐이 없습니다.
5.0,셋업으로 해서 정장으로 입기에 괜찮습니다. 쿨맥스 원단이라서 아무래도 일반 정장보다는  덜 덥고 전투용으로 입기 좋습니다. 전신 사진을 찍을 곳이 없어서 회사에서 찍었는데 실제 체감하는 핏은 나쁘지 않습니다.
5.0,"제가 졸업 파티때 입으려고 구입했는데, 돈을 비싸게 주고 빌리는 것보다 이렇게 재질 좋고, 가격 좋은 블레이저를 구입 할 수 있어서 너무 좋습니다."
5.0,여름용 블레이저가 필요해서 구매했습니다. 두께도 얇고 여름 경조사에 입기 찰떡입니다! 다른 색상도 구매하고싶습니다.
5.0,매장서 입어보니 2엑라가 딱 오버핏 나네요~ 믿고 사는 무텐 블레이저~~
5.0,쿨탠다드 바지랑 셋업으로 구매했어요. 묘하게 색이 같은듯 다른 느낌이네요.
5.0,"여름에 입으려고 바지랑 맞춰 샀는데 색감도 맞고 좋습니다. 다만 어깨는 좀 타이트하고, 품은 남네요"
5.0,검은색도 한번 사봤는데 색감도 좋고 꼼꼼해서 좋아요
5.0,면접때문에 구매했는데 너무 두껍지 않고 좋아요
5.0,정장 입을 일이 있어 셋업으로 구매했습니다. 얇아서 시원하고 좋네요
4.0,맘에듭니다 맘에들어여!!여름에입기좋아여 추천한답니다
4.0,여름철에딱 입기좋은자켓입니다 맘에들어요!~추천?~
4.0,잘 입고있습니다 착용감좋고사이즈감도 만족스럽네요
5.0,여름용 정장이 없어서 간편하게 무탠다드로 구매했습니다. 가격도 저렴하고 배송은 더할나위 없이 빠르고요. 대신 팔쪽 원단이 얇아서 그런지 패턴이 잘못된건지 입으면 조금 뒤틀리는듯한 느낌을 받네요. 
5.0,경조사에 가볍에 입기좋은 자켓입니다. 쿨원단이라 좋아요
5.0,얇고 가벼워서 경조사때 입기좋아요. 쿨원단이라 시원하네요.
5.0,듣던 대로 가격에 비해서 질이 너무 좋았어용 가을에 잘 입겠습니당 
5.0,너무좋아요 다른색들도 사고싶어요 좋은가격에 좋은퀄리티~
5.0,믿고 주문하는 무탠다드 입니다. 옷이 예뻐요 잘 입겠습니다.
5.0,깔끔하고 여러곳에서 편히 입고있어요 장례식장에도 추천합니다
5.0,자로 잰듯 핏이 딱 떨어지네요 시원한 소재라 더운 계절에 딱이네요 하의랑 셋업으로 밎춰 샀어요
5.0,소재도 좋고 가격도 좋고 무엇 보다 핏이 딱 떨어지네요 👍🏻
5.0,맞춤식으로 한거 처럼 몸에 핏되게 딱 맞네요 재질도 시원한 소재라 편하게 입을 수 있네요 셋업으로 맞춰입기 좋아요
5.0,여름 원단이라 답답러지 않고 좋네요 여름용으로 추천
5.0,"가성비도 좋고 핏,재질 다 마음에 들어서 잘 입고 다니고 있어요!"
5.0,웨딩스냅에 쓰려고 하는데 블레이저는 확실히 좋아요. 아무도 모를 듯. 
5.0,"급하게 필요해 구입했는대 배송빠르게 왔어요. 생각보다 훨씬더 맘에들어요.소재도 좋고 서이즈도 딱 좋고 핏좋아요 가격에 비해 아주 훌륭해요. 슬랙스에도. 청바지에도 이뻐요  한여름 소재는 아니지만 봄,여름,초가을꺼지 입을듯해요"
4.0,얇은 재질 특성상 핏이 완벽하게 잡히진 않습니다
5.0,배이직하지만 핏은 트렌디한! 너무도 마음에 드는 블레이저에요~ 추천해용
5.0,매장에서 입어보고 너무 마음에 들어서 큰 고민 없이 구매한 옷입니다 ㅋㅋ 베이직해서 어디에나 잘 어울려요 ㅎㅎ
5.0,핏이 예쁘고 엄청 좋아요 ! 추천합니다 후회하지않아요
5.0,"배송빠르고 소재좋고 핏좋고 가격대비 너무 만족합니다. 한여름에는 더울듯하지만 봄,여름,초가을꺼지는 입을수있을듯합니다."
5.0,다른 블레이저에 비해서 얇아서 좋고 한여름 빼면 다 입을 수 있을 것 같아요
5.0,한여름 빼고 다 입을 수 있을 정도로 얇고 제봉이나 마감도 괜찮네요. 4만원 대에 사서 가성비가 아주 좋네요
5.0,"매우 합리적인 가격, 말도 안되는 만듦새. 내부 보시면 안똑 마감까지 얼마나 꼼꼼한지 아실겁니다."
5.0,한여름에 입어도 많이 덥지 않았고 좋았습니다 무탠다드 굿 
5.0,급하게 경조사가 생겨서 전날밤에 구매했는데 다음날 도착해서 너무 좋았습니다!! 이정도 가격에 핏이나 소재감 가성비 나무랄데 없네요.
5.0,너무 타이트하게 달라붙는 감이 있습니다. 그래도 소재는 나름 괜찮은긋
5.0,173/72 입니다. 사이즈도 적당하고 핏감도 좋아요
5.0,일반 재질 릴렉스드 베이식 블레이져 구매후 쿨탠다드도 구매했습니다 가볍게 입기 좋아요
5.0,정장 대신하여 구매했는데 너무 편하고 좋습니다 
5.0,배송이 되게 빠르고 한여름빼곤 다 입을 수 있을 정도로 얇아요 핏도 이쁘고 제봉 퀄리티도 좋네요 겨울 빼고 모든 계절에 입으려구요 
4.0,더운 나라 출장용으로 구입했습니다.. 무난한 자켓입니다
5.0,더운 나라 출장용으로 구입했습니다.. 무난한 자켓입니다
5.0,배송 빠르고 색감도 좋습니다. 잘늘어나고 여름에 입기 좋움
5.0,통풍잘되고 잘늘어나네요 . 만족합니다. 여름에 입기좋은 정장이네요
5.0,이상에 입을 블레이져로는 좀 큰게 나은거 같아요
5.0,데일리로 입기좋으려고 한사이즈 업했어요 좋습니다
5.0,일상에 편하게 입으려고 엑라샀는데 핏한건 다운이에요
5.0,장례식장 갈때마다 입을라고 구매했어요. 가성비 좋아요!
5.0,가성비 좋습니다. 간절기에 아우터로 사용하기에 최적이에요
3.0,"175.6cm / 75~76kg 기준 L사이즈는 타이트한 정핏입니다. 상품 이름이 릴렉스드이기도 하고 기장이 키에 적당해 보여 구매하게 되었는데 가슴 폭과 어깨가 작게 나온 것 같습니다. 착용감은 사그락 거리는 나일론과 유사하고 약간의 스판 느낌이 있네요. 얇고 땀배출 잘되서 초여름까지 부담없이 입을 수 있다는 점이 장점이지만, 어깨 패드가 많이 들어가 있어 어깨가 넓으신 분들은 어깨 부위와 패드 사이가 떠서 뿔처럼 솟습니다. 블레이저를 앞으로 쏠리게 착용하면 덜하지만, 입을 때마다 한 숨이 ;; 셋업으로 쿨탠다드 릴렉스드 테이퍼드 슬랙스 착용하면 색이 미묘하게 달라 신경쓰이는 건 덤입니다 ㄷㄷ"
5.0,4만원대에 사서 이보다 좋긴 힘드네요 다른 스파오 브랜드 더 얆은게 있긴하지만 이 가격엔 ㅎㅎ
5.0,싼 가격에 적당한 품질 좋습니다 4만원대에 샀네요 ㅎㅎ
5.0,핏이 너무 예쁜 블레이저 한여름빼고는 다 입을수있을듯
5.0,정장 대신 입으려고 구매했는데 생각보다 좋아요
5.0,항상 잘 입고있습니다 추천이요 무탠다드는 역시 최고에요
5.0,시원하고 소재도 얇아서 여름 블레이저도 딱이에요
5.0,여름 블레이저로 딱이에요! 가볍고 시원하고 스타일 좋아욤
5.0,되게 빨리 받았습니다. 소재도 굉장히 얇게 나와서 좋았구요. 여름에 결혼식장 갈때 딱 알맞은 거 같네요
5.0,배송도 빨리오고 옷도 만족스럽습니다. 잘 입도록 하겠습니다. 
5.0,얇아서 좋습니다. 같은 사이즈인데 기장이 좀 짧은 블레이저가 있으면 좋겠습니다. 
5.0,전투용 출근룩으로 가성비 좋고 사이즈는 1업 추천이요
5.0,솔직히 가격이 싸서 그냥 싼 가격에 입자 했는데 생각보다 너무 좋습니다!! 여름용으로 딱좋고 담에도 구매 할 예정입니다!!
5.0,깔끔한 디자인에 핏도 예쁘고 배송도 빨라 만족했습니다.
5.0,상체 발달형인데 쿨맥스 소재에 뒷판 소재가 없어서 시원합니다.
5.0,소재도 좋고 마감도 깔끔합니다. 재봉 상태도 괜찮구요.  사이즈 대비 조금 넉넉한 편 입니다. 
5.0,"가격 대비 재질이랑 디자인도 좋고, 배송 포장도 너무 좋습니다!"
5.0,완전 만족합니다 ㅎㅎ 최고에여 생각보다 크게 나왔어요
5.0,만족스러워요!! 배송도 빠르고 옷도 마음에 들어요!
5.0,원단두께는 보통인데 등쪽만 가림판이 있어 다른곳은 그라도 시원합니다
5.0,딱 기본 정장이고 핏도 좋고 재질도 좋고 가성비는 더 좋아요
5.0,평소 상의 105 입는데 이건 좀 큰 느낌이구요. 쿨탠다드 천이라지만  살짝 두꺼운 편이라 요즘 입기엔 좀 더울거 같고 봄가을에 적당할 거 같네요.
4.0,쿨덴다드 세이와이드 바지 셋업으로 샀는데 잘 어울리네요 여름용으로는 더울듯요
3.0,쿨덴다드 세이와이드 바지 셋업으로 샀는데 잘 어울리네요 여름용으로는 더울듯요
5.0,"이정도 두께면 여름 정장, 셋업 가다마이 졸업이네요"
5.0,배송빠르네요 얇아서 지금입기좋아요 정사이즈네요
5.0,생각보다 얇지는 않아서 한여름에는 무리에요! 하지만 그외에는 쉬원하게 입을수 있을꺼같습니다!! 
5.0,여름에 입을 블레이저가 필요해서 구매했어요!! 무탠다드 매장가서 옷 확인하고 구매했더니 실패 없이 구매했답니다. 원래도 베이식 블레이저 입는데 너무 만족합니다!!
5.0,"최근 다이어트로 옷들이 커져서 브레이저 구매 고민하고 있었는데, 타임세일로 저렴하게 나와 구매하게 되었습니다. 다이어트 후, 첫 옷 구매라 사이즈 고민이 많았는데 저랑 비슷한 체형의 분들이 2xl구매하신 분들과 xl 구매하신 분들로 나뉘어서 고민하다 xl 로 구매했습니다. 옷은 쿨탠다드라고 해서 엄청 얇지는 않고 그냥 일반 두께정도인것 같습니다. 한여름에 데이트룩으로 입기에는 두껍고, 봄 가을에 적당한 두께로 느껴집니다. 옷 디자인은 깔끔한 정석 디자인이고 무난하게 입기에 가성비 최고 인것 같습니다. 입었을때 핏은 정사이즈로 느껴지고 데이트 룩 보다는 하객룩에 어울리는 핏 같습니다. 물론 데이트 룩으로 활용해도 나쁘지는 않아 보이나 편안한 느낌보단 격식차린 느낌 날것 같습니다. 그래도 여러가지로 보았을때 가성비나 활용도 높을것 같아 매우 만족합니다"
5.0,이쁘네요 깔끔하네요 기성비있네요 사이즈괜찮네요
5.0,"가격좋고, 가격대비 품질이 너무좋아요. 사이즈도 딱 떨어집니다."
4.0,쿨탠다드 티셔츠와는 다르게 아주 얇고 그런 재질은 아닙니다. 그래도 봄 가을에는 입을 수 있을 것 같은 베이직한 느낌의 자켓이에용~
4.0,쿨탠다드 자켓은 처음인데 예상보다는 살짝 두껍네요. 봄가을에 입기 최적일듯. 배송은 상자 찌그러지고 좀 터진 상태로 왔어요
5.0,사이즈도 적당하고 두께감도 괜찮은 편이라 편하게 입고 다닐 수 있을 거 같습니다
5.0,기본템으로 좋아요 너무 딱 맞는 느낌은 있지만 만족합니다
4.0,배송 너무좋아 품질 너무좋아 무탠다드 너무좋아 무진장 너무좋아 만족 너무좋아.
5.0,"무신사 스탠다드 와이드 히든 밴딩 슬렉스랑 함께 입었습니다.  처음으로 무신사에서 산 상품인데, 저같은 멸치들이 입어도 사이즈 잘 맞고 핏이 살아나네요. 재질은 약간 까칠까칠 한데 입기 편했어요. "
5.0,무난하고 이쁩니다. 여름에 입기 좋고 덥지 않아요
4.0,깔끔하고 무난해서 봄가을에 입으려고 미리 사뒀어요
4.0,기본에 충실한 블레이저 합리적인가격에 구입했어요 만족합니다
5.0,쫀쫀하고 재질도 너무 좋고 시원하고 여름에 입기 너무 좋아요!
5.0,생각했던 것보다 마음에 듭니다. 감사합니다! 잘 입을게요 :)
5.0,여름에도 입을 수 있는 가벼운 블레이저를 찾고 있었는데 딱 원하던 제품이네요. 요즘은 여름에도 결혼식을 꽤 하던데 여름정장은 잘 안 사지더라구요. 그럴 때 요 블레이저가 딱!! 가벼우면서 쿨맥스 소재라 시원합니다. 디자인은 기본이라 유행을 타지도 않을 것 같구요. 이쁘게 잘 빠진듯!!
5.0,배송 빠르고 스텐다드핏에 정석적인 모습입니다 아주좋아요
5.0,핏도 이쁘고 디자인도 이쁘고 가격도 합리적이고 좋습니다 ㅎㅎ
5.0,그냥 가벼운 면접이나 경조사 같은곳 가면 입을려고 샀는데 엄청 얇고 좋아요
5.0,군더더기 없이 깔끔하고 기본을 다 하는 옷입니다! 여러 디테일을 보완한 더 높은 금액대의 옷이 나온다면 구매 의사 무조건 있습니다! 유일하게 아쉬운 점은 어깨 패드가 약간 부자연스럽고 어깨 넓이도 조금 좁은 것 같습니다
4.0,검은 브레이져 예뻐요 핏이 딱맞구요 케주얼어도 어울림
5.0,사이도좋구 기본아이템으로 딱이네요 케주얼도 어울릴거 같아요
5.0,여름용이라 얇고 시원해서 좋네요 그런데 한여름엔 힘들어요
5.0,재질도 마음데 들고 디자인도 너무 마음에 듭니다 잘입을께요
5.0,사이즈 잘 맞구요 가볍고 시원해요 연청이랑 입기도 좋고 전 두벌 셋업으로 구매해서 출근용으로 잘 입고 있어요^^
5.0,전 라이트베이지도 셋업 구매 콤비도 착용 사이즈 잘 맞구요 가볍고 시원해요 연청이랑 입기도 좋고 전 두벌 셋업으로 구매해서 출근용으로 잘 입고 있어요^^
5.0,한여름은 무리고 초여름까지는 입어볼만 한 것 같습니다.한여름은 무리고 초여름까지는 입어볼만 한 것 같습니다.
5.0,한여름은 무리고 초여름까지는 입어볼만 한 것 같습니다.
2.0,여름 용 아닙니다. 두꺼워 여름에 못 입습니다. 소매 부분도 많이 아쉽구요
5.0,잘 입고다니고있습니다 예쁘고 저렴해서 좋아요
5.0,할인된 가격합격 배송 합격 핏 합격 소재 중합격(?) 격식을 갖추어야 하는자리에선 그래도 최선의 선택이지 않을까 적어도 여름한정으론 좋을거 같아요 좀만더 얇았으면 하는 아쉬움도 있지만 또 너무 얇게되면 핏이 망가질수 있으니 고민중이신분들이 있으시다면 선택에 큰 후회는 없지않을가 싶습니다.
5.0,딱 원하던 핏이고 다른 색상도 주문할 생각 입니다
5.0,"처음 입을땐 두껍고 뻣뻣한 감이있으나, 냉감재질이라 시원하게 느껴지고 신축성도 괜찮은 편"
5.0,딱 원하던 핏이고 다른 색상도 주문 하려고 합니다
5.0,고급스럽고 사이즈 딱입니다 소매길이만 좀 길어요
5.0,가성비도 좋고 핏도 마음에 들어서 출퇴근할때 자주 입고 녀요!!
5.0,운동으로 체격이 커서 항상 사이즈에 고민이 있는 사람입니다. 2xl를 사야 하나 고민했지만 xl 구매했고 끼지 않고 잘 맞습니다. 다만 안에 어떤거를 입을거냐 혹은 여유로운 느낌을 원한다면 2xl도 추천합니다.
5.0,안감이 있는 블레이저 치고 얇고 핏이 예뻐요 소매가 조금 짧은게 아쉬워요
4.0,여름소재? 대비 살짝 두께감은 있으나 기본 충실 + 편함
5.0,ㅙ매우 만족스럽습니다!! 색상은 화면이랑 똑같습니다. 퀄리티도 매우 좋습니다 ★강추★
5.0,편하게 입기 좋아요 근데 생각보다 두께감이 있습니다
5.0,아들 선물해줬어요~ 두께가 얇아도 한 여름에는 조금 어렵지 않을까 합니다! 그래도 핏도 괜찮고 색감도 깔끔하니 좋아 보여요~
5.0,여름에 좋은 자리에서 입으려고 샀어요! 시원하고 좋네요ㅎㅎ
5.0,배송도 빠르고 합리적인 가격에 샀네요. 디자인이 심플해서 좋습니다.
5.0,째랴보다가 블프 맞춰서 잘 샀네요. 정사이즈고 핏도 좋네요.
5.0,무신사 스탠다드 제품읔 언제나 믿고 살수있는 제품이라 좋아요
5.0,무신사 스탠다드 언제나 기본에 충실한 아이템 꼼꼼한 마감도 마음에 듭니다
5.0,무신사 스탠다드 언제나 믿고 살수있는 베이직템이네요 가볍게 걸치기 좋고 핏도 마음에 듭니다
5.0,역시 쿨텐다드멋지네요. 시원하게잘입고있습니다.핏도 너무좋구요
5.0,저렴하게 샀어요! 편하고 데일리로 입기 똭이에요!!!!
5.0,여름에 입기 좋은 두께감이랑 원단이라 시원하게 입을 수 있어요 굳굳
5.0,급하게 샀는데 가격대비 퀄리티가 너무 좋아요 완벽!
5.0,사이즈가 딱 맞아서 좋아요 선물했는데 만족스러워 하네요 전에 주문한 블레이저가 구겨져서 왔는데 이번엔 꼼꼼하게 포장해 주셔서 좋았습니다
5.0,얇고 이쁘고 시원하고 좋습니다 여름에 추천드립니다
5.0,적당히 오버하니 캐주얼하게 입기도 좋고 포멀하게입기도 좋아요 스탠다드핏으로 샀다가 캐주얼로 입기어려울거같아서 릴렉스로 바꿧는데 대만족
5.0,적당히 오버하니 캐주얼하게 입기도 좋고 포멀하게입기도 좋아요
5.0,네이비색 말고 검은색도 사버렸네요 너무 만족합니다
5.0,엉덩이까지 내려오긴 하는데 괜찮아서 잘 입고 있습니다.
5.0,여름마이 필요했는데 배송도 빨랐고 친구 결혼식때 잘입었습니다^^
5.0,어깨가 조금 더 넓었으면 딱인거같은데.. 그래도 만족합니다
5.0,빠른배송 깔끔한포장 가성비 좋고 핏이ㅜ좋습니다 굿!
5.0,두께가 아주 얇지는 않고 적당히 더운 날씨에 적합합니다. 미묘하게 넉넉한듯 딱 적당한 핏이 나옵니다.
5.0,딱 기본적인 블레이저입니다. 첫 구매 이벤트로 싸게 사서 만족합니다.
5.0,"무탠 오버사이즈 블레이저 같은 사이즈 샀는데 이제품이 어깨, 팔기장 더 작아요 여름 정장 대용으로 사용 가능할 것 같아요"
5.0,"무탠 오버사이즈 블레이저 같은 사이즈 샀는데 이제품이 어깨, 팔기장 더 작아요 여름 정장 대용으로 사용 가능할 것 같아요 "
5.0,무신사 스탠다드 적당한 두께감과 이쁘네요 너무 좋아요
4.0,장례식 및 검은 자켓입을일 있을때 기본템으로 추천 드립니다
5.0,제품 좋아요! 앞으로 정장은 다른데 말고 무탠다드가 답인듯 합니다! 
5.0,검정색 정장이 필요해서 구매했네요. 원단자체가 너무  편하네요.
5.0,사이즈 좋고 잘 입고 있습니다. 시원하고 여름에 입기 좋아요.
5.0,배송이 참 빠르고 좋아요. 무탠다드는 믿고 사는편.. 시원하고 좋습니다!
3.0,핏이 마음에 원하던 핏은 아니였어요 어깨가 너무 불편합니다
5.0,퀄리티가 정말 좋아서 오랫동안 입을 수 있을 것 같아요.
5.0,디자인이 매우 깔끔하고 세련돼서 일상적인 자리에서도 잘 어울려요.
5.0,이 블레이저는 정말로 실용적이에요. 어떤 옷과도 잘 어울리고 편하게 입을 수 있어요.
4.0,블레이져 입문용으로 샀는데 생각보다 퀄리티가 좋음. 단점은 팔 올릴때 어깨부분이 불편함
5.0,덩치가 있는편인데 사이즈가 딱 좋습니다. 시윈한소재에 사이즈도 딱 좋으니 완전 만족
5.0,제가 팔이 길어서 팔이 좀 짧긴한데 사이즈 적당하네요 와이프가 보더니 괜찮다고 하네요 자주 입지는 않는데 가격이 적당해서 좋네요!!
5.0,두께랑 팔기장이 좀그래요 두께는 여름거인줄 알고 샀는데 좀 두껍고 팔기장은 짧아요 ㅠㅠ
4.0,배송 은 빠름 조금더 얇았음했는데 한여름엔 더울듯
5.0,편하게 입기 너무 좋아욤. 가격도 좋구요. 잘입을떼요
5.0,"배송 엄청 빠릅니다. 저녁 11시에 주문했는데 다음날 왔어요. 키 170에 59키로라 평소 상의는 95입으면 딱 맞고 100은 조금 여유있는 편입니다. 그런데 M 을 입으니 딱 맞으면서 아주아주 조금 여유가 있어서 조금 체중이 늘어도 알맞게 입을 것 같아요. M이 대략 95~100 사이쯤 되는 것 같아요.  튀지 않고 무난한 기본 스타일이라 슬랙스를 입으면 정장스럽고 청바지를 입으면 캐쥬얼 느낌도 나서 두루두루 입을 수 있을 것 같아요.  소재가 린넨처럼 얇지는 않고 조금 두께가 있어서 구김이 덜 할 것 같아요. 대신 한여름에는 더워서 못 입을 것 같고 봄,가을에 입으면 딱 좋겠어요. 늦여름까지는 입을 수도 있을듯요. 가격이 착한편이라 별 기대 안했는데 소재나 스타일이 예상보다 좋아서 조금 놀랬어요. 다른 브랜드 8~9만원짜리보다 괜찮은 듯.. 하나 있으면 두루두루 걸치기 좋을 것 같아요. 셋업 상품인 슬랙스 하나 또 주문할 생각입니다."
5.0,"배송 엄청 빠릅니다. 저녁 11시에 주문했는데 다음날 왔어요. 키 170에 59키로라 평소 상의는 95입으면 딱 맞고 100은 조금 여유있는 편입니다. 그런데 M 을 입으니 딱 맞으면서 아주아주 조금 여유가 있어서 조금 체중이 늘어도 알맞게 입을 것 같아요. M이 대략 95~100 사이쯤 되는 것 같아요. 튀지 않고 무난한 기본 스타일이라 슬랙스를 입으면 정장스럽고 청바지를 입으면 캐쥬얼 느낌도 나서 두루두루 입을 수 있을 것 같아요. 소재가 린넨처럼 얇지는 않고 조금 두께가 있어서 구김이 덜 할 것 같아요. 대신 한여름에는 더워서 못 입을 것 같고 봄,가을에 입으면 딱 좋겠어요. 늦여름까지는 입을 수도 있을듯요. 가격이 착한편이라 별 기대 안했는데 소재나 스타일이 예상보다 좋아서 조금 놀랬어요. 다른 브랜드 8~9만원짜리보다 괜찮은 듯.. 하나 있으면 두루두루 걸치기 좋을 것 같아요. 셋업 상품인 슬랙스 하나 또 주문할 생각입니다."
5.0,옷은 매우 맘에 드네요 사이즈도 적당합니다 추천
5.0,제 키에 엉덩이까지 내려오긴 하는데 잘 입고 있습니다.
5.0,좋앗던거 같아여 색감도 그렇고 막 입기 좋고 합리적인 가격이에요ㅎ
4.0,넉넉하게 입으려고 샀는데 생각보다 크네요. 쿨탠다드라고 해서 여름에도 입을 수 있을줄 알았는데 한여름에는 힘들듯
4.0,얇고 가볍고 시원해요. 근데 어깨라인이 좀 어좁이 같아보이는 핏이라 아쉽네요.
4.0,1. 사이즈 : 처음에 L 사이즈 주문했었는데 좀 크길래 M으로 교환했더니 이거는 좀 작네요 ㅋㅋ.. 어깨가 약간 어좁이 핏이고 소매가 짧아서 수선했습니다. 2. 착용감 : 일단 가벼워서 좋았고 얇아요. 확실히 베이직 블레이져보단 시원합니다. 왜 쿨탠다드에는 베이직핏이 없는건가...ㅜ 릴렉스드핏 시러..
5.0,1. 사이즈 : 처음에 L 사이즈 주문했었는데 좀 크길래 M으로 교환했더니 이거는 좀 작네요 ㅋㅋ.. 어깨가 약간 어좁이 핏이고 소매가 짧아서 수선했습니다. 2. 착용감 : 일단 가벼워서 좋았고 얇아요. 확실히 베이직 블레이져보단 시원합니다.
5.0,사이즈 딱 맞고 깔끔해요. 기장이랑 팔 길이도 딱 좋아요.
4.0,가볍게 입기 좋은 옷입니다. 다만 어깨가 좀 있으신 분들은 L사이즈 추천합니다. 저는 어깨부분이 좀 작은 것 같습니다.
4.0,전체적으로 괜찮은데 제 경우에는 어깨가 좀 작게 나온건지 어깨 부분이 좀 작네요. 그것 말고는 다 괜찮은 것 같습니다. 어깨 좀 있으신 분들은 L사이즈 추천합니다.
5.0,가성비 좋습니다 색상이나 원단이 생각보다 고급스럽네요  시원한 재질이에요
5.0,여름에 얇고 시원하게 입기 좋아보여요ㅎ 지금 시즌에 좋습니다
5.0,가성비 좋습니다 색상이나 원단이 생각보다 고급스럽네요 
4.0,깔끔하고 무난하게 입기 좋아요. 소재가 가볍고 시원해요
4.0,쿨탠은 처음으로 사봤는데 나쁘지않은거같아요. 다만 재질이 그래서인가 먼지가 잘붙고 구김이 잘가요 쿨탠 와이드  릴렉스드 벨트 세트
4.0,쿨탠은 처음으로 사봤는데 나쁘지않은거같아요. 다만 재질이 그래서인가 먼지가 잘붙고 구김이 잘가요
5.0,이쁘게 너무 잘맞아요 배송도 빨리되서 좋습니다
5.0,2겹인 부분은 덥긴합니다 하지만 활동성이 좋아요
5.0,베이직으로 입기 좋은거 같습니다!! 잘 입겠습니다~~~
5.0,스판이 있어서 편합니다. 가슴 위쪽으론 조금 두껍다라는 느낌을 받긴하는데 태를 잡으려고 덧댄거라 참아야합니다
5.0,"한여름은 못입고, 초여름에는 실내에서 입을만한거같아요."
5.0,"믿고사는 쿨탠다드 블레이저입니다. ㅎㅎ 엄청 얇진않지만 그래도 여름에 행사 있을때 입을만할 것 같아요!  봄, 초여름, 가을에 자주입을것 같아요!  저렴한 가격에 이정도 퀄리티라면 모두 추천합니다.^^"
5.0,셋업으로 입기에 메우 좋습니다. 기격대비 만족해요
5.0,항상 애용하고 있습니다 가성비도 좋고 상품이 좋아요
5.0,여름용으로 샀는데 역시 무탠 자켓 가성비 최고입니다 꽤 시원해요
5.0,쿨탠다드에 맞게 얇고 시원해서 여름에 입고 다니기에 딱 좋을거같아요! 핏도 괜찮고 이뻐요!
5.0,가격도 저렴하고 핏도 아주 마음에 드는 옷입니다
5.0,얇아서 너무 맘에 들고 평소 입는 사이즈로 구매해도 괜찮을겁니다
5.0,사이즈 저스크고 최고에요 감탄자켓만큼 얇진 않습니다!
5.0,경조사용 자켓이 필요해 구매했는데 너무 만족스럽습니다
5.0,넘므옙쁘다…! 무진장 세일 덕분에 말도 안 되는 가격에 샀네요~ 예쁜 옷 감사합니다
5.0,이 가격에 이 퀄리티 감동입니다..ㅜㅜ 핏감도 좋고 고급지네요 (싼티 안 남) 꼭 사세요! 
5.0,가볍게 입고 다니기 좋고 캐주얼에 어울려서 좋습니다^^
5.0,"■배송: 주문하고 2일만에 도착했어요  ■재질:쿨 원단이라서 확실히 여름에 덜 더워서 남친룩 할수있어요  ■착용감:잘 늘어나는 원단이라서 딱 맞게 사면 됩니다  ■사이즈:나랑 비슷한 신체 조건 가지고 있다면 XL하시면 됩니다  면접, 결혼식,남친룩으로 다 코디 할수있는 만능 블레이저 이예요"
5.0,"무탠다드 블레이저 2개가 있는데, 봄 여름에 결혼식용으로 쿨탠다드 하나 더 구매했네요. 가격 생각하면 이만한 블레이저 없는거같아요~!! 상의 평소 100 입고, 요건 L하니 맞네요. 사이즈 참고하세여"
5.0,깔끔하게 입을만한 블레이저 찾다가 할인때 구매했습니다. 신축성이 좋은건 아니지만 편하고 기장도 알맞게 나와서 줄이지 않고 입을 수 있었습니다. 잘 입겠습니다!
5.0,사이즈 그리고 얇기도 좋아서 전투용으로 입기 좋을것 같아요
5.0,배송빠르고 상품도 매우 좋아요 배송도 빠릅니다
5.0,좋아요 사이즈도 잘맞고 길이도 적당하서 주로 입던 옷과 비긋해요 계속 입고 구매의향있네요 적당판 핏좋아요!
5.0,뭔 말이 필요합니까. 무탠다드 쿨탠다드는 정말 가성비 최고죠. 배송도 정말 빠르구요. 
5.0,차려입고 가야하는 자리에 편하게 입을 용도로 샀어요  원단이 너무 시원하고 핏도 좋고 어깨 때문에 상의를 105를 입는데 편합니다 잘 입을 것 같아요
4.0,정핏이고 깔끔한데 어깨가 살짝 작긴하네요 이건  제 문제이니 이쁘게 입겠습니다
4.0,정핏에 깔끔한데 어깨가 좀 있는 분들은 한 치수 업 하시는게 좋을거 같네용
5.0,슬랙스랑 셋업으로 샀는데 한여름엔 좀 힘들거 같지만 옷은 이쁩니당
4.0,여유있는 105정도의 실루엣입니다 쿨탠다드라지만 원단 자체의 두께감이 있습니다 한여름 셋업으로는 좀 더울것같아요 간절기 장도가 어울립니다
5.0,여름에 무탠다드 셋업으로 입기에 좋습니다. 얇고 핏도 좋아요
5.0,핏이 딱 적당하고 봄부터 초여름까지 무난하게 입을만해요
5.0,아주먀우정말사이즈도 잘맞고 좋네요 지 스타일이네요
5.0,이 가격에 이걸.어떻게 사냐고? 무탠다드라서 가능하지!
5.0,50짤 뚠뚜니 아저씨인데 욕은 안듣겠지? 그래도 등산복뵤다는 이게 낫자나?
5.0,기본적인 정장핏입니다 원단이 얇아서 여름용으로 좋습니다
5.0,세미 오버핏이고 심플해보여서 너무 좋아요 굿뜨
4.0,너무 더워서 아직 입고 나가보지는 못했지만 오버핏을 좋아하는 저에겐 보통 xl면 맞지만 이건 2xl는 사야하더라구요 참고하세요
5.0,무탠다드 블레이저는 가성비 좋아서 자주 입고다닐것 같아요
5.0,무탠다드 블레이저는 가성비 좋아서 잘 입고다닐거같아요
5.0,가볍게 입기 좋고 많이 두껍지 않아서 좋아요 배송도 빨라서 좋습니다
5.0,"어깨를 맞추지 기장이 길고 애매합니다. 오버사이즈 L랑 이거 xl랑 번갈아 가면서 입어보고 매장에서 구매했는데, 둘다 핏은 다르긴한데 이걸로 골랏습니다"
5.0,저렴한 가격에 맘에 듭니다 시원한 원단이라 여름에 좋을것 같아요
5.0,저렴하게 구매했구여 어깨패드가 있어서 좀 각이 지네요. 허리 품이 좀 큽니다.
5.0,릴렉스하게 떨어지는 핏입니다. 좀 늘어져 보일수도 있지만 넉넉해서 좋습니다.
5.0,가성비 무탠다드 여름에는 쿨탠다드  최고에요~ 자켓만 3개째인데 좋네요
5.0,재질 너무 좋아요! 여름에도 입을 수 있게 쿨탠다드 구매합니다!
5.0,역시 무탠다드 최고네요 그냥 믿고 샀더니 완벽합니다 굿굿
5.0,177/73 기준 L사이즈 잘 맞습니다 ㅎㅎ 결혼식 잘 다녀왔네요
5.0,여름철 행사 참여용으로 구매했어요  찹찹하니 좋습니다
5.0,확실히 쿨탠다드라 시원하고 핏도 너무 맘에 들어요 
5.0,저주받은 몸 배가나와서 XL는 잠그면 울어요 2XL는 기장이 맘에 안듬. 아쉽지만 2XL가 편하넹요
4.0,먼지가 좀 묻는 다는 단점이 있는데 얇고 착용감 편해요
5.0,배송이 빨라서 정말 좋았고 소재도 시원해서 좋음
5.0,급하게 남편 자켓 알아보던 중 가성비로 겟 했어요 무난 깔끔 그 자체입니다!
5.0,176/76 두루두루 입기 좋습니다 평상시에 여러가지 매치헤서 입으실꺼면 저는 XL을 더 추천드립니다ㅡ
5.0,박스 다 찢어져서 와서 좀 아쉬웠지만 상품은 만족스럽습니다.
5.0,음 좀 가벼운 재질? 배송은 빠르고 좋았어요. 가성비로 입기좋은듯.
5.0,디자인 무난하고 그냥 여름에도 가끔 너무덥지 않으면 입을정도에 두께감인거같아요!
4.0,여름 면접용으로 샀는데 기존 블레이저보다 얇고 좋아요
5.0,할인 행사로 저렴한 금액에 좋은 블레이저 구매하였습니다!
5.0,제품 잘 받았습니다 제가 입기에 조금 핏한거 같네요 
5.0,2xl이지만 실 105사이즈 느낌 입니다  잘 입을께요
5.0,릴렉스핏이라해서 구매했는데 정핏 뜹니다 일단 소매가 작아서 늘여야 되겠군요 쿨소재라지만 지금 입기에 더울듯 소재는 좋아 보여요
5.0,블레이저 처음 사봤는데 너무 만족합니다.  사이즈도 딱 맞아서 좋아요
5.0,쿨탠다드는 오리지널에 비해 좀 작은느낌이에요 
5.0,쿨탠다드는 오리지널에 비해 좀 작은 느낌이 있는거 같네요 감안하고 시켰는데 딱 맞아요 한여름에는 좀 힘들거같지만 옷은 좋아요
5.0,그냥 무난한 블레이저입니다. 어디든 입기 좋아요
5.0,간절기에 입기 딱 좋은 것 같아요 초여름에도 잘하면 가능할 듯? 그냥 무난한 블레이저입니다. 추천추천
5.0,스판이 있어서 활동에 아주 좋네요. 어깨가 넓은편인데 잘 맞네요.
5.0,디자인은  상품 사진과 똑같습니다. 잘 늘어나서 입기 편하구요. 한여름은 입기 어렵지만 봄가을은 가능합니다.
5.0,"출퇴근때 입을 블레이저가 필요했는데, 마침 무신사의 블레이저가 가격도 좋고 이전에 구매해봤어서 구매했는데 역시 아주 딱 맞고 좋네요 ㅎㅎ 다른 색상도 구매할거같아요!"
4.0,매장에서 보고 샀는데 배송도 정말 빠르고 좋습니다
5.0,출근룩으로 입기 딱 좋습니다. 어깨가 꽤 있는 편인데도 편하게 입기에 좋네요. 가격도 적당한 편이라 만족스럽습니다.
5.0,적당한 가격에 좋은 블레이져 하나 장만했네요 블레이져가 없어서 하나 장만한건데 아주 만족스럽습니다
5.0,질 좋네요 마감도 좋고 핏도 괜찮고 추천합니다. 다만 약간 작게 나온건지 제가 큰거지 모르겠는데 어깨 좀 있으면 한 치수 크게 입어야겠네요
5.0,박스가 좀 찢어져서 와서 아쉬웠지만 제품 자체는 만족합니다 정사이즈 가시면 될것같네요
5.0,여기저기 매치해서 입기 좋습니다 여름만 아니면 다 입어도 좋을 것 같습니다
4.0,깔끔한데 많이크네요 ㅎㅎ  살좀 빼서 오버핏으로 입어야겠어요!
4.0,약간 정핏에 가깝고 여름옷 치고는 두께도 있는편이에요. 시원하지는 않고. 봄.가을에 입기 좋을것 같아요.
5.0,덩치가 있어서 오버핏인데도 딱 맞는느낌이라 굉장히 만족했네요
5.0,여름 경조사용으로 샀는데 장례식 치르는 동안 덥지 않게 잘 입었습니다.
5.0,남자친구 몸에 딱 잘맞고 예뻐요 살짝 와이드해서 더 좋아요
5.0,쿨탠다드지만 두께감이 어느정도 있어서 한여름은 힘들 거 같아요 핏감이랑 재질은 최고입니다
5.0,"제품은 괜찮은데 포장에 좀 더 신경 썼으면 좋겠습니다. 배송도중 상자가 찌그러지는 일이 많은데, 박스포장 안에 옷 비닐만 달랑 씌워 보내서, 훼손될 가능성이 많아 보입니다. "
5.0,디자인 이쁘네요 추천드립니다 한여름 빼고 입기 좋아요
5.0,출근복장으로 항상 구매하는 무신사 스탠다드 수트에요
5.0,어깨선 좋고요 가벼워요 !! 한 여름은 아니여도 쌀쌀한 날씨에는 좋을거 같아요!
5.0,어깨선에 딱 맞고 가볍고 시원합니다 선선할때 입으면 딱 좋은거 같아요
5.0,어깨는 맞도 소매가 쪼끔!!길긴해도 만족해서 아주좋아오!
4.0,사이즈 어깨에 딱좋아요 기장도좋고 만족합니다!
5.0,여름에 입기 딱 좋은 소재 색감 너무너무 맘에 들어요~ 역시 무텐입니다. 가격까지 생각하면 이만한 옷은 없는 듯 합니다~ 여름행사 모임 걱정없어요
5.0,"일단 디자인은 무난하고 여름용이지만 좀 더워서 봄, 가을에 휘뚜루마뚜루 입기 좋은듯 합니다"
5.0,소재 얇아서 더울 때도 입을 수 있어요 배송 빠르고 좋습니다
5.0,기장도 딱좋고 핏도 좋아보이고 어깨도 넓어보여요
5.0,초여름에 입기 좋은 것 같아요. 공식적인 자리에 걸치고 나가기에 적당한 것 같습니다.
5.0,여름에 단정하게 입고 참석하는 장소에서 걸치기 적당한 것 같습니다.
5.0,검정 셋업이 없어서 이번에 구매했습니다. 색도 가격대비 고급스럽고 얇은편이라 덜 덥고 좋습니다 :)
5.0,3xl라지 평소에 입는데 살짝끼어요 100키로는 그냥 여름에 한손에 드는용으로 구매하세요. 더워서 못입어요
5.0,쿨탠다드라 그런지 가볍고 시원한 느낌이라 아주 좋아요
5.0,"사이즈도 잘 맞고, 시원해서 착용감이 좋습니다. 만족합니다."
4.0,"잘받았습니다 봄가을용 똑같은거 있어서 여름용 쿨탠다드 구입했는데 아쉽게도 한여름에 입기에는 살짝 두께감이 있어요 한여름에 입을수있는 린넨, 모시? 소재가 많이 들어간 버전이 있으면 좋을거 같습니다"
5.0,진짜 실제로 보면 예쁘고 생각보다 얇아서 더 좋아요
5.0,가격도 저렴하고 퀄리티도 좋네요! 깔끔한 블레이저입니다! 과하게 크지않아서 좋네요🧡
4.0,무광이지만 고급스러운 소재같아요. 쿨탠다드지만… 글쎄요 한여름에 아직 입어보진 않았지만 더울것같습니다. 실내에서 주로 생활하고 잠깐씩만 햇빛을 본다면 가능할지도.
5.0,시원한 소재 블레이저가 필요해서 구매했어요.  완전 시원하진않지만 여름에 착용하기에는 괜찮을꺼 같아요!
5.0,"편하고 너무 좋습니다. 면접때문에 여름에 입게되었는데, 얇아서 좋아요~"
5.0,"면접 볼때 잘 입었어요~ 얇아서 너무 좋았고, 너무 편안합니다!!"
5.0,오버오버하게 입기 좋은 핏인듯 합니다. 편한거 좋아하면 추천
5.0,배송이 상당히 빨랐고 디자인이 깔끔해서 좋아요
5.0,사이즈도 잘 맞고 디자인도 깔끔하게 잘 나온것 같아요
5.0,가격대비 핏 질감 짱 조흐네용 아주 맘애 듭니닷 ㅎ 남자옷 찾기는 잘 모르는데 무탠다드가 잇어 져어용
5.0,친구가 샀는데 후기를 제가 쓰네요 잘 맞으니 환불 안한 거 같아요
5.0,남자친구 사줬는데 괜찮다고합니다앙 옷걸이에 보내쥬ㅓㅆ고 배송 엄청 빨라요
5.0,점점 더워지는 요즘 같은 날씨에 입기 괜찮습니다. 그렇다고 밖에서 입을 정도는 아닙니다. 실내용으로 만족합니다.
5.0,출퇴근 전투용으로 완전 최고에여 시원하고 좋아뇨
5.0,이가격에 이퀄리티~ 출퇴근 전투용으로 완전딱이에요 션해요
5.0,얇고 움직이기 편해요! 한여름은 힘들겠지만 적당히 시원해서 좋아요. 경조사 있을 때 잘 애용하겠습니다
5.0,여름엔 수트를 안 입는데 경조사용으로 시원해서 제격입니다
5.0,봄초여름가을까지 입을수잇겠어요 한여름은 힘들듯  스판잇어 편합니다
5.0,라인이 안들어간 여름용 블레이져입니댜 어깨나 팔기장은 정사이즈고 여름용이라 경조사용으로 한벌씩 필요할것같습니다
5.0,"여름에도 정장을 입어야하는 전투용 정장을 위해 블레이저를 구입했습니다. 기존에 입던 슬랙스와 셋업으로 활용할 수 있고, 무엇보다 시원합니다. 물론 땡볕에 있으면 덥겠지만 확실히 통기성이 좋습니다 ㅎㅎ 깔별로 사놓을까 고민중"
4.0,소재가 얇아서 더운 날씨에도 어느정도 가능할 거 같아요
5.0,보통 100사이즈를 입는데 자켓 L사이즈가 딱 맞았습니다.  릴렉스드핏이지만 그렇게 넉넉하다는 느낌은 안듭니다.  허리라인이 안들어가서 좀 더 클래식한 느낌으로 입기 좋습니다. 
5.0,베이직한 검은색 블레이저입니다 쿨탠다드 재질인데 처음에 만져보면 막 엄청 얇거나 그런느낌은 아닌데 입어보니 검은색인데도 불구하고 막 덥거나 그렇지는 않네요 
5.0,사이즈 적당하고 여름에 입기 딱 좋습니다 굿이요
5.0,편히 입을 수 있어요 딱 좋습니다 가격대도 싸고 딱 좋아요
5.0,여름에 입기 시원하고 핏도 잘 나와서 데일리로 강추합니다!
5.0,색감 뚜렷하고 핏이 딱 나와서 입기 너무 좋아요! 여름에 입기도 시원합니다
5.0,너무 시원하고 스탈 깔끔해서 출근용으로 딱입니다!
5.0,아주아주마음에듭니다 재구매의사 백프로입니다
5.0,옷좋습니다. 길이도 적당하고 핏도좋습니다. 많이파세요
5.0,색감도 이쁜거같고 적당한 오버핏에 편해서 아무때나 입기 좋은거같아요
4.0,기장도 적당하고 단정하고 포멀한느낌 나서 좋습니다.
5.0,역시 무탠다드입니다 가성비도 좋고 대만족입니다
5.0,좀 크긴 하지만 그래도 이쁩니다 후회 없는 상품이네요
5.0,사이즈 기장 손목 다 딱 맘에 들었고 재질도 시원해서 좋았어요 깔끔하고 진작에 살 걸 그랬습니다. 굿
5.0,사이즈 기장 손목 다 딱 맘에 들었고 재질도 시원해서 좋았어요 깔끔하고 진작에 살 걸 그랬습니다.
5.0,아주좋아요 이쁘고 옷핏이 예술입니다 여름에 입기좋은거같아요
5.0,라지구매했다가 너무 타이트해서 손움직이가 불편해 엑라로 교환했습니다
5.0,여름 경조사에 급히 걸치려고 샀는데 핏이 기대 이상입니다. 마침 할인까지 받아 더욱 만족합니다. 
5.0,잘 입겠습니다. 감사합니다. 배송도 빠르고 좋아요. 
5.0,보통 블레이저 보다는 얇은 편이에요 세일해서 저렴하게 구매
5.0,생각보다는 두꺼웠지만 그래도 입기에 편하고 좋네요
5.0,가볍게 입기 좋습니다 세일할 때 쿠폰까ㅣ해서 잘 샀습니다
5.0,너무 마음에 듭니다. 신축성도 좋고 사이즈도 딱 맞습니다. 색깔별로 구매합니다.
5.0,어깨쪽 패드가 뭐랄까 살짝 전형적인 슈트스타일 저처럼 라운드숄더있으면 좀 떠보여요
5.0,어깨 사이즈 알맞고 스타일도 잘 살아서 좋아요. 가성비 최고입니다.
5.0,너무 이뻐요 여름에 그래도 한번씩 걸치려고 구입했어요 만족합니당
5.0,블레이저가 오래되서 새로 구매했습니딘. 원단도 좋고 착용감도 좋습니다. 사이즈도 저정도 되면 2xl 구매하시면 됩니다.
5.0,딱 맞고 시원하고 핏이 정말 이쁘네요 잘 입겠습니다
5.0,가볍고 시원한 원단이라 잘 입고 다닐것 같아요 굿
5.0,166/72 사이즈 딱 좋습니다. 너무 크지도 작지도 않아서 입기 너무 편해요.
5.0,깔끔하고 편하게 잘 맞아요 앞으로도 꾸준히 입을 수 있겠네요
5.0,검은색 컨셉으로 사진찍을려고 샀는데 원단도 얇고 딱좋네요 강추
5.0,검은색 컨셉으로 사진찍을려고 샀는데 원단도 얇고 딱좋네요
5.0,마음에 듭니다. 적당히 입으실거면 정사이즈 좀 힙하게 입으려면 한사이즈업
5.0,사이즈 아주 좋습니다. 재질도 쿨탠다드니까 아주 기대됨
5.0,블랙이라 무난무난 일부러 사이즈 업했는데 약간 힙함
5.0,얇아서 요즘 같은 초여름 날씨에 입기 좋았어요 더 더워지면 린넨으로 가야할 듯 합니다
5.0,움질일때편하고 고급져보여요 소재가 여름에입기괜찮아요
5.0,"맞춤 제작한거처럼 팔길이, 총장, 핏 다 딱 맞아요 무난하게 입기 좋을거 같아요"
5.0,결혼식장 갈때 입으려고 샀는데 아주 잘 쓰고있습니다!
5.0,간절기시즌이나 초여름까진 괜찮아요! 핏도 이쁘고 딱이에여
5.0,쿠팡배송 급.. 급하게 필요했는데 빨리 온것만으로도 만족인데 핏도 맘에들고 소재도 시원해서 좋아요!
5.0,작지도 않고 딱 맞아요! 면접룩으로 픽업 급하게했는데 가격도좋고 최고입니다
5.0,사이즈 딱 맞고 너무 좋아요!  덕분에 결혼식에도 입고 가고  장례식에도 잘 입고 갔습니다!  감사해요!
5.0,"블레이저, 정장용으로 샀는데 8월 한여름에는 불가능 "
5.0,제가 생각했던 검은색이고 시원한 재질입니다 굿
5.0,배송은 말그대로하루만에 바로오네요 포장도잘되서오고 바지를먼저사둔게있어서 셋으로 맞추기위해 마이까지구입한건데아주좋습니다
5.0,직장인이라면 여름에도 입어야하는 기본 자켓~ 남편이 각종회의에 참석할때 캐주얼하면서도 단정한 자켓을 원해서 구입했어요. 키 183에 82키로로 팔다리가 긴편이라 2xl사이즈가 아주 잘 맞더라고요. 구김도 거의없고 두께도 한 여름빼고는 입을 수 있는 휘뚤마뚤 자켓입니다. 무신사스탠다드는 바느질도 부자재도 믿음이 가서 남편이 아주 좋아한답니다.
5.0,결혼식때 입으려고 급하게 샀는데 너무 만족스럽습니다 재질도 시원하고 좋아요
5.0,배송 진짜 빠르게 옵니다 쿠팡마냥.. 그리고 옷자체도 가격대비 정말 만족스러워요
5.0,가볍게 경조사용으로 샀는데 캐쥬얼하게 입기좋네오 가격도 착하구 기본적으로 어깨패드가 잘 잡아줘서 핏이 잘 사는데 정사이즈보다는 한사이즈 올리는게 더 이쁜거 같네요 매장에서 m입었을때 오히려 좀 답답해보이는 느낌이 있었는데 L이 딱 예쁜듯
5.0,무탠다드 가성비가 정말 좋아오 이정도 품질에 이 가격이면 만족
5.0,사계절용으로 입어도 될거같아요 여름에는..실내에서 사진 찍거나 그럴때만..
5.0,만족합니다~ 배송도 빨랐어요~ 이상 없이 잘 받았습니다.
5.0,여름 재킷이 필요해 구매했습니다. 핏이 약간 큰 감이 있지만 예쁘게 잘 입겠습니다.
5.0,너무이쁘네요 디자인도좋고 아주좋습니다 색감도같음
5.0,일단 너무 편하고 좋습니다 ㅎㅎ 굿입니다 자주 사용할 것같아요
5.0,사이즈도 적당한 오버핏이라 핏이 마음에 들어요 시원하게 입을 수 있을 것 같아요
5.0,만족합니다 고급스러운 정장느낌보단 캐쥴얼하게 입기 더 좋지않을까 싶습니다
5.0,완전 여름용은 아니라 봄가을이라고 봅니다. 그러나 클래식하게 입기에 좋으며 전 캐쥬얼하게 입기위해 한사이즈 업. 만족합니다
5.0,"사이즈, 색감 모두 만족합니다 무신사 옷 잘하네! 배송도 빠르고 항상 만족합니다."
5.0,"여름에 경조사때 입을 옷이 없어서 구매했는데, 재질이 시원시원해서 너무 좋습니다. 다만, 릴렉스핏이라 요즘양복처럼 엄청 핏하진않아서 완전 정장 느낌은 내기 힘들 것 같습니다."
5.0,가격 대비에 퀄리티가 상당히 좋아요 재구매 의사 있습니다
5.0,매장에서 입어보고 샀어요 겨울빼고 아주 잘 입을것같습니다 경조사있을때 입을려구 샀어요 아주마음에듭니다 ㅎㅎ
5.0,급해서 빨리 주문했는데 제품도 좋고 시원할거 같네여
5.0,잘입을게요 급해서 사긴했는데 편하게 입기 좋네요
5.0,급하게 필요해서 삿어요 제품은 좋아요 감사합니다
5.0,급하게 필요해서 찾아보고 구매했습니다 무탠다드제품 맘에 듭니다
5.0,더도말고 덜고말고 그냥 딱 기본템으로 무난한 거 같아요
5.0,여름에 입을일 있을거같아서 샀는데 얇아서 딱좋고 생각보다 편합니다 
4.0,기장은 맞지만 어깨 라인이 살짝 작은 감이 있습니다 기장 맞춰서 입는걸 더 좋아해서 교환하지 않았지만 저랑 스펙 비슷하신분은 L사이즈를 입어도 될거같습니다
4.0,아주 만족스럽습니다. 여름 자켓이랑 달리 각이 잡혀있어요
4.0,핏이 아주좋습니다. 옷 질감도 아주좋아서 편합니다. 일반 여름 자켓이랑 다르게 각?이 잡혀있어요
4.0,아주 만족스럽습니다. 다만 초여름엔 못입어요. 오늘 입었는데 점심엔 땀 줄줄 흐릅니다.
5.0,세일 때 여름 회사 출퇴근용으로 구입했습니다 핏은 와이드 핏인데 출퇴근 하기에 무리는 없어 보입니다 시원하게 여름 출퇴근용으로 좋을거 같습니다
5.0,원하던 핏 잘나와서 만족스럽습니다 초여름까진 괜찮을것 같습니다
5.0,쿨탠다드 블레이저 처음 사보는데 확실히 얇고 핏 좋은게 느껴지네여.
4.0,가볍고 얇아요 그런데 약한 재질이 아닙니다. 핏감이 딱 서는 핏은 아니지만 말 그다로 릴렉스드하게 편안하게 입을 수 있어요  포장도 섬세하게 잘 되어 왔고 배송도 빨랐어요  가격대비 이런 퀄리티 흔치 않은것 같아 무신사에서 다른 자켓도 알아보는 중입니다
4.0,무신사에서 옷 이번에 처음 받았는데 배송도 빠르고 이 가격에 이 퀄리티라니... 주변에서 왜 무신사를 그토록 추천했는지 너무 잘 알겠네요! 매우 만족합니다 :)
5.0,적당히 루즈하게 원파던 핏나옵니다 한여름은 무리지만 초여름까진 입을 수 있을거같습니다
4.0,"가격대비 최상급입니다. 다만, 쿨탠다드인데 드라이크리닝을 권유하는 건 좀 아쉽네요. 물 세탁이 가능한 제품도 만들어 주셨으면 좋겠습니다. 땀이 많아서 ㅠㅠ"
5.0,아주 맘에 들구 사이즈도 딱입니다 잘 입겠습니다아
5.0,가성비 좋습니다 색상이나 원단이 생각보다 고급스럽네요
5.0,가성비 좋습니다 색상이나 원단이 생각보다 고급스럽네요  시원한 재질이지만 한여름에 입기는 더울 것 같아요 
4.0,기본 블레이저보다 가볍고 그렇다고 마냥 얇지도 않고 걍 사계절 내내 쿨탠다드 블레이저.
5.0,소재도 얇고 시원해서 편하게 입기 좋습니다. 겨울빼곤 입을수 있을듯
5.0,약간 넉넉하게 맞는거 같습니다 감사합니다 잘입을게요
5.0,"키 173입니다. L로 살지, XL로 살지 한참을 고민하다 둘 다 사서 입어보고 L 환불했습니다. 이 옷은 전체적으로 루즈하고 박시하게 입는게 이쁩니다. 소매 길이가 길긴 한데 수선 가능하면 수선하거나 그렇지 않다면 접어서라도 입는 게 낫습니다. L도 핏이 나쁘지 않게 떨어지는데  일반 정장 자켓과 비슷해서 뭔가 스타일리쉬한 맛이 덜해요."
5.0,가격 너무 좋게 잘샀네요.. 맘에 들고 배송 왜케 빨라 진짜..
5.0,이쁩니다 결혼식때문에 샀는데 여름엔 못입을듯
5.0,이뻐요 근데 재질이 생각보다 두꺼워서 여름엔 못입을듯
5.0,사이즈는 정사이즈 입으세요 배송 엄쩡 빠릅니다
5.0,믿고사는 쿨텐다드 역시ㅜ좋습니다 다음에 또 살께요
5.0,가격대비 퀄리티도 좋고 아주 마음에들어요 추천합니다
5.0,가격대비 상품이 좋네요 배송도 빠르고 잘입읏게용
5.0,적당히 입기 좋은 것 같아요. 처음에 후기 찾아보고 XL 구매했다가 좀 큰 것 같아서 L로 바꿨는데 만족스럽습니다.
5.0,사이즈도 좋고 재질도 좋고 너무 만족합니다. 추천드려요
4.0,제품이 얇아서 여름에 입기 좋습니다. 사이즈도 정사이즈라 입기 편합니다. 177/83 인데 xl사이즈 아주 잘맞습니다. 소재가 고급스러워 가성비 강추합니다
5.0,쿨텐다드 우먼스 베이직 블레이저 l사이즈가 약간 불편했는데 이거 입으니까 사이즈는 비슷한데 훨씬 편해요
5.0,아주 이쁘게 핏이 잘 떨어집니다 하나쯤 가지고있어야하는 필수템이죠!
5.0,확실히 일반 블레이저보다도 시원하고 좋네요 튼튼하구
5.0,아주 시원하지는 않지만 자켓 각은 잘 잡아줘요. 추천합니다. 
5.0,간절기 조사용으로 입을 자켓으로 구매합니다. 아우터 105사이즈 입고요. 어깨 딱 맞습니다 크지 않아요.  대신 허리와 가슴이 넉넉하고 여유 있습니다. 딱 붙지 않아서 만족합니다.  뒷트임도 있고요. 괜찮네요. 색감도 또렷한 블랙이며 캐주얼하게 단품으로 또는 쿨탠다드 세미 와이드나 레귤러 슬랙스 등과 매치하면 보기 좋은 한벌 수트로 입을수있어서 좋네요. 엄청 얇진 않지만 시원하고 좋습니다. 35도 이하의 한여름에도 괜찮을거같고요. 지금 입기 딱 좋아요. 추천합니다. 
4.0,제품 가성비 아주 좋은 제품입니다 많이 얇아서 여름에 입기 시원하네요 사이즈는 정사이즈 입니다 가격이 저렴해서 다른 색상 재구매 의사 있습니다
5.0,쿨탠다드 바지만 사다가 블레이져가 아쉬워서 구매했어요 실패하지 않습니다 핏도 가격도 너무 맘에 듭니다
5.0,매번 구매하지만 여름용으로 다시 샀어요 핏도 맘에 들고 가성비도 너무 좋아서 맘에 들어요
5.0,좋네요. 여름철 입기 좋을거같고 스트레치 짱 좋으네여
5.0,배송도 빠르고 색상.재질.모양 도 좋습니다.  좋지 않은것은 택을 단추에 매달아놔서 택을 제거하지않고는 입기가 어렵네요
5.0,"사이즈는 여유로워요. 자켓이뻐서 바지도 추가로 구매했어요. 제가 팔이 긴편인데 소매는 좀 짧은거 같아요. 재질이나 핏은 좋은데, 자켓 아랫단 마감은 좀 아쉽네요."
5.0,"사이즈는 여유로워요. 자켓이뻐서 바지도 추가로 구매했어요. 제가 팔이 긴편인데 소매는 좀 짧은거 같아요. 재질이나 핏은 좋은데, 자켓 아랫단 마감은 좀 아쉽네요. "
5.0,여름 입기에 너무 좋아요. 한두해만 입어도 본전뽑아요
4.0,"생각보다 크지 않고 적당함 사이즈네요. 재질, 빛깔 모두 괜찮습니다. 그리 시원하진 않네요."
5.0,옷이 조금 오버핏이지만 그래도 잘 맞는거 같아요
4.0,정사이즈네요. 디자인도 좋구요. 여름 원단이라 구매했는데...... 살짝 두꺼운것같아요
5.0,6월 중순 까지는 입을 수 있을 듯 합니다 기본 블레이져로 무탠만한 것도 없는듯요
5.0,너무 마음에 듭니다. 스타일 내기 딱 좋은거 같아요.
5.0,면접용 셋업으로 삼 정장같진 않아서 비캐용으로 좋은듯
5.0,저렴하고 데일리 입기 좋아요 ㅋㅋ 다음에도 구매할것 같아용 더 얇으면 여름철에 좋을듯요
5.0,"시원한 소재, 디자인과 핏 좋구요. 할인되어 만족해요"
5.0,"디자인, 품질, 핏 모두 만족스러워요. 할인 받아 굳굳!"
5.0,하객용 구매. 갓탠다드 믿고 구매하는 제품. 소매길이 어깨 다 저한테 맞아서 매우 만족.
5.0,이뻐요ㅎㅎ 다른색상도 구매하고싶네요 잘 입겠습니다.
5.0,"핏 괜찮고, 시원해요. 배송도 생각보다 빠르게왔어요. "
5.0,무신사 처음으로 입어봤는데 착용감 편하고 핏도 아주 좋았습니다. 대만족입니다 :)
5.0,결혼식때매 급하게 필요했는데 덕분에 잘 입었습니다. 
5.0,면접 때 필요해서 구매했습니다. 가성비 좋아요! 사회 초년생들에게 강추합니다.
5.0,여름 블레이즈 찾으시는 분은 그냥 이거 구매 하세요. 가성비도 좋고 스타일도 너무 좋아요.
5.0,여름용  정장은 없어서 맞추긴 부담스럽고  후기에  가성비 좋다는 말에 구매해 봤어요 ~~ 음 ~ 가격이 좋아서 일단 구매는 했지만 막 그렇게  고급스럽지는 않아요 ~  그렇다고 싸구려까지는 아닌데 케주얼하게 입기는 괜찮으나 어디 격식 차리는 경조사나 그런 자리에는 좀 그렇네요 ~~ 반품은 귀찮고 그냥 편하게 한번씩 입으려구요 
5.0,일단 이쁘고 재질도 나쁘지 않고 무난하게 입고 다니기 좋은 것 같아요.
5.0,가볍고 옷도 이뻐서 회사에 두고 입기 편할 것 같아요
5.0,배송빠르고 쿨탠다드답게 재질도좋고 시원하게 입을수있습니다
5.0,갑자기 자켓이 필요해서 샀는데 가격도 괜찮고 무난하게 잘 입은거 같아요
5.0,진리의 무탠다드. 한여름에도 입을 수 있는 두께감
5.0,디자인 깔끔하고 재질도 좋은거 같아요 옷걸이도 감사합니다
5.0,합리적인가격으로 편하게 입을수 있어서 좋았어요^^
5.0,사이즈도 적당하고 좋아요 추천합니다. 배송도 빨랐어요
4.0,이벤트상품이긴한데 한 개쯤 있어도 나쁘지않은것같아요
5.0,위 아래 모두 쿨탠다드로 맞췄습니다 이번 여름 하나 또 시원하게 얻어가네요
5.0,한여름은 힘들것 같습니다 솔직하기 하지만 가을이랑 초여름은 쌉가능
5.0,오! 사실 잘못주문했는데 너무 괜찮은데요? 요즘 나오는건 까칠까칠한대 이건 부들해요!!  릴렉스핏인거 감안해서 넉넉허게 입으려고 샀어요! 
5.0,편하게 입을려고 샀습니다 구김 안가긴 하는데 생각보다는 더울거 같아요
5.0,무신사는 처음 구매인데 저렴한 가격에 좋은 물건 구매 했네요. 제품 질도 상당히 좋습니다. 
5.0,무신사는 처음 구매인데 저렴한 가격에 좋은 물건 구입했네요. 제품 질도 상당히 좋습니다. 
5.0,딱 좋네요 역시 신사중의 신사 무신사! 대만족합니다 너무너무 시원하잖아
5.0,릴렉스 핏이어서 살짝 넉넉한 느낌입니다. 쿨탠다드라고 엄청 시원한?건 아니에요!
5.0,생각보다 얇진 않아서 좀 더울 수 있겠단 생각이 드네요
5.0,여름이라 쿨탠다드 블레이저 하나 샀습니다 붙는게 싫어서 릴랙스드로 하나 샀어요 일반 레귤러 투엑스랑 비스무레 합니다 허리 라인이 좀 덜들어간 정도? 
5.0,"이 자켓 구매한 후 정말 만족스럽습니다. 디자인이 깔끔하고, 소재도 훌륭해 보였습니다. 입었을 때 핏이 잘 맞아서 편안하고 스타일리시하게 착용할 수 있었습니다. 특히 가볍고 통기성이 좋아서 다양한 계절에 활용할 수 있을 것 같아요. 전반적으로 만족스러운 제품이었습니다."
5.0,맞아요 출근할때 계속입을거같아요  잘입을게요~
5.0,캬 이 가격에 이정도면 걍 색깔별로 쟁여도 됳 정도네요 굿
5.0,기본템으로 대충 휙휙 입고다니려고 샀는데 생각보다 좋네요 굿 디테일은 살짝 아쉬운데 저렴하니 오케이
5.0,무탠다느는 가성비입니다 시원하고 핏 좋습니다 내부 마감이 조금 아쉽긴하나 가격대비 훌륭합니다
5.0,루즈하게 입을라면 오버사이즈의 블레이져나 한사이즈 업 추천
5.0,셋업 말고 프리하게 입을라면 한사이즈 업 기장은 그럭저럭 괜찮음
5.0,창고에서 급하게 빼면서 떨어뜨렸는지 먼지가... 걍 손으로 털고 입습니다. 제품자체는 마음에 듦.
5.0,쿨터치 샀다가 반품하고 구매. 다른 브랜드는 팔이 항상 길었는데 무탠은 딱맞아서 좋음.
5.0,초여름까지 입을 수 있을 정도로 시원한 재질입니다. 기장감은 좋은데 어깨는 조금 크네요..!
5.0,쿨탠다드도 샀습니더 여름에도 입을 수 있겠네요~ 만족해요
4.0,기본으로 입기 좋아요  굿굿 여름ㅈ에 입기엔 더울듯 합니다  
5.0,아주 이쁘고 사이즈도 알맞고 너무 좋네요 자주 입을게요!
5.0,착용감은 부드럽고 좋아요 초여름까지 입을수 있을거 같습니다
5.0,딱 생각햇던 대로네요 팔이 생각보다 얇아서 시원하고 크고 좋슴다
4.0,사이즈 적당하고 여름용으로 입기 좋아요 배송도 빨라요
5.0,"여름용으로 하나 샀는데, 원단도 기본 블레이저보다 약간은 얇아서 훨씬 시원하게 입을수 있을거같아요.! 이가격이 이정도품질 못찾습니다.! 잘입을게요"
5.0,배송 빠르고 여름에 전투용으로 입기 좋은 소재에요
5.0,배송 빠르고 여름에 근무 전투용으로 입기 좋은 소재에요
5.0,이가격에 이정도 재질이면 진짜 만족스러운 거 같아요
5.0,사이즈도 딱 좋고 얇아서 여름에 입기도 좋아 만족합니다
5.0,배송도 빠르고 색감도 아직 맘에들고 특히 가격이 좋았어요ㅎ 다음에 또 사고싶어요ㅎ 두툼하고 맘에듭니다ㅎㅎ
5.0,아주 마음에 듭니다. 편하게 가볍게 입기 좋습니다.
5.0,가볍고 편안하고 시원해서 좋습니다. 자주 입을것 같습니다.
5.0,아주 편하게 잘입을것 같습니다. 옷도 가벼워서 좋아요.
5.0,사이즈는 좀 크게 나왔다고 해서 라지로 샀는데 딱 알맞은 느낌이었고 단정하게 보이네요
5.0,소재시원하고 정핏이라서 좋아요^^ 입어서 스타일 사짐으로 올릴게요
5.0,요즘 계절에도 어울리고 제품도 무난하고 좋아요
5.0,가성비 상당히 좋네요 격식차리기 무난한 아이템입니다
5.0,무난하니 가성비 너무 좋네요 셋업으로 입어도 좋을듯
5.0,무난하니 가성비가 너무 좋네요 격식차리기 좋습니다
5.0,간절기에 안에 반팔티 입고 편하게 걸치기 좋은 자켓!
4.0,두께 얇아서 지금 입기에 시원하니 좋아요 소매가 조금 짧은느낌
5.0,지금 입기에는 딱 좋은 얇은 두께라서 좋네요 기본스타일이에요
5.0,"급하게 필요해서 구매했는데, 지금 입기 좋은 두께에요"
5.0,"가격도 합리적이고. 사이즈나 등등 맘에들었고 이전에 다른 같은 디자인으로 다른색상을 구매했고, 추가 구매 했습니다."
5.0,무탠다드 이름값합니다  이가격에 이정도 퀄리티 나이스
5.0,이 가격에 블레이저를 산다는게 가성비 있구 상품도 좋습니다
4.0,"봄, 가을에 입는 블레이저 보단 얇네요. 그래도 더운 여름엔 어떻게 해도 더울 것 같아요."
5.0,배송도 아주 빠르고 상품도 만족합니다! 번창하세요~
4.0,기본 정장 필요해서 구매했는데 가성비 좋고 좀더 얇았으면 싶은 생각이지만 깔끔한 기본 핏에 쿨탠이라 믿고 입어요~~
5.0,급하게 필요해서 구매했는데 배송 빠르고 제품 좋아요
5.0,좋아요 생각보다 크지않구요 오히려 적당한 사이즈인것같아요
5.0,면접때 입을려고 샀습니다. 딱 맞고 좋습니다 굳굳
3.0,옷이 잘 검수가 안되서 온것 같아요 다음엔 검수 잘해 주세요
3.0,옷이 편하고 핏도 맘에 들지만 오래된 옷같이 선명한 블랙도 아니고 어깨와팔 연결부분에 주름이 져서 아쉽네요.  교환시간이 안되서 그냥 입었어요 
5.0,블레이저 자주 애용해서 좀 더워졋을때 입으려고 삿는데 핏도좋고 이뻐요 다만 쿨인데 두께감이 조금 잇네요
5.0,간지납니다 무탠다드의 심플함속에 기본을지키는 기본
5.0,이가격에 믿을수없는 가성비 무탠다드 최고입니다
5.0,역시 무탠다드 최고입니다 이가격에 믿을수없는 가성비
5.0,처음 무탠 블레이져 사보는데 완전 맞춤이네요 아주 잘 맞아요 가성비를 따라갈수가 없네요
5.0,어깨때문에 한치수 크게 샀는데 오히려 편하고 좋았슴. 시원한 소재로 구김도 걱정없을듯 함
4.0,옷 자체는 깔끔해요. 개인적으로 총장이 좀 길다고 느꼈고 쿨탠다드라 써 있지만 그리 시원하다고는 못 느끼고 오히려 그냥 가을 블레이저 느낌이었습니다!
4.0,쿨탠다드지만 시원하다고 느낄만큼은 아닙니다. 그냥 가을 블레이저 같은 느낌? 
5.0,생각보다 얇지 않아서 올해는 끝이구나 했는데 입어보니 시원해요 요즘 날씨에 걸치고 나가기 좋아요
5.0,평소 외투 입는 사이즈대로 주문하고 다 뜯어서 입었는데 생각보다 딱맞아서 교환은 못하고 다른분한테 입양보내긴했는데 확실히 질 좋고 이뻐요
5.0,딱 기본 여름블레이저네요. 소재가 시원해서 한여름만 아니면 입을 수 있을 것 같아여
5.0,좋아요 무난깔끔의ㅜ대명사 무탠다드 닉값핮니다
5.0,딱 알맞아요. 겨울빼고는 다 입을 수있는 자켓 입니다. 
4.0,색감이좋고 전체적으로 핏한 느낌입니다. 잘입을게요
5.0,좋네요 품질도 좋고 크기도 딱 좋아요 색도 이쁘게 잘빠졌네요
4.0,진짜 무난한 정장 마이 입니다. 두께 얇다고 되어있는데 타 하복 정장대비보통 두께라 생각하시는게 맞을 것 같아요.
3.0,릴렉스라 좀 더 여유로울 줄 알았는데 생각보다 타이트하네요 기장은 여유로운데 가슴하고 어깨쪽이 생각보다 타이트해서 덩치 큰 사람은 입기 조금 애매하네요 
4.0,릴렉스드라 편하고 쿨탠다드라 소재는 좋습니다. 핏은 어중간 애매하다는 다른 후기들 표현이 맞네요 활동성은 좋으나 어깨패드는 애매하게 뜨고 전형적인 기본 애매한 블레이저 입니다.
5.0,날이 더워져서 쿨탠다드로 주문해봤는데 역시는 역시네요. 배송도 빠르고 핏도 생각했던대로 나와서 대만족입니다.
5.0,저녁에 주문했는데 하루만에 배송왔어요. 상품도 생각했던대로 딱 맞고 역시 무탠다드네요.
5.0,믿고가는무탠다드좋아요 재질도편하고 좋네영
5.0,배송도 빠르고 품질도 좋고 역시 무탠다드입니다!
5.0,좋아요 항상 만족하면서 구매합니다 ~ 입기 편해요 !! 
5.0,"배송올때 박스포장이 다 너덜너덜한 상태여서 비왔으면 어쩌나 싶지만, 옷자체는 베이직하고 아주 더울때까지 잘 입을 거같아서 좋아요!"
5.0,쿨텐다드 말고 오리지널도 갖고있는데 확실히 재질이 시원한 재질에 얇습니다. 오리지널과 똑같은 모양이구요 여름맞이로 구매했는데 아주 만족! 
5.0,기본 오리지날과 재질도 확실히 시원한 느낌이고 얇습니다
5.0,재질 시원하고 초여름까지 입기 딱 좋은거같아요!
5.0,시원한 재질에 저렴하게 구매해서 마음에 들어요. 초여름까지 입을수 있을듯해요
5.0,쿨탠다드라 얇아서 늦봄까지 잘 입을 것 같고 기장도 맘에 들어용
4.0,와 가격대비로는 여기가 최고인거같아요 좋네요
5.0,깔끔하고 시원해서 좋습니다. 몸이 상체 발달형에 팔에 두꺼운 편인데 딱 맞고 살짝 여유 있습니다. 겨울에도 여름 블레이저 입고 위에 코트 입는 걸 좋아하는데 사이즈가 딱 좋네요. 기본이라 어디에 입어도 깔끔해서 좋아요. 
4.0,구매할만한 가치가 있는 상품이라고 생각합니다 ㅎㅎ 
5.0,두께감이 약간 있어서 한여름은 좀 힘들거 같네요.  재질도 좋고  암튼 맘에 들어요. 다른 색도 구매 할께뇨 많이 파세요
5.0,수십만원 정장이랑 비교하면 원단 차이가 나긴 하지만 합리적인 가격에 부담 없이 입을만한 좋은 블레이져입니다. 핏도 슬림하지 않은 레귤러 핏이라 불편하지 않고 상체 왜소한 타입이라 걱정했는데 어깨 패드 덕분에 체형 보정 어느 정도 됩니다.
5.0,결혼식 하객으러 갈때 입기 좋을것같아서 구매했는데 더위 많이 타시는 분들 구매하시면 좋을것같아요
5.0,가볍게 입기 좋은 옷입니다. 색감도 제가 생각한대로네요
5.0,디자인 무난하고 이뻐요 무탠다드랑 쿨탠다드 출근복으로 애용해요
4.0,나쁘지않아요 핏은 조금 아쉽지만 세련됐어요 굳
4.0,어깨가 생각보다 각이 져있네요 팔이 딱 떨어지고해거 핏은 나쁘지않아요
5.0,직년에 구매했는데 재구매 합니다 역시 좋습니다.
4.0,무탠 제품은 언제나 잘 쓰고 있습니다. 앞으로도 계속 쓸 예정입니다.
5.0,형 사줬는데..만족하네요. 사이즈폭도 크고 가격대나 품질 등 가성비로는 무탠다드가 최강인듯합니다.
5.0,ㅂ동생이 언니 결혼식에 입을 옷이 필요해서 샀는데 다행히 잘 맞고 괜찮더라구요!!! 퀄리티도 괜찮고 좋았습니다 
5.0," [쿨탠다드]릴렉스드 베이식 블레이저 하의와 세트로 색상은 블랙구매했습니다. 데일리로 잘 입고디닙니다. 착용감이 편하고, 소재는 너무 얇지도 두껍지도않고 적당하지만 힘이 있어요. 디자인 컬러까지 화면과 같아요. 배송은 전날 22시에 주문해서 다음날 받았습니다 만족합니다. "
5.0,"무신사 스탠다드, [쿨탠다드] 릴렉스드 베이식 블레이저 색상은 블랙으로 구매했습니다. 하의까지 세트로! 9월말부터 11월초까지 교복으로 잘 입고디닙니다. 착용감이 편하고, 소재, 디자인 컬러까지 화면과 같아요. 배송은 아시다시피 빠릅니다. 만족해서 다른 상품 추가구매합니다."
5.0,업청 큰느낌은 아니고 길지 않아서 그런듯 좋음 그ㅛ그ㅛ
5.0,좋아요 잘 입고 잇어요 배송도 꼼꼼히고 좋앗어오 굿
5.0,출근복으로 가볍게 정장이 필요했는데 킹무탠다드로 편하게 구입했네요
5.0,여름용으로 샀는디 시원해서 입을만했습니다 추천
5.0,여름에 입기 무리없어요! 한여름은 물론 덥지만요 
5.0,쿨텐다드라 확실히 시원하고 이거 사자마자 품절되서 잘못하면 못살뻔했어요.
5.0,쿨텐다드라 확실히 시원하고 이거 사자마자 품절되서 잘못하면 못살뻔했어요 
5.0,쿨탠다드라 시원하게 입습니다 팔기장 조금 긴편!
5.0,시원하고 너무 만족합니다 배송도 하루만에 왔어요
4.0,이게 쿨텐다드라고 시원하지 않습니다. 그냥 약간 얇은거라 여름용으로 매우 비추 간절기용인 듯
5.0,캐쥬얼하게 입으려했는데 생각보다 드레시합니다.. 어깨부분이 좀 좁아보여서 아쉽지만 가성비는 좋습니다!
5.0,여름에도 블레이저를 입고 싶었는데 쿨탠다드 릴렉스드 베이직 블레이저 여름에도 입을수있게 되었습니다
5.0,생각보다 시원해서 출근할때 잘입고있습니다! 배송도 빨라서 너무 좋아요
5.0,여름철에도 무난하게 입을 수 있는 기본 블레이저입니다
5.0,일반 블레이저보다 얇아서 가을에 입기 좋을거 같아요
3.0,옆에트임은별도로없네요 옆트임 없구 구김잘가네요
4.0,"저는 몸무게 대비 상체보다 하체가 많이 찐 편이고, 상체는 보통 105~110 사이즈 입으면 활동하기 무리 없는 정도입니다. 그런 걸 감안할 때 생각보다 꽤 어깨에서 날갯죽지 쪽이 타이트하고 전체적으로 두꺼운 것 같아요. 감안하시길 바랍니다."
5.0,기본템없으신분들은 무조건 하나 추천 이정도 가격에 이정도 퀄리티 보기 힘듭니다!
5.0,어깨가 커서 미디움 입고 깊엇지만 라지로 시켜서 입었는데 그래도 어깨는 조금 작습니다 그래도 입을 수는 있어요 ㅎ
5.0,무탠다드 답게 좋은 가성비 무난한 재질 어디에 입어도 잘 어울리는 기본 블레이저! 어디에 입던 잘 어울려서 좋습니다:) 세탁후 변형도 없구 배송도빠르네요!
5.0,무난한가격에 입기 좋은 제품 입니다 가성비 최고!!
5.0,가볍게 막 입기 좋을 것 같습니다. 그렇게 시원한 원단은 아니에오. 
5.0,급하게 주문했는데 잘 입었습니다!여름에 입기 딱 좋아요 
5.0,가볍고 시원해서 좋습니다. 별 생각없이 여기저기 툭툭 걸칠 수 있을 것 같아요.
4.0,덩치도 있고 배도 나온 아저씨인데 2XL 딱 맞음. 어깨 크지도 작지도 않고 정말 딱 맞음. 팔 기장 딱 맞음. 참고로 티셔츠 110 입습니다.
5.0,너무 이쁩니다! 이제 가을 다가와서 입으면 딱 좋을꺼같아요!
4.0,걍 무난하고 괜찮은데 생각보다 한여름에 입기에는 좀 덥긴함 아무리 쿨탠다드여도
5.0,사이즈 딱 맞고 너무 딱 안붙어서 불편하지 않더라구요 잘입고 다닙니다~
5.0,릴렉스 테이퍼드 슬랙스랑 셋업 구매  색상차이 없이 잘 어울립니다
5.0,일단 상당히 덩치있는 제게도 잘 맞습니다...보통 어깨부분이 안맞는데! 투엑스긴 하지만요!
5.0,결혼식에 가려고 샀는데 디자인도 깔끔하고 배송도 빨랐어요. 모든 경도사는 이걸로 통일하려구요
5.0,릴렉스 핏이라 무난하구 이뻐요 너무 두껍지 않아서 좋아요
5.0,디자인도 깔끔하고 무엇보다 핏이 마음에 들어용 기장이랑 어깨라인도 제가 원하던 스탈이었습니다 그리고 배송도 빨라서 너무 좋았어요!
5.0,무조건 하나는 갖고 있어야 하는 블레이저. 기본 아이템 입니다.
5.0,무조건 있어야되요. 가을에는 블레이저가 간지 입니다.
5.0,여름에 입기 좋은 소재고 블레이저 처음 사보는데 만족합니다 가을에 청바지에 입어도 예쁠거 같네요
5.0,여름에도 꽤 시원하게 입을 수 있어서 좋고 저렴한티가 안나요
5.0,"사이즈도 잘 맞아 편하고, 핏도 예뻐서 마음에 듭니다:)  여름에도 시원하게 입을 수 있고, 소재도 오염의 걱정이 크지 않아 좋습니다"
5.0,가격 착하고 웬만한데는 다 매치할 수 있어서 좋아요 여름에 입기엔 좀 더울것 같아요
4.0,예쁘고 무난하고 저렴하고 좋습니다 항상 만족합니다 
5.0,배송도 빠르고 입기 정말 좋은거 같아요 ! 매일 입고 다닐게요
5.0,마음에 들어요 여러 벌 구매했어요 깔끔하고 멋스러워요
5.0,사이즈 잘맞고 시원하게 입기 좋을 것 같아요. 배송도 빠르고 포장도 마음에 듭니다.
5.0,사이즈 잘맞고 시원하게 입고 다니기 좋을 것 같아요.
5.0,적당한 가격에 옷도 얇고 편하고 좋네요 가볍고 자주 입을거 같습니다
4.0,그냥 땃 기본이에요 먼지 마이 묻어요. 털면 쉽게 털어져요 그르나 머 그냥 기본 옷이에요 장례식 혹은 중요한자리 괴안아요
4.0,가격은 맘에 안듦 메커 사는게 나은 듯 그냥 완전 무난
5.0,역시 무텐다드. 기본의 정석이네요. 깔끔해서 대만족
4.0,핏자체는 그냥 무난한 블레이저이고 엄청 시원한 편은 아니지만 여름에 아우터로 실내에서 걸치고 다니는 용으로 괜찮습니다.
5.0,아주 얇진 않아요. 봄가을에도 입을수 있을것 같아요. 사이즈 적당합니다.
5.0,세미오버라고 생각하심되구요. 드라이후에도 변형없습니다. 아주 편하고 또 사입을게요
3.0,사이즈는 좀 더 큰걸로 시켰어야 했고 솔직히 작아요 옷 색깔 사진이랑 똑같고 옷 핏도 사진과 같이 나오네요.
5.0,아무리 얇아도 올여름에 입을 수가 없죠. 다만 잘 안 구겨져서 대충 보관해도 꺼낼 잘 펴집니다.
5.0,사진에서은 안보이지만 얇은 재질이라서 여름에 입기에 좋은 것 같습니다(살짝 덥긴하지만 견딜만한 정도..?). 핏이랑은 정말 예뻐요
5.0,사이즈 추천보고 구매했는데 살짝 작은느낌이 있어요. 살짝 오버한 사이즈로 입거 싶었는데.. 한 사이즈 업 추천드려요
5.0,가성비가 좋아요. 얇지만 싼티나는 원단은 아니예요. 무신사는 제값하는거 같아 만족해요.
5.0,여름때 입을려고 구입했는디 쿨탠다드 역시 실망시키지않는군요 정말 시원합니다
5.0,핏 정말 좋습니다 너무 크지도 않고 적당합니다 항상입고 다니는 일을하는데 핏좋다는 소리를 자주듣곤합니다
5.0,검정 와이드 슬랙스를 구매해서 셋업 자켓도 구매했어요. L사이즈하려다가 클거같아 M사이즈 구매했는데 적당히 루즈하게 잘 맞네요. 소매가 살짝 길긴하지만 불편한 정도는 아니에요. 쿨탠다드라서 가볍고 얇은 소재이지만 한여름엔 무리이고 봄가을에도 입을수 있을거 같아요.
5.0,막 엄청 얇지는 않지만 그래도 적당히 입을만해요
5.0,편하고 좋습니다. 색깔 별로 사놓고 잘 착용하고 있네요.
5.0,넉넉하니 편안하게 입을 수 있고 한여름엔 입기는 어렵겠지만 시원하고 좋아오
5.0,일반 베이식은 어깨가 껴서 불편한데 딱 좋네요! 수선할 필요 없어서 너무 만족합니다
5.0,좋은가격에 잘샀어요. 쿨탠다는 바지만 샀는데 블레이저도 예쁘네요
5.0,경조사용으로 가볍게 구매했는데 매우 만족합니다 굳이 비싼 제품 아니어도 충분한 퀄리티로 봐요
5.0,봄 가을에 외투로 걸치기에 아주 좋은거 같아요! 옷도 예쁘고 여자친구도 좋어해요!!
4.0,픽업으로 받았는데 다른건 괜찮은데 소매부분에 상처 있었어요.
5.0,배송 빠르고 얇아서 여름철 캐쥬얼정장 차림으로는 그나마 젤 시원하네요
4.0,가성비 좋아요 사이즈도 좋아요 ㄱ만족합니다 좋아요
4.0,가성비 짱 이에요 전투복으로 좋네요  만족합니다ㅂ
5.0,사이즈도 너무 좋고 어디에나 잘 묻는 색이라 참 좋아요 
5.0,여름 블레이저 찾았었는데 역시 가성비는 무탠다드네요. 딱 제가 원하던 핏과 퀄리티라 매우 만족해요.
5.0,블레이저를 급하게 입을 일이 있어 주문했는데 만족하고 입었습니다. 릴렉스드 블레이저라 기본 보다는 조금 더 여유로운거 같아요!
5.0,경조사 용으로 구매했는데 저렴하게 잘 구매했습니다. 
5.0,적당한 핏인거같습니다. 한사이즈 업해도 괜찮아요
5.0,"쿨소재인데, 바깥에서 보기에는 충분히 일반소재처럼 보이고 싸구려틱하지도 않아서 봄가을에도 착용해도 괜찮아보입니다! 소재가 막 엄청 얇은건 아닌데 몸에닿을때 시원한느낌이에여  많이 릴렉스드한 핏이라 꽤 여유롭습니다."
5.0,여름에 결혼식 있어서 샀는데 사이즈도 괜찮고 이쁘고 시원해요
5.0,살이 마니 쪄서 사이즈로 삿는데 역시나 기장이 기네요
5.0,원단이 얇아서 여름에도 입기에 좋을 것 같아요. 잘 입을께요
3.0,릴렉스핏이라고 하는데 운동한 사람은 조금 딱맞는 느낌
5.0,기본 베이식 블렌저와는 또 다르게 좋네요. 잘 입을 거 같아요
5.0,지인분 행사때문에 구매하였는데 재질도 좋고 만족합니다
5.0,결혼식때입고왔습니다 여름은사실상 힘들고 가을이나 그럴때ㄱㄴ
5.0,딱 제가 원하는 블레이저 였어요 핏도 살아있고  살때 정말 많이 고민했었는데 사길잘했다는 생각이 드네요
5.0,전체적으로 사진과 비슷하고 생각했던 핏이라 마음에 듭니다.
5.0,나름 시원해요. 적당히 포멀챙기면서 편해서 추천임당
5.0,저렴한 가격에 잘 구매했습니다 잘 입고 있습니다
5.0,편하고 좋네요 배송 빨라서 너무 좋았던거 같습니다
5.0,면접볼 때 입을려고 급하게 샀는데 아주 만족합니다 봄가을에 잘 입고다닐 것 같아요
5.0,너무 좋습니다 통풍되는 재질이고 더군다나 사구려 재질도 더더욱 아닙니다 만족스러워요
5.0,"옷 포장이 정말 깔끔하게 잘되어 와서 받았을 때 기분 좋았구요 주름진 부분도 없어서 더 좋았습니다. 여름용인데 봄,가을용이랑 두께차이는 크게 나진 않았지만 이번 결혼식때 아주 유용하게 잘 입었습니다!"
5.0,기존 블레이저나 슬랙스와는 감이 완전히 다르네요! 여름용으로 쿨탠다드 처음 사봤는데 대만족입니다! 사이즈도 기존 것들과 아예 똑같고 여름에 포멀하게 입어야한다면 무신사 쿨탠다드 강력 추천합니다!
5.0,믿고쓰는 무신사 스탠다드 쉐입이 무너지지않으면서 적당히 얇습니다. 솔직히 한여름엔 못입을거같아요. 
5.0,딱 생각하던 사이즈였습니다.  소재가 가벼운 점은 너무 좋았습니다
5.0,생각했던 것보다는 두께감이 조금 있어서 아쉬웠지만 포장도 꼼꼼히해서 보내주시고 옷걸이도 같이 주셨네요~~ 이번에 결혼식장 간다고 구매했는데 빠르게 잘 보내주셔서 감사합니다~~ 배송 받았을때 구김도 하나도 없었어요! 밝은곳에서 찍어서 빛이 비쳐서 그런데 사실 완전 검정입니다
4.0,어깨가 아주 약간 작지만 기장감은 적당해요 좋어요
4.0,왜 릴렉스드인지 모를정도로 사이즈가 애매함. 치수대로 구매했는데 핏이 어정쩡해서 한치수 큰거로 고름. 싼맛에 한철입기에는 좋은 것 같음
4.0,사이즈가 애매한 것 같아요. 치수대로 구매했는데 다른 옷들과는 살짝 핏 등이 애매한듯요 뭐 싼맛에 입는거라 크게 괘이치않은데
5.0, 여름 앞두고 구매했습니다. 가성비 좋은 제품인거 같아요.
5.0,여름 원단이라고 시켰는데 그럼에도 조금 두껍습니다 그렇지만 믿고 입는 무신사 스탠다드!! 어깨각도 잘 떨어지고 캐주얼하게도 입고 경조사 때도 좋습니다!
5.0,뚱뚱한 체형인데 딱 맞게 나와서 저를 살려줬어요
5.0,급한 면접이 있어서 여름용으로 시켰더니 하루만에 오더라구요 ㄷㄷ 전체적으로 광택없이 깔끔합니다.
5.0,급한 면접이 있어서 여름용으로 시켰더니 하루만에 오더라구요 ㄷㄷ 전체적으로 광택없이 깔끔합니다. 
4.0,시원하고 좋은데 엄청 시원하지는 않아서 한여름에는 조금 더울것 같아요 구김도 조금 잘가요
5.0,무텐다드 가성비 엄청납니다 무난하게 데일리로 잘쓰고있어요!
5.0,역시 무탠다드!! 사이즈 약간 오버핏느낌으로 입기 딱 좋았습니다ㅎㅎ 재질도 생각보다 시원했습니다. 결혼식 여름 하객룩으로 코디하기 좋은 아이템입니다ㅎㅎ
5.0,여름용 세미정장스타일로 딱 좋습니다. 땀이 안날수는 없지만 금방 말라요!
5.0,어디든 걸치기 쉬운 옷! 근데 30도 넘어가면 이것도 더워요
5.0,정말 한여름만 아니면 충분히 어디든 걸칠 수 있는 무닌무난 그 자체!
4.0,추천합니다 다양한 색상 출시 다양한 쿨탠다드 출시 기대합니다 여름에 입기 좋아요 가성비 최고예요
5.0,"제가 더위를 많이 타는 편이라 지금 시기에는 못입을 것 같고 봄,가을에는 너무 시원하게 이쁘게 입을 것 같아 잠시 넣어두었습니다! 얇기는 얇은데 제가 더워해서ㅠㅠ 핏이나 옷감, 스타일은 정말 최상급이네요ㅠㅠ 이쁘게 잘입겠습니다 감사합니다!"
5.0,생각보다 시원하진 않지만 가볍게 걸치기 좋습니다
5.0,예뻐요. 꼭 사야하는 필수템. 가성비에.품질까지.두번사세요. 사이즈도 좋구 딱맞게 입어요.
5.0,여름용 블레이저 알아보다 구매하게 됐어요.쿨탠디드 좋네요ㅎㅎ
5.0,스탠다드한 핏과 얇고도 튼튼한 재질이라 추천합니다. 빠르고 좋은 상품 감사드립니다.
5.0,너무 기대했었나 생각보다 두꺼워서 깜짝놀랐어요. 핏은 좋고 맞춤처럼 잘빠졌네요. 한여름외 봄가을 잘 입을거같아요. 
5.0,무더운 여름날 왜 굳이  검은색을 선택하냐며 물으실 땐  대답해주는게 인지상정.  쿨탠다드니까!
5.0,깔끔한 블레이져입니다. 재질이 맘에 들고 배송이 빨라서 좋아여
5.0,단정하기도 하고 편하게도 입을 수 있어 잘 입고 다닐 것 같습니다
3.0,시원한 느낌 없어요...그냥 일반 블레이저 같아요...아쉽네요
5.0,인생 첫 블레이전데 이 정도면 만족함니다 소재도 얇아서 여름에 입기 좋을 것 같습니다 단점을 꼽자면 가격이 좀 비싼 것 같다는 점입니다ㅠ
5.0,급하게 면접 보느라 구매하게됐습니다. 매장 가서 직접 입어보고 구매해서 사이즈 잘 맞게 구매했습니다. 평소에 블레이저를 선호하지 않아서 불편하진 않을까 한 번 입고 안입지 않을까 생각했는데 생각보다 편하고 좋아요. 포멀한 느낌 안좋아하시는 분들도 하나쯤 구비해주시면 요긴하게 입을 수 있을걸 같습니다. 
5.0,살짝 크긴하지만 잘 조금 줄여서 입겠습니다~ 감사합니다~
5.0,아주얇아서 한여름에 제격입니다 가성비최고에요
5.0,역시 무신사는 정말 잘 만드는 것 같아요 무탠다드 짱 쿨탠다드 짱
5.0,여름에 회사 출근용으로 샀는데 소재도 시원하고 맘에 듭니다.
5.0,오버핏은 부담스럽고 베이직은 싫고 딱 중간이네요 ㅎㅎ
5.0,졸업사진 찍을 때 입었는데 시원하고 좋았습니다
5.0,믿고사는 무탠다드 생각보다 아주 많이 만족스럽습니다 가성비 최고
5.0,그레이/블랙 구매 후 그레이 품절이라 블랙 재구매했어요 여름철 출퇴근 교복처럼 입고있습니다. 그레이도 색감 예쁜데 재입고되면 바로 재구매합니다!
5.0,가성비 너무좋고 사이즈 핏감 퀄리티 다 만족합니다
5.0,딱 남친룩의 정석!! 두께감도 한 여름만 아니면 언제든 가능할거 같고 핏도 괜찮아요
5.0,사이즈가 애매하긴 한데 이 가격에 이 품질이면 정말 합리적이라고 생각함
5.0,"쿨텐다드라고해서 한 여름 용 인줄 알고 구매했는데 지금도 입기는 좀 힘들것 같아요 ㅋㅋ ㅜㅜ 남자친구가 더위를 많이 타는 편인데 6월 초에도 반팔에 입기에는 좀 더웠지만, 재질이나 핏감 모두 좋아서 만족했습니다!^^"
5.0,남자친구가 어깨랑 가슴둘레가 좀 있는데도 잘 맞고 편하다고 하네요~  재질이랑 핏도 좋아요 ㅋㅋ 한여름 용이 아니라 좀 아쉬웠지만 다른 컬러도 하나 사고 싶다규 했어요 ㅎㅎ
5.0,시원하고 가볍습니다. 무탠다드는 믿고 구입합니다. 암요~ 
5.0,생각보다 많이 두껍습니다ㅡ 일반 스파 브랜드에서 나오눈 아주 얇아서 다 비치는거 생각하시면 큰일납니드.
5.0,딱딱한 경조사때 살짝 느낌내기 좋아요. 무신사 냄새가 어때서?
3.0,가격이 합리적이고 디자인도 무난하며 배송도 플러스배송이라 빠릅니다. 잘입도록 하겠습니다.
5.0,"가격 생각하면 이만한게 없네요~! 슬랙스, 블레이져는 무난한거 사시려면 무신사스탠다드가 최곤거 같습니다"
5.0,역시 가성비로는 무신사 스탠다드가 최고네요~ 핏감도 좋고 편하게 입을 수 있을꺼 같습니다
5.0,기본 블레이저는 안 입어 봤는데 쿨탠다드 사길 잘했어요 얇아서 초 여름까지 쌉 가능이요
5.0,지금까지 산 상품중에 제일 마음에 드는 상품입니다람쥐
5.0,블레이저 생각보다 질이 좋고 여름용이라 확실히 시원합니다 
5.0,바지랑 깔맞춤으로 샀는데 가격도 적당하고 여름 경조사용으로 딱입니다.
5.0,지금 날씨에 입기 좋아요 잘 입고 다니고 있어요 추천
5.0,가성비 최고입니다. 적당히 툭 걸쳐도 이뻐 보입니다.
5.0,얇기는 얇아요 하지만 한여름에 입기에는 무리가 좀 있어보입니다
5.0,얇기는 한데 생여름은 조금 힘들수도 있을것 같네요
5.0,사이즈 잘 맞고 얇아서 여름에도 입을 수 있어요. 셋업으로 구매하기 좋습니다.
5.0,편안하게 출퇴근용으로 입을 수 있고 얇아서 시원하고 좋아여
5.0,평소 100~105 입는데 딱 좋아요 ㅎㅎ 여름용이라 그나마 덜 덥게 입을 수 있어서 좋아요
5.0,플러스배송은 처음 해보는데 엄청 빠르네요 어깨쪽은 조금 껴요 그거빼면 아주 좋아요
5.0,가볍고 시원합니다 여름에입기 좋네요 만족스럽습니다
5.0,여름에 입기 너무 좋아요 가볍고 시원하네요 만족!
5.0,"우려와 다른게 핏도 딱 떨어져서 아주 좋습니다. 이번주에 결혼식이 있어서 급하게 주문하였는데, 배송도 아주 빠르고 핏도 좋아서 아주 잘 입을 것 같습니다."
5.0,몸좋은신분들은무조건2xl사야함 은근작음
5.0,편하고 잘맞아요 재질도 괜춘하고 가격대비 굿굿
4.0,"소재가 생각보다는 두꺼워서 여름에는 입기 힘들 것 같지만, 봄 가을 코디하기 좋아요."
5.0,출근할때 입기 좋았습니다 배송도 빠르고 좋아요
4.0,출근할때 입기 좋았습니다 배송도 빠르고 좋아요
5.0,잘맞음잘맞음잘맞음잘맞음잘맞음잘맞음잘맞음잘맞음
5.0,"쿨탠다드버전으로 여름 블레이저 처음 구매했습니다. 역시 아주 맘에들구요, 지금 날씨에 입기 딱 좋습니다. 많이파세요"
5.0,사이즈도 딱 맞고 재질도 시원해서 매우만족합니다
5.0,좋아요 고급스럽고 여름에도 입을수있어서 아주좋네요
5.0,좋아요 적당한 두께감 적당한 크기라서 지금입기좋아요
5.0,얇아서 좋고 가슴포켓과 안쪽 포켓모두 마감이 좋아서 유용하게 잘쓰고 있어요 전체적으로 맘에들고 소매부분 마감만 좀 더 신경써주시면 좋을듯합니다 
5.0,하나사고 맘에 들어서 재구매했습니다 얇아서 여름에 입기 조아요
5.0,기본 여름 정장 아이템으로 무난하게 입기 좋습니다.
5.0,입어봤는데 핏이 너무 맘에 드네여 ㅎㅎ 역시 무탠다드네요
4.0,무난하게 입기 좋은 기본 블레이저 아이템입니다.
5.0,여름 정장으로 손색없어요~디자인이 모던심플합니다
5.0,첫 블레이저 구입인데 소재도 시원하고 여름에 잘 입고 다닐 것 같습니다.
5.0,사이드 딱 좋게  나왔네요 이핏으로 유지 할수있음 좋을듯
4.0,두깨가 괘않습니다. 여름에 작업복용으로 딱인거 같습니다.
5.0,시원하고 스판재질이라 너무 편합니다 가성비 너무 좋습니다  편하게 입을수 있어요  싸이즈가 너무 잘맞습니다 
5.0,시원하고 스판재질이라 너무 편합니다 가성비 너무 좋습니다  편하게 입을수 있어요 
5.0,가성비 좋아요 근데 손목에 선같은게 보이는데 이거 개선되면 더 좋을듯요
5.0,슬림핏이 너무 타이트해서 이번 바지 사는김에 셋업으로 구매했습니다 여름에 입기 좋아요!!
5.0,저에겐 팔이 약간 길지만 입었을때 편합니다 쉽게 막입을수 있을것 같습니다 좋아요
5.0,배송도 빠르고 포장도 꼼꼼했습니다. 그런데 박스 상자가 발로 찬 흔적이 있고 테이프도 뜯겨 있었어요. 옷은 이상 없습니다. 무신사 문제가 아니라 택배사 문제겠지만  기분이 좋지 않아서 글이라도 남겨요ㅠ 상품은 좋습니다!!!
5.0,얇아요 아직은 좀 버틸만 한데 여름에는 좀 힘들 수도 있겠네요
5.0,생각보다 사이즈가 너무 딱 맞아서 한사이즈 크게 주문할걸 그랬네요 그래도 핏감 괜찮습니다
5.0,매번 구매하지만 좋아요 핏도 좋고 재질도 좋아요
5.0,가격대비 옷 품질이 좋고 신축성도 있어서 편안합니다
5.0,하나도 안더워요사이즈도 적당하고 여름옷이에요
5.0,배송도 빠르고 어디든지 잘 어울려서 만족스러워요!
5.0,생각보다 너무 크지도 작지도 딱맞는 사이즈라서 좋아써요
5.0,이쁘고 재질이 맘에들엇어요 무엇보다 배송도 빠르고 좋앗네여
5.0,너무 맘에들고 결혼식때 입기 젛아요 시원해요 ㅋㅋ 배송도 빠르고 굿
5.0,블랙은 겉으로 보기에 기존 블레이저랑 차이가 거의없어서 좋아요
5.0,딱 원하는 핏이어서 좋고 여름에 입기도 나쁘진 않아 보여요
5.0,"쿨탠다드 블레이져입니다. 소재를 만져보면 여름용인것이 확실하게 느껴집니다. 까슬까슬하네요. 그렇다고 모시나 삼베같은 거친 촉감은 아닙니다. 두께감 또한 그만큼 얇은것도 아닙니다. 멀리서보면 여름용이라고는 잘 모를것같네요. 완전 겨울이아니고서야 언제든지 입을수있을것같습니다. 품도 넉넉하지만서도 오버사이즈는 아닙니다. 어깨선은 알맞고, 핏이 사각형으로 떨어지는 느낌입니다. 배송도 빠르게 잘 받았습니다. 플러스배송이 좋긴하네요. 다만 배송과정중에 박스가 많이 홰손되었습니다. 이부분만 수정된다면 최고의 브랜드가 되지 싶네요."
5.0,좋습니다! 무신사에서사는옷들은 언제나 믿고 구매합니다
5.0,M사이즈 딱 적절한 폼이고요 한여름은 입기 힘들고 20도 정도까지는 괜찮게 입을듯합니다.
5.0,환절기나 약간 쌀쌀할때 입으면 최고인 아우터 더우면 벗는데 굳이 벗을 필요는 없다 정장 핏이나 캐쥬얼에 대충 맞춰입으면 굳
4.0,생각보다 기장이나 팔길이가 짧아요 옷 자체는 나쁘진않은데 그냥그래요
5.0,제품 아주 좋아요 4계절을 무텐으로만 입고 다녀요 라인 및 편안한 깔끔함 아주 좋아요 ^^
4.0,포장이 다 꾸겨져서 왔지만 상품은 멀쩡해서 다행입니다. 잘 입을게요. 좋아요.
5.0,여름용으로 상당히 얇고 좋네요 다만 한 여름에는 힘듭니다
5.0,정장 보다 댄디한거 찾다가  완전 여름저격러 블레이져 찾았네요 어깨가 있는 편인데 XL는 살짝 끼지만  품이 맞아서 이 사이즈로!! 핫 여름에는 못 입고 나머지 계절에는 입을 거 같아요
5.0,쿨탠다드 원단 블레이저 입니다. 원단이 마이판원사처런 생각보다 냉감이 강하진 않습니다. 한여름에는 어렵다고 봐야 할 것 같습니다.
5.0,형 선물로 구매했는데 사이즈 나쁘지 않고 핏도 좋네요
5.0,일반 블레이저보다 더 얇아서 여름에 무난하게 잘 입을 수 있을 거 같아요
5.0,휘뚜루마뚜루 무난하게 입기 딱 괜찮은것 같아요
4.0,살짝 오버핏 느낌 나게 반팔에 통큰 바지랑 매치하려고 구매했습니다. 기장은 그 느낌이 나는데 어깨가 좀 있다보니 옆으론 오버핏은 아니고 딱 맞는 느낌이네여. 적당한 두께감이라 여름밤에도 충분히 입을만 할거같아여. 
5.0,스판끼가 있어서 입기 편합니다. 사이즈는 정장브랜드 사이즈보단 큽니다. 팔기장이 길어서 수선 약간하면 진짜 베스트네요
4.0,무난한 여름용 블레이저입니다. 다만 여름시즌에는 입기 더울거 같아요
5.0,무난한 여름용 블레이저입니다. 다만 여름시즌에는 입기 더울거 같아요
5.0,급하게 면접을 보러가야 해서 부랴부랴 샀는데 가격대비 만족합니다ㅎㅎ
5.0,급하게 무탠다드 샀는데 진짜 편하고 이쁩니다 다른거 고민할빠엔 진작 살꼴
5.0,한여름은 무리구요 4월말~6월초까지 입기엔 좋읍니다.
5.0,가성비깡패전투용블레이저로이만한게없습니다
5.0,꽤나 훌륭하고 준수한 블레이저입니다 초여름이나 가을에 입어도 서늘하이 괜찮을 것 같네요
5.0,아주 훌륭한 옷이지만 약간 작습니다 초여름 때 입어도 서늘하이 괜찮네요 
5.0,릴렉스드라 편하고 쿨탠다드라 시원함 얇음 여름에 입고다닐거
5.0,가격대비 가성비 최고에요 그렇다고 싼티가 나는것도 아니라서 항상 애용하고 있어요
5.0,전투용으로 입기에 너무 좋아요 텐션도 좋고 특기 안감이 없어서 팔 줄이거나 접기에 좋아요
5.0,사이즈 적당하고 품질도 꼼꼼한아주 만족한 제품입니다
5.0,수선할것없이 루즈하게 딱 떨어집니다 비싼정장 돈주고 살 필요없네요 배송은 12시간도 안되게 도착해서 놀랬습니다
5.0,생각보다 사이즈가 커요 오버사이즈 느낌으로 착용했어요
4.0,쿨탠다드가 확실히 더 얇긴 하지만.. 그렇다고 한여름에 입긴 어려워 보이네요 ㅎㅎ 그래도 만족
5.0,쿨탠다드 제품이라 그런지 시원하고 편해서 여름에 입기 좋아요
5.0,결혼식 가야되서 하나 구매했슴 사이즈 딱 좋이고 어깨도 딱 좋고 굳
5.0,사이즈 여유있게 잘맞고 가격까지.만족합니디 무난합니다
5.0,사이즈 적당합니다. 소매가 약간 길게 느껴질수도있지만  신경쓰일정도는 아닙니다
5.0,교환했는데 먼저 상품을 받아볼 수 있어서 너무 좋았습니다!! 이쁘게잘 입고 결혼식 다녀왔어요~!!!
5.0,정사이즈보다 한치수 큰거 하는걸 추천 드립니다. 옷은 이뻐요
4.0,아주빠른배송과 직접 입어 사이즈가 맞는지 보니 너무너무 내 체형과 일치
5.0,좋습니다 생각보다ㅜ약간 두꺼운 감이 있지만 입고 나가봐야 알거 같네요
5.0,클래식한 블레이저 무탠다드가 핏이 제일 잘 빠지는 것 같습니다
5.0,한 여름에는 빡세겠지만 요즘 같은 날에는 들고 다닐만 한 것 같습니당 퀄리티는 딱 중간값정도?
4.0,무난하게 입기좋은 블레이저라 코디가 쉽고 편합니다 이뻐여
5.0,평소 105 입는데 세미오버핏으로 딱 좋습니다
4.0,다 괜찮은데 어깨가 생각보다는 더 작게 나오네요
5.0,가성비 상품입니다 재질도 좋고 이만한 가성비 없다고 생각합니다
5.0,재질좋아서 가성비 상품이라고 생각합니다 추천
5.0,시원하고 조아요 한여름 아니면 임을듷하네여여
5.0,올여름 정장은 이걸로 정했어요! 약간 넉넉한 핏이 맘에 들어요!! 
5.0,올여름 잘 입을 것 같아요!! 바스락 거리는 원단이 시원해 보이네요!! 
5.0,바스락거리는 재질이 맘에 듭니다. 핏은 역시 좋네요! 
5.0,아주 마음에 쏙 드는 상품으로 어느 누구에게나 잘 어울릴거에요.
5.0,한여름 까진 아니더라도 6월까진 충분히 입을수 있을만한 두께네요 한여름 한겨울 빼곤 무난하게 다입을수 잇을거 같아요! 핏도 매우 만족합니다👍
