Review,Star,Processed_Review
163 기준 여자가 입었을 때 많이 커요 오버핏으로 입으려고 했는데 핏으로 크게 입은 게 아니라 그냥 큰 느낌! 체구 작으신 분들 사실 때 참고하시면 좋을 것 같아요 저는 디자인이랑 색감 재질 모든 면에서 완벽하게 제 취향이라 사이즈 무시하고 입었습니다 .. 아주아주 만족해요 ( ⚯̫ ),5.0,기준 여자가 입었을 때 많이 커요 오버핏으로 입으려고 했는데 핏으로 크게 입은 게 아니라 그냥 큰 느낌 체구 작으신 분들 사실 때 참고하시면 좋을 것 같아 요 저는 디자인이랑 색감 재질 모든 면에서 완벽하게 제 취향이라 사이즈 무시하고 입었습니다 아주 아주 만족해요
배송은 예약배송이라 조금 걸렸지만 얇아서 지금 입기에도 적당하고 핏도 예뻐서 만족스럽습니다! ,5.0,배송은 예약 배송이라 조금 걸렸지만 얇아서 지금 입기에도 적당하고 핏도 예뻐서 만족스럽습니다
옷이 얇고 가볍고 낭낭한 핏이라 편하고 시원해서 손이 자주 가네요,5.0,옷이 얇고 가볍고 한 핏이라 편하고 시원해서 손이 자주 가네요
주머니 짝짝이인 불량 상품 예약배송으로 받았는데  기다린 만큼 바로 입으려고 세탁하고 발견했습니다 애초에 불량인 상품인데 교환환불 안해주겠다네요 쪽팔려서 입지도 못하겠어요 다시는 파르티멘토 안살거 같아요 여러분도 구매하실때 다시 생각해보세요 불량 받아도 환불 못 받으니까요^^,1.0,주머니 이인 불량 상품 예약 배송으로 받았는데 기다린 만큼 바로 입으려고 세탁하고 발견했습니다 애초에 불량인 상품인데 교불 안 해주겠다네요 쪽 팔려서 입지도 못하겠어요 다시는 파르 티멘토 안 살 거 같아 요 여러분도 구매하실 때 다시 생각해보세요 불량 받아도 환불 못 받으니까요
각 잡힌 셔츠가 안 어울리는 편인데 이거는 후들후들한 소재감 덕분인지 잘 어울리더라구요. 단추 풀어서 입으나 잠가서 입으나 핏 다 예쁩니다. 활용도가 엄청 높은 셔츠!!,5.0,각 잡힌 셔츠가 안 어울리는 편인데 이거는 후들 후들한 소재 감 덕분인지 잘 어울리더라구요 단 추 풀어서 입으나 잠가서 입으나 핏 다 예쁩니다 활용도가 엄청 높은 셔츠
왜 안사요???? 얼른 사세요 다들 너무 이뻐요 여름에도 이쁜옷 입어보아요,5.0,왜 안사요 얼른 사 세요 다들 너무 이 뻐요 여름에도 이쁜 옷 입어 보아요
겨울에도 패딩 안에 반팔입고 다니는 열많은인간이라 여름옷이 아주 골ㅊㅣ아팠던 터였다죠 .. 그러던 중 이걸 샀는데 개얇고 나풀나풀한데 후줄그레하진 않고 너무 좋은 겁니다   (여름옷의 숙명 : 시원하면 후줄그레. 단정하면 개더움)  여름옷의 숙명을 드디어 벗어던졌어요.  괜찮은 다른 컬러 있으면 바로 살 겁니다,5.0,겨울에도 패딩 안에 반 팔 입고 다니는 열 많은 인간이라 여름옷이 아주 골아팠던 터였다 죠 그러던 중 이걸 샀는데 개얇고 나 풀나풀한데 후 줄 그레하진 않고 너무 좋은 겁니다 여름옷의 숙명 시원하면 후 줄 그레 단정하면 개더움 여름옷의 숙명을 드디어 벗어던졌어요 괜찮은 다른 컬러 있으면 바로 살 겁니다
원하던 반팔셔츠라 기대하고 구매했는데 딱 원하는 스타일이네요,5.0,원하던 반팔 셔츠라 기대하고 구매했는데 딱 원하는 스타일이네요
약간 까슬한 면이고 두께는 얇아요! 그치만 엄청 시원한 소재까지는 아닌것 같아요! 딱 원하던 핏이어서 맘에 듭니다~,5.0,약간 까슬한 면이 고 두께는 얇아 요 그치만 엄청 시원한 소재까지는 아닌 것 같아 요 딱 원하던 핏이어서 맘에 듭니다
요즘 체크패턴 셔츠 정말 가지고 싶었는데 에구머니나 마침 이렇게 이쁜 제품 발견! 한여름에도 입을수있는 얇기에요 안에 이너 없이 맨살에 입는거 추천추천 막 추천,5.0,요즘 체크 패턴 셔츠 정말 가지고 싶었는데 에 구머니나 마침 이렇게 이쁜 제품 발견 한 여름에도 입을 수 있는 얇기에 요 안에 이너 없이 맨 살에 입는 거 추천 추천 막 추천
"🪄찐 솔직후기🪄  🔢사이즈 : 173/63 = 핏, 기장 완벽 🚚배송 : 예약 배송이어서 기다렸지만 출고되고 빠르게 도착! 👕디자인 : 팔 접고 단추 메는 포인트가 아주 마음에 들고 너무 벙벙하지 않은 핏이라서 만족! 🎨색감 : 화면가 같음! 💵가격 : 가성비가 너무 좋음!(합리적 가격)  🎁마지막 평 : 가격, 디자인, 활용도 생각하면 충분히 좋은 제품이라서 추천! 실밥은 아마 제가 뽑기를 못한거 같은데 그래도 만족!",5.0,찐 솔직 후기 사이즈 핏 기장 완벽 배송 예약 배송이어서 기다렸지만 출고되고 빠르게 도착 디자인 팔 접고 단추 메는 포인트가 아주 마음에 들고 너무 하지 않은 핏이라서 만족 색 감 화면 가 같음 가격 가성비가 너무 좋음 합리적 가격 마지막 평 가격 디자인 활용도 생각하면 충분히 좋은 제품이라서 추천 실밥은 아마 제가 뽑기를 못한 거 같은데 그래도 만족
맨살에 입어도 따갑지 않아서 좋아요 휘뚜루 마뚜루 입을만 합니다,5.0,맨살에 입어도 따갑지 않아서 좋아요 휘뚜루 마 뚜루 입을 만 합니다
체크무늬인데 공대느낌 덜 나서 좋은거같아요 귀엽,4.0,체크무늬인데 공대 느낌 덜 나서 좋은 거 같아요 귀엽
좋아요 생각보다 훨 크게 나온거같긴한데 그래도 입을만해요 짱 편한듯,5.0,좋아요 생각보다 훨 크게 나온 거 같긴 한데 그래도 입을 만해 요 짱 편한 듯
"3만원에 이 정도 퀄리티랑 핏이면 솔직히 가성비라고 생각합니다. 올 여름 시원하게 많이 입고, 내년에 안 질리면 계속 입어야지요 만족합니다.!",5.0,만원에 이 정도 퀄리티랑 핏이면 솔직히 가성비라고 생각합니다 올 여름 시원하게 많이 입고 내년에 안 질리면 계속 입어야지요 만족합니다
오버핏으로 입기 좋아요! 여름 아우터처럼 걸쳐도 예쁘고 와이드핏 팬츠에는 일반 셔츠로 입어주면 귀여워요. 재질이 살에 붙는 재질이 아니라서 시원하고 좋아요!,5.0,오버핏으로 입 기 좋아요 여름 아우터처럼 걸쳐도 예쁘고 와이드 핏 팬츠에는 일반 셔츠로 입어주면 귀여워요 재질이 살에 붙는 재질이 아니라서 시원하고 좋아요
마감은 살짝 아쉽지만 핏이나 소매 디테일이 너무 맘에 듭니다,5.0,마감은 살짝 아 쉽지만 핏이나 소매 디테일이 너무 맘에 듭니다
셔츠 얇고 예뻐요! 여름에 입기 시원해서 좋은 것 ㅐ같아용,5.0,셔츠 얇고 예뻐요 여름에 입 기 시원해서 좋은 것 같아용
항상 좋아하던 브랜드에서 나온 제품이라서 믿고 구매할 수 있었어요 만족하고 다른컬러도 구매하고 싶을 정도로 만족합니다,5.0,항상 좋아하던 브랜드에서 나온 제품이라서 믿고 구매할 수 있었어요 만족하고 다른 컬러도 구매하고 싶을 정도로 만족합니다
"배송이 생각보다 느렸던게 아쉽지만 옷은 휘뚤마뚤템이에요 대신 사람많은곳 가면 마주치기 쉬움,, 하지만 후들거리는게 맘에들어요 여름템으로 잘 입을듯 여자는 뮤조건 젤 작은 사이즈로 사세요 본인 떡대 쩔지만 넉넉해요",5.0,배송이 생각보다 느렸던 게 아쉽지만 옷은 휘뚤마뚤템이에요 대신 사람 많은 곳 가면 마주치기 쉬움 하지만 후들 거리는 게 맘에 들어 요 여름 템으로 잘 입을 듯 여자는 뮤조건 젤 작은 사이즈로 사세요 본인 떡대 쩔지만 해요
단추도 싸구려~색감좋아보여서 선택했는데 확실히 가격이 낮아서 그런가 딘추부터ㅜ바느질까지 싼티가 팍팍나네요,4.0,단추도 싸구려 색감 좋아 보여서 선택했는데 확실히 가격이 낮아서 그런 가 딘 추부터 바느질까지 싼티가 나네요
엄청 시원하고 어디든 잘 어울려서 여름에 잘 입었어여 남성용이라 엄청 클 줄 알았는데 적당히 잘 맞았습니다 !,5.0,엄청 시원하고 어 디든 잘 어울려서 여름에 잘 입었어 여 남성용이라 엄청 클 줄 알았는데 적당히 잘 맞았습니다
링클소재라 가볍고 단독으로도 좋을거 같은데 전 아우터처롬 걸쳐봤구요 체크패턴이 톤앤톤 느낌이라  무난하게 여기저기 매치하기 좋은거 같아요!!,5.0,링클 소재라 가볍고 단독으로도 좋을 거 같은데 전 아우터 처롬 걸쳐봤구요 체크 패턴이 톤앤톤 느낌이라 무난하게 여기저기 매치하기 좋은 거 같아요
내가 원했던 시골 농촌 소년 느낌. 그런데 한 줌의 트렌드를 넣은... 내년 여름에 요기나게 입을 수 있겠어요 어느 바지든 다 잘 어울리는 거 같아요,5.0,내가 원했던 시골 농촌 소년 느낌 그런데 한 줌의 트렌드를 넣은 내년 여름에 요기나 게 입을 수 있겠어요 어느 바지든 다 잘 어울리는 거 같아요
핏은 너무 예뻐요 원단도 시원하고 좋아요 그대신 박음질이 너무 엉성하네요ㅜ벌써 단추구멍이 튿어졌어요 예뻐서 그냥 제가 다시 꼬매서 입고있어요..,4.0,핏은 너무 예뻐요 원단도 시원하고 좋아요 그 대신 박 음질이 너무 엉성 하네요 벌써 단 추구멍이 튿어졌어요 예뻐서 그냥 제가 다시 꼬매서 입고 있어요
전체적으로 기장이 좀 더 길었으면 하는 아쉬움이 있네요,4.0,전체적으로 기장이 좀 더 길었으면 하는 아쉬움이 있네요
완전 모델핏처럼은 안나오지만 소매를 풀어서 입으니 비슷한 느낌이 나네요! 생각했던거보다 얇아서 시원해서 좋고 이 가격에 이정도 핏감이랑 디자인 너무 만족합니다,5.0,완전 모델 핏처럼 은 안 나오지만 소매를 풀어서 입으니 비슷한 느낌이 나네요 생각했던 거보다 얇아서 시원해서 좋고 이 가격에 이 정도 핏감이랑 디자인 너무 만족합니다
원단도 너무 시원하고 핏도 너무 시원해보여서 좋아요 이번여름 편하게 걸치고 나갈 옷 1티어입니다,5.0,원단도 너무 시원하고 핏도 너무 시원해 보여서 좋아요 이번 여름 편하게 걸치고 나갈 옷 티어입니다
배송은 다소 오래 걸렸지만 옷 자체는 가격대비 이뻐요,5.0,배송은 다소 오래 걸렸지만 옷 자체는 가격 대비 이 뻐요
체크무늬 셔츠 비싸지 않은 가격으로 잘 구매한거 같아요 핏도 너무 이쁘고 반팔 롤업을 잡아주는것도 있어서 너무 좋았어요 여름에 시원하게 입을 수 있을거 같아요!,5.0,체크무늬 셔츠 비싸지 않은 가격으로 잘 구매한 거 같아 요 핏도 너무 이 쁘고 반팔 롤업을 잡아주는 것도 있어서 너무 좋았어요 여름에 시원하게 입을 수 있을 거 같아요
후루룩 입기 좋아요 가볍고 소매 옆 단추가 잇어서 롤업이 유지되는 디테일 최고,5.0,후루룩 입기 좋아요 가볍고 소매 옆 단추가 잇어서 롤업이 유지되는 디테일 최고
항상 믿고 구매합니다 배송 빠르고 너무 좋습니다,5.0,항상 믿고 구매합니다 배송 빠르고 너무 좋습니다
얇아서 한여름에도 무조건 가능하고 일단 이쁩니다,5.0,얇아서 한 여름에도 무조건 가능하고 일단 이쁩니다
색감도 무난하고 핏도 좋아요 ㅎ 어떤 바지에 매치해도 잘어울릴거같아요,5.0,색감도 무난하고 핏도 좋아요 어떤 바지에 매치해도 잘 어울릴 거 같아요
원단도 얇고 시원해서 여름에 입기 딱 좋아요! 흰 티에 막 걸쳐주기만 해도 베스트 코디 뚝딱입니다. 추천해요!,5.0,원단도 얇고 시원해서 여름에 입 기 딱 좋아요 흰 티에 막 걸쳐주기만 해도 베스트 코디 뚝딱입니다 추천해요
핏도 넉넉하고 너무 이쁩니다 좋은가격에 좋은 상품이라고 생각합니더! ,5.0,핏도 하고 너무 이쁩니다 좋은 가격에 좋은 상품이라고 생각합니 더
"색감이 진짜 미쳤어요ㅠㅠ 무채색 러버들 완전 취향저격 여름 코디가 한정적이라 포인트 주기 힘든데,, 이 셔츠 하나만으로도 포인트가 돼서 반팔 셔츠 찾고 계신 분들 구매 추천드려요!!",5.0,색감이 진짜 미쳤어요 무채색 러버들 완전 취향 저격 여름 코디가 한정적이라 포인트 주기 힘든데 이 셔츠 하나만으로도 포인트가 돼서 반팔 셔츠 찾고 계신 분들 구매 추천드려요
롤업 하프 셔츠라 핏이 러프하게 잘 나와서 좋은 거 같아요 다만 입었을 때 일부러 각이 잡혀져 있는 건지 밑으로 가면서 배 부분이 넓어져서 튀어나온 거 같이 보여요,3.0,롤업 하프 셔츠라 핏이 러프하게 잘 나와서 좋은 거 같아 요 다만 입었을 때 일부러 각이 잡혀져 있는 건지 밑으로 가면서 배 부분이 넓어져서 튀어나온 거 같이 보여요
배송 빠르고 옷 디자인도 너무 예뻐요 쥬름 디테일도 좋아요!,5.0,배송 빠르고 옷 디자인도 너무 예뻐요 쥬름 디테일도 좋아요
얇은 체크 패턴 셔츠 사고 싶어서 찾아보던 중에 가성비로 괜찮아보여서 재입고까지 오래 기다려 겨우 받았습니다 배송은 많이 느렸지만 옷 자체는 생각보다 핏도 좋고 질감도 좋아요! 초가을까지 열심히 입을 수 있을 것 같습니다~~,5.0,얇은 체크 패턴 셔츠 사고 싶어서 찾아보던 중에 가성비로 괜찮아 보여서 재입고까지 오래 기 다려 겨우 받았습니다 배송은 많이 느렸지만 옷 자체는 생각보다 핏도 좋고 질감도 좋아요 초가을까지 열심히 입을 수 있을 것 같습니다
진짜 얇아서 여름에 너무 시원하게 입었어요 옷이 어두운 색이라 살이 비칠걱정은 없어요 소재도 부드러워서 좋아요,5.0,진짜 얇아서 여름에 너무 시원하게 입었어요 옷이 어두운 색이라 살이 비칠 걱정은 없어요 소재도 부드러워서 좋아요
쭈글거리는 텍스쳐가 맘에들고 포인트가 되는 것 같습니다. 하지만 가격이 가격인지라 몇 번 입으니 보풀이 좀 일어나네요. 그래도 이 가격대에 이런 디자인이면 후회는 안 합니다.,5.0,쭈글거리는 텍스쳐가 맘에 들고 포인트가 되는 것 같습니다 하지만 가격이 가격인지라 몇 번 입으니 보풀이 좀 일어나네요 그래도 이 가격대에 이런 디자인이면 후회는 안 합니다
"제주 여행에서 잘 입었어요! 이런 스타일도 좋아하지만 다른 스타일을 더 좋아해 자주 입지 않는데, 이 옷은 자주 입을 것 같아요 너무 이쁩니다",5.0,제주 여행에서 잘 입었어요 이런 스타일도 좋아하지만 다른 스타일을 더 좋아해 자주 입지 않는데 이 옷은 자주 입을 것 같아 요 너무 이쁩니다
링클가공이랑 색감이랑 맥시한 핏감이랑 다 자연스럽고 빈티지한느낌으로 너무 이뻐요 요즘 느낌  날도 뜨거운데 시원하고 가성비 뒤집니당 ,5.0,링클가공이랑 색감이랑 맥시한 핏감이랑 다 자연스럽고 빈티지한 느낌으로 너무 이 뻐요 요즘 느낌 날도 뜨거운데 시원하고 가성비 뒤집니 당
여름에 입을 가벼운 체크 난방을 고르고 있었는데 합리적인 가격대에 놀란 제품입니다. 오버 핏으로 연출 하고 싶어서 L사이즈로 구매했고 어께 너비는 예쁘게 떨어져서 너무 좋았구요 기장은 생각 보다 짧았지만 적당한 맛이였어요.,5.0,여름에 입을 가벼운 체크 난방을 고르고 있었는데 합리적인 가격대에 놀란 제품입니다 오버 핏으로 연출 하고 싶어서 사이즈로 구매했고 어께 너비는 예쁘게 떨어져서 너무 좋았구요 기장은 생각 보다 짧았지만 적당한 맛이였어요
가성비로 편한 반팔셔츠 입었습니다! 근데 좀 잘 구겨지는 재질,5.0,가성비로 편한 반팔 셔츠 입었습니다 근데 좀 잘 구겨지는 재질
재질이 바람이 잘통하는 재질이라 여름에 입으면 시원합니당 핏도 넓찍하게 나와서 좋네용,5.0,재질이 바람이 잘 통하는 재질이라 여름에 입으면 시 원합니 당 핏도 넓찍하게 나와서 좋네용
재질 : 가벼워요. 주름진 상태에서 계속 유지되서 좋아요 스타일링팁 : 품이랑 길이가 크고 긴 편이라서 저는 넣어입어요 구매한 이유 : 세일해서 가성비 좋아요 착용감 : 입은 듯 입은 듯 해요 무게 : 엄청 가벼워요  추천해요,5.0,재질 가벼워요 주름진 상태에서 계속 유지되서 좋아요 스타일링 팁 품이랑 길이가 크고 긴 편이라서 저는 넣어 입어 요 구매한 이 유 세일해서 가성비 좋아요 착용 감 입은 듯 입은 듯 해요 무게 엄청 가 벼워요 추천해요
파르티멘토 옷이 너무 이쁘기도하고 가격도 너무 착해서 자주 구입하는 편인데 이번에도 실망시키지 않고 좋은제품 만들어주신거 같습니다. 여름에 입기 너무 좋아요.,5.0,파르티 멘토 옷이 너무 이 쁘기도 하고 가격도 너무 착해서 자주 구입하는 편인데 이번에도 실망시키지 않고 좋은 제품 만들어 주신 거 같습니다 여름에 입 기 너무 좋아요
굳굳 가성비 제퓸으로 너무 만족 합니다!! 다들 구매 하십쇼,5.0,가성비 제퓸으로 너무 만족 합니다 다들 구매 하십쇼
 이너티 안입어도 될만큼 재질이 너모나 부드럽고 흐물흐물 거려서 마음에 들어요! 다만 다른 셔츠에 비해서 어깨가 좁아보일 수 있어요! (원래도 좁지만) 두께는 얇고 시원해서 여름에 입기 좋습니다.   ,5.0,이너티 안 입어도 될 만큼 재질이 너모나 부드럽고 흐물 흐물 거려서 마음에 들어 요 다만 다른 셔츠에 비해서 어깨가 좁아 보일 수 있어요 원래도 좁지만 두께는 얇고 시원해서 여름에 입 기 좋습니다
사실 4점을 준 이유는 마감과 부자재인데 뭘 바랄 가격은 아니지만 아쉽긴 합니다 옷 자체는 이쁘네요,4.0,사실 점을 준 이유는 마감과 부자재인데 뭘 바랄 가격은 아니지만 아쉽긴 합니다 옷 자체는 이 쁘네요
패턴도 이쁜데 소매옆에 단추끼우는 포인트가 맛도리네요.. 지금뷰터 여름에까지 시원하게 잘 입어보겠숩니둥,5.0,패턴도 이쁜데 소매 옆에 단추 끼우는 포인트가 맛도 리네요 지금 뷰터 여름에까지 시원하게 잘 입어보겠숩니둥
남편은 팔 기장이 아쉽다고 하는데 저는 예뻐보이더라구용,5.0,남편은 팔 기장이 아쉽다고 하는데 저는 예뻐 보이더라 구용
롤업해서 입으니 완전 반함 ..!! 원래 사이즈를 크게 입는편이라 L 구매했어요 -! 얇고 가벼워서 더운여름에 딱일꺼같네요 강추 !! 너무 마음에 듭니당,5.0,롤업해서 입으니 완전 반함 원래 사이즈를 크게 입는 편이라 구매했어요 얇고 가벼워서 더운 여름에 딱 일꺼 같네요 강 추 너무 마음에 듭니당
핏더사이즈를 보고 구매를 했는데 여름에 편하게 입기 너무 좋을것 같습니다 추천해요,5.0,핏 더 사이즈를 보고 구매를 했는데 여름에 편하게 입 기 너무 좋을 것 같습니다 추천해요
총장이 길거라고 생각했는데 총장은 괜찮고 품이 좀 커서 어벙한 느낌이지만 3만원대에 체크반팔셔츠 입문용으론 괜찮은 것 같아요,4.0,총장이 길 거라고 생각했는데 총장은 괜찮고 품이 좀 커서 어벙한 느낌이지만 만 원대에 체크반 팔 셔츠 입문용으론 괜찮은 것 같아요
가성비로 즐기기 좋은거 같아요 마감이 너무 아쉽네요 부자재도 그렇고 얋아서 여름에도 가능할거 같습니다,3.0,가성비로 즐 좋은 거 같아 요 마감이 너무 아쉽네요 부자재도 그렇고 얋아서 여름에도 가능할 거 같습니다
상품이 생각한거보다 짧아서 당황했지만 제품은 쉬원하고 좋았어요 하지만 바람불면 배꼽이 보일거같은… 사이즈는 오버하게 가는게 좋아보여요,5.0,상품이 생각한 거보다 짧아서 당황했지만 제품은 쉬원하고 좋았어요 하지만 바람 불면 배꼽이 보일 거 같은 사이즈는 오버하게 가는 게 좋아 보여요
가성비 좋은 셔츠 지나가다 동일 옷 여럿 볼 수 있는 단점 제외 큰 단점 없음,5.0,가성비 좋은 셔츠 지나가다 동일 옷 여럿 볼 수 있는 단점 제외 큰 단점 없음
부담스럽지 않은 체크무늬에 가성비로 입기 좋아요,5.0,부담스럽지 않은 체크무늬에 가성비로 입 기 좋아요
단추를 제외한 재질 핏감 모든 부분에 만족합니다! 가격이 워낙 싸서 단추는 어쩔 수 없는 부분인거고 이번 여름 잘 활용 할 거 같아요.,5.0,단추를 제외한 재질 핏감 모든 부분에 만족합니다 가격이 워낙 싸서 단추는 어쩔 수 없는 부분인 거고 이번 여름 잘 활용 할 거 같아요
편하게 입기 좋은 체크셔츠입니다. 여름내내 입고 싶어지네요. 배송만 아쉬웠습니다.,5.0,편하게 입 기 좋은 체크 셔츠입니다 여름 입고 싶어지네요 배송만 아쉬웠습니다
가성비 체크 셔츠로 매우 좋습니다. 솔직히 가성비라는 말이 아쉬울 정도로 타 브랜드와 비교했을 때 품질이 떨어지지도 않고 오히려 더 예쁘다고 생각됩니다. 이런 가격에 이런 퀄리티면 2장 쟁여도 무방!  옷 마감은 전체적으로 준수한 편이었고 오자마자 몇 번 털면 실밥도 다 떨어집니다. 블프 때 구매해서 택이 같이 안온 것은 아쉽지만 상품에 만족해서 괜춘! 여름마다 꺼내서 입을 것 같네요😆😆,5.0,가성비 체크 셔츠로 매우 좋습니다 솔직히 가성비라는 말이 아쉬울 정도로 타 브랜드와 비교했을 때 품질이 떨어도 않고 오히려 더 예쁘다고 생각됩니다 이런 가격에 이런 퀄리티면 장 쟁여도 무방 옷 마감은 전체적으로 준수한 편이었고 오자마자 몇 번 털면 실밥도 다 떨어집니다 블프 때 구매해서 택이 같이 안 온 것은 아쉽지만 상품에 만족해서 괜춘 여름마다 꺼내서  입을 것 같네요
한여름에고 입기 좋은 얇고 시원한 재질입니다. 소매를 접어올릴 때 고정할 수 있는 단추 부분이 조금 낮은 곳에 있었르면 더 좋았을 거 같아요,5.0,한여름에 고 입기 좋은 얇고 시원한 재질입니다 소매를 접어 올릴 때 고정할 수 있는 단추 부분이 조금 낮은 곳에 있었르면 더 좋았을 거 같아요
- 디자인: 빈티지한 체크셔츠를 찾고 있던 중 파르티멘토 체크셔츠를 보고 정말 마음에 들었습니다. 일단 여름에 입기에 충분한 얇은재질에 부드럽고 원단에서 오는 빈티지한 느낌 + 체크가 정말 이쁘게 나와서 올해 여름과 너무 잘 어울립니다. 팔 소매부분에 고정할 수 있는 단추가 있어서 편안하게 소매를 접어서 올릴 수 있어서 편안합니다.  - 품질: 마감이 정말 깔끔하게 잘 되어 있고 재질이 부드러워서 부담없이 입기에 좋습니다.  - 사이즈: 너무 오버핏한 셔츠는 부담스럽고 별로 이뻐보이지 않아서 최근 셔츠를 살 때 신중하게 고르는 편인데 이건 정말 제가 찾던 오버핏이네요. 어느정도 어깨부분에 감기는 느낌으로 핏을 챙겨가면서 허리부분은 적당히 공간이 생기면서 만들어지는 오버핏이라서 정말 자주 입고 바다와 너무 잘 어울리네요.  - 결론: 가격대비 너무 이쁜 셔츠라서 이건 완전 추천드립니다.,5.0,디자인 빈티지한 체크 셔츠를 찾고 있던 중 파르 티멘토 체크 셔츠를 보고 정말 마음에 들었습니다 일단 여름에 입기에 충분한 얇은 재질에 부드럽고 원단에서 오는 빈티지한 느낌 체크가 정말 이쁘게 나와서 올해 여름과 너무 잘 어울립니 다 팔 소매 부분에 고정할 수 있는 단 추가 있어서 편안하게 소매를 접어서 올릴 수 있어서 편안합니다 품질 마감이 정말 깔끔하게 잘 되 어 있고 재질이 부드러워서 부담 없이 입기에 좋습니다 사이즈 너무 오버핏 한 셔츠는 부담스럽고 별로 이 뻐 보이지 않아서 최근 셔츠를 살 때 신 중하게 고르는 편인데 이건 정말 제가 찾던 오버핏이네요 어느 정도 어깨 부분에 감기는 느낌으로 핏을 챙겨가면서 허리 부분은 적당히 공간이 생기면서 만들어지는 오버핏이라서 정말 자주 입고 바다와 너무 잘 어울리네요 결론 가격대 비 너무 이쁜 셔츠라서 이건 완전 추천 드립니다
소재가 얇고 흐물흐물 거려서(?) 빈티지함을 더욱 연출해 줍니다! 177cm 65kg에 M사이즈 피팅해보니 과한 오버핏이 아닌 적당한 오버핏에 적당히 떨어지는 기장감이 나옵니다 소매도 롤업 할 수 있는 단추가 있어서 여러 실루엣 연출할 수 있을 것 같습니다,5.0,소재가 얇고 흐물 흐물 거려서 빈티지함을 더욱 연출해 줍니다 에 사이즈 피팅해 보니 과 한 오버핏이 아닌 적당한 오버핏에 적당히 떨어지는 기장감이 나옵니다 소매도 롤업 할 수 있는 단추가 있어서 여러 실루엣 연출할 수 있을 것 같습니다
소매부분에 접을 수 있는 포인트도 있고 얇아서 여름에 입기 너무 좋아요!! ,5.0,소매 부분에 접을 수 있는 포인트도 있고 얇아서 여름에 입 기 너무 좋아요
아주시원합니다 자연스런 주름이 멋스럽고 오버핏으로 입다가 갑자기 더워진 어제는 소매를 홀업해서 더욱 시원하게 입었어요 요즘 유행하는 버뮤다팬츠에 매치하니 힙한 느낌 입니다!,5.0,아주 시원합니다 자연스런 주름이 멋스럽고 오버핏으로 입 다가 갑자기 더워진 어제는 소매를 홀업해서 더욱 시원하게 입었어요 요즘 유행하는 버뮤다 팬츠에 매치하니 힙한 느낌 입니다
여름에 입기 진짜 좋을 것 같아요 하늘하늘하고 소재도 시원하네요 근데 다만 실밥들이 너무 많이 나와요,5.0,여름에 입 기 진짜 좋을 것 같아 요 하늘하늘하고 소재도 시원하네요 근데 다만 실밥들이 너무 많이 나와요
하늘하늘하고 시원한 원단이라서 너무 편하고 툭걸치고 나갈 때 이 제품만 입는것 같아요 강력 추천합니다.,5.0,하늘하늘하고 시원한 원단이라서 너무 편하고 툭걸치고 나갈 때 이 제품만 입는 것 같아 요 강력 추천합니다
진짜 아무데나 걸쳐입어도 이쁘고 좋을거같아요,5.0,진짜 아무 데나 걸쳐 입어도 이 쁘고 좋을 거 같아요
여름 아이템으로 구매 했는데 이쁜거 같습니다! 데일리로 입기에도 너무 이쁘고 만족스럽네요! 시원 굿굿,5.0,여름 아이템으로 구매 했는데 이쁜 거 같습니다 데일리로 입기에도 너무 이 쁘고 만족스럽네요 시원
파르티멘토 재질 디자인 이런 취지는 좋은데 그냥 조금 더 비싸게 팔고 재질이나 디테일 더 챙기면 좋겠엉,5.0,파르티 멘토 재질 디자인 이런 취지는 좋은데 그냥 조금 더 비싸게 팔고 재질이나 디테일 더 챙기면 좋겠엉
"천이 흐르는 천이라서, 어깨선이 각져있지 않고 흘러내리는 스타일이에요! 여름에 약간 더울것같은 소재고 색은 어두운편이에요! 옷은 엄청 이쁨~~~!!",5.0,천이 흐르는 천이라서 어깨선이 각져 있지 않고 흘러내리는 스타일이에 요 여름에 약간 더울 것 같은 소재 고 색은 어두운 편이에 요 옷은 엄청 이쁨
반팔 셔츠 찾다가 팔 포인트 보고 바로 샀는데 휘뚜루도 좋고 스타일링도 쉬워요 가격도 싸고 배송도 빠름,5.0,반팔 셔츠 찾다가 팔 포인트 보고 바로 샀는데 휘뚜루도 좋고 스타일링도 쉬워요 가격도 싸고 배송도 빠름
가볍고 얇아서 여름에 입기 정말 좋은 제품입니다 롤업해서 입으면 정말 이쁩니다 웬만한 옷에는 다 잘 어울려서 여름에 자주 입을것 같습니다,5.0,가볍고 얇아서 여름에 입 기 정말 좋은 제품입니다 롤업해서 입으면 정말 이쁩니다 웬만한 옷에는 다 잘 어울려서 여름에 자주 입을 것 같습니다
"재질도 부드럽고, 얇아서 여름에 데일리로 걸치고 다니기 좋아요! 그리고 색감도 이뻐서 구매하시는 거 추천드립니다아",5.0,재질도 부드럽고 얇아서 여름에 데일리로 걸치고 다니기 좋아요 그리고 색감도 이 뻐서 구매하시는 거 추천 드립니다아
체크패턴이랑 팔 걷어올리고 단추가 있어서 좋어요 얇아서 여름에 입기 좋은데 등부분이 맨살에 입기 조금 까칠함요,5.0,체크 패턴이랑 팔 걷어올리고 단추가 있어서 좋어요 얇아서 여름에 입 기 좋은데 등 부분이 맨 살에 입 기 조금 까칠함요
여름에 입기 너무 좋은거같아요 두껍지도 않고 시원해서 굳굳,5.0,여름에 입 기 너무 좋은 거 같아요 두껍지도 않고 시원해서
가격대비 만족도가 높은 아이템입니다 오픈해서 입어도 좋고 잠궈서 연출해도 좋아요!,5.0,가격 대비 만족도가 높은 아이템입니다 오픈해서 입어도 좋고 잠궈서 연출해도 좋아요
요즘 유행하는 체크셔츠 가성비로 즐기기 좋습니다 자세히보면 마감들이 좀 아쉽긴 하지만 이 가격에 이런 무드..? 말도 안된다고 생각합니다.. 진짜 강추합니다...🔥💪🏻,5.0,요즘 유행하는 체크 셔츠 가성비로 즐 좋습니다 자세히 보면 마감들이 좀 아쉽긴 하지만 이 가격에 이런 무드 말도 안 된다고 생각합니다 진짜 강추합니다
배송이 늦어지긴 했지만 얇아서 여름에 딱 입기 좋아요 색상도 이쁘구요,4.0,배송이 늦어지긴 했지만 얇아서 여름에 딱 입기 좋아요 색상도 이쁘구요
재질도 맘에들고 디자인이 예뻐요 구김도 안가고 꽤 시원해서 마음에 듭니다 박시한 편이에요!,5.0,재질도 맘에 들고 디자인이 예뻐요 구김도 안 가고 꽤 시원해서 마음에 듭니다 박시한 편이에요
이뻐요~ 품은 확실히 커요 덩치 커도 작아도 모두 입을수는 있을 것 같아요 사이즈도 xl보다 더 크고 전체적으로 사이즈는 큰데 이쁘게 품이 커요~ 근데 회색이라서 사진보는 것보다 보라색은 아니에요~ 참고하세요~,5.0,이 뻐요 품은 확실히 커요 덩치 커도 작아도 모두 입을 수는 있을 것 같아 요 사이즈도 보다 더 크고 전체적으로 사이즈는 큰데 이쁘게 품이 커요 근데 회색이라서 사진보는 것보다 보라색은 아니에 요 참고하세요
엄청 얇고 핏이 예쁩니다! 올 여름 최애 아이템이에요 ㅋㅋ   더위 진짜 많이 타는 편인데 아주 얆아서 자주 입게 되네요!  강추!,5.0,엄청 얇고 핏이 예쁩니다 올 여름 최애 아이템이에요 더위 진짜 많이 타는 편인데 아주 얆아서 자주 입게 되네요 강추
크게 기대 안했는데 원단 질감이나 핏이 참 예쁘네여 물론 보풀은 바로 올라오고 부자재 퀄리티도 아쉽지만 가격생각하면 그저.. 감사링입니다,5.0,크게 기대 안 했는데 원단 질감이나 핏이 참 예쁘네 여 물론 보풀은 바로 올라오고 부자재 퀄리티도 아쉽지만 가격 생각하면 그저 감사링입니다
가볍고 사이즈 적당히 오버해서 여름 셔츠로 딱이네요~ 린넨처럼 가벼운 느낌인데 포켓 두개가 체형 보완 잘해주고 색감이 어두워서 포켓이 튀지 않는게 너무 좋네요~ 출근할 때 손이 자주가고 놀러갈 때는 리조트룩 느낌도 낼 수 있어서 이 가격이면 무조건 추천드려요~ 하늘거리는데 어깨는 또 핏하게 잘 잡아줘요~ 최고~!!,5.0,가볍고 사이즈 적당히 오버해서 여름 셔츠로 딱이네요 린넨처럼 가벼운 느낌인데 포켓 두 개가 체형 보완 잘해주고 색감이 어두워서 포켓이 튀지 않는 게 너무 좋네요 출근할 때 손이 자주가 고 놀러 갈 때는 리조트 룩 느낌도 낼 수 있어서 이 가격이면 무조건 추천 드려 요 하늘거리는 데 어깨는 또 핏하게 잘 잡아줘요 최고
얇아서 여름에 입기 좋은 재질이에요 팔 접어 입어야 덜 ㅉㄸ같은점 참고 ,5.0,얇아서 여름에 입 기 좋은 재질이에 요 팔 접어 입어야 덜 같은 점 참고
얼마 전부터 체크셔츠 하나 장만하고 싶었는데 다들 가성비가 최악이라 고민만 하던 중에 파르티멘토 셔츠를 보고 바로 질러버렸습니다! 어깨는 부각되고 키작남에게 잘 맞는 기장감 그리고 롤업 디테일까지 너무 맘에 들어요ㅠㅠ 배송이 조금 늦었지만 입고나서 화가 풀렸습니다!!!!! 두께는 얇은데 몸에 달라붙지 않을 재질이구요 비침 전혀 없고 여름 바캉스에 최적화 되어있습니다! 키 173이 M입으면 딱입니당,5.0,얼마 전부터 체크 셔츠 하나 장만 하고 싶었는데 다들 가성비가 최악이라 고민만 하던 중에 파르 티멘토 셔츠를 보고 바로 질러 버렸습니다 어깨는 부각되고 키 작남에게 잘 맞는 기장감 그리고 롤업 디테일까지 너무 맘에 들어 요 배송이 조금 늦었지만 입고 나서 화가 풀렸습니다 두께는 얇은 데 몸에 달라붙지 않을 재질이구요 비침 전혀 없고 여름 바캉스에 최적화 되어 있습니다  키 이 입으면 딱입니당
편하고 시원해서 좋아요. 사이즈 고민하다가 m으로 선택했습니다. 배송 빨랐어요,5.0,편하고 시원해서 좋아요 사이즈 고민하다가 으로 선택했습니다 배송 빨랐어요
"3만원에 이 정도 퀄리티랑 핏이면 솔직히 가성비라고 생각합니다. 올 여름 많이 입고, 내년에 안 질리면 계속 입어야지요 만족합니다.!",5.0,만원에 이 정도 퀄리티랑 핏이면 솔직히 가성비라고 생각합니다 올 여름 많이 입고 내년에 안 질리면 계속 입어야지요 만족합니다
얇긴하지만 안에 아무것도 안입고 그냥 입어도 괜찮아요! 이쁘게 꾸미고 미츠하 만나러 갔습니다. 드디어 만났네요,5.0,얇긴 하지만 안에 아 무것도 안 입고 그냥 입어도 괜찮아요 이쁘게 꾸미고 미츠 하 만나러 갔습니다 드디어 만났네요
두께감이 얇아서 여름에 입기 좋고 오버핏이라서 편하게 입기 좋아요,5.0,두께감이 얇아서 여름에 입 기 좋고 오버핏이라서 편하게 입 기 좋아요
너므너무 맘에 들어요  바람 잘 통하는 재질이고 핏도 예쁘게 떨어져요…🎶,5.0,너므 너무 맘에 들어 요 바람 잘 통하는 재질이 고 핏도 예쁘게 떨어져요
얇아서 시원하게 잘입고있는데 단추구멍 봉제가 약한지 몇번 넣었다뺏다하니까 터져서 좀 그렇네요... ,4.0,얇아서 시원하게 잘 입고 있는데 단 추 구멍 봉제가 약한 지 몇 번 넣었다 뺏다 하니까 터져서 좀 그렇네요
시원한 원단이라 몸에 감기지 않고  가볍게 걸치기 좋습니다. 단품만 입기에도 좋고  체크 문양이나 색상이 무난해 어떤 옷에도 코디하기 쉬워요.,5.0,시원한 원단이라 몸에 감기지 않고 가볍게 걸치기 좋습니다 단품만 입기에도 좋고 체크 문양이나 색상이 무난해 어떤 옷에도 코디하기 쉬워요
냐ㅑ 너무 좋아요~.~ 완전 힙함@@ 생각보다 엄청 크진 않고 딱 오버핏이에요! 안에 나시 입으면 공대생처럼 안보일 수 있어요 ㅎㅎ 두께도 얇아서 여름에 입기 좋을 것 같습니당,5.0,냐 너무 좋아요 완전 힙함 생각보다 엄청 크진 않고 딱 오버핏이에 요 안에 나 시 입으면 공대생처럼 안 보일 수 있어요 두께도 얇아서 여름에 입 기 좋을 것 같습니당
후들후들 완전 예뻐요 여기저기 잘 걸치고 다닐거같아요 근데 이거 입고 다니면 똑같은 옷입은 사람 3명 이상 만나요 모르는 사람과 커플룩 삽가능,5.0,후들 후들 완전 예뻐요 여기저기 잘 걸치고 다닐 거 같아 요 근데 이 거 입고 다니면 똑같은 옷 입은 사람 명 이상 만나요 모르는 사람과 커플룩 삽 가능
얇아서 여름에입기 좋고 핏도 이쁘고 팔뚝 단추테일 좋음,5.0,얇아서 여름에 입기 좋고 핏도 이 쁘고 팔뚝 단추 테일 좋음
"시어서커 비슷한 여름느낌 재질의 셔츠를 찾다가 평소 좋아하던 파르티멘토에서 마침 알맞은 셔츠를 발견했습니다!  반팔 셔츠인데 롤업해서 이쁘게 연출 가능하고, 얇지만 탄탄한 원단으로 여름에 시원하게 입고 다닐 수 있을 것 같습니다! 색감도 이쁘게 잘 빠졌네요 !",5.0,시어서커 비슷한 여름 느낌 재질의 셔츠를 찾다가 평소 좋아하던 파르 티멘토에서 마침 알맞은 셔츠를 발견했습니다 반팔 셔츠인데 롤업해서 이쁘게 연출 가능하고 얇지만 한 원단으로 여름에 시원하게 입고 다닐 수 있을 것 같습니다 색감도 이 쁘게 잘 빠졌네요
좀 크긴 한데 이뻐서 좋아요!! 입으면 힙걸이 될 수 있습니다,4.0,좀 크긴 한데 이 뻐서 좋아요 입으면 힙걸이 될 수 있습니다
재질 좋고 디자인 훌륭하고 큼직하니 여름에 시원하게 입을 수 있겠어요. 굿,4.0,재질 좋고 디자인 훌륭하고 큼직하니 여름에 시원하게 입을 수 있겠어요 굿
사이즈 무지막지하게 클 줄 알았는데 일반적인 오버사이즈 제품 정도예요. 착용감 상당히 편합니다 입은듯 안 입은듯 통풍도 잘 되고 엄청 가벼워요. 툭 걸쳐도 디테일 덕분에 꾸민 느낌이 조금 납니다. 다만 롤업시 멸치력이 부각돼요,5.0,사이즈 무지막지하게 클 줄 알았는데 일반적인 오버사이즈 제품 정도예요 착용 감 상당히 편합니다 입은 듯 안 입은 듯 통풍도 잘 되고 엄청 가 벼워요 툭 걸쳐도 디테일 덕분에 꾸민 느낌이 조금 납니다 다 만 롤업 시 멸치력이 부각돼요
"여름에 교복템으로 입고 다녔어요. 그냥 다 어울려요. 여름에 찰떡임. 부담 없는 적당한 체크 패턴에 컬러도 약간 쿨그레이라 블랙이나 베이지, 브라운 다 어울리고 바지 치마 다 어울려요. 가격 대비 재질이 나쁘지 않아서 오래 입기도 좋고 빨래해도 줄어들지 않았어요. ",5.0,여름에 교복템으로 입고 다녔어요 그냥 다 어울려 요 여름에 찰떡 임 부담 없는 적당한 체크 패턴에 컬러도 약간 쿨 그레이라 블랙이나 베이지 브라운 다 어울리고 바지 치마 다 어울려 요 가격 대비 재질이 나쁘지 않아서 오래 입기도 좋고 빨래해도 줄어들지 않았어요
진짜 너무 귀여워요! 완전 시골소녀 된 기분… 팔은 접어서 입는 게 제일 귀엽고 핏도 예쁜 거 같아요,5.0,진짜 너무 귀여워요 완전 시골 소녀 된 기분 팔은 접어서 입는 게 제일 귀엽고 핏도 예쁜 거 같아요
너무 이쁜데 가격도 착하고 만족스럽니다! 재질도 너무 부드러워요!,5.0,너무 이쁜데 가격도 착하고 만족스럽니 다 재질도 너무 부드러워요
완전 빈티지한맛 좋고 이쁘고 손도 많이가서 좋네요 ㅎㅎ,5.0,완전 빈티지한 맛 좋고 이 쁘고 손도 많이 가서 좋네요
넘 예버요 두께가 딱 적당해사 봄~여름~가을 다 가능할듯,5.0,넘 예버 요 두께가 딱 적당해 사 봄 여름 가을 다 가능할 듯
일단 재질이 너무 시원하구요! 디자인 또한 체크셔츠가 트랜드인 요즘 메타에 적당하게 이쁜 것 같아요!,5.0,일단 재질이 너무 시원하구요 디자인 또한 체크 셔츠가 트랜드인 요즘 메타에 적당하게 이쁜 것 같아요
확실히 얇아서 여름에 입기 좋구요 가성비 갑이네요 마감은 너무 별로입니다,5.0,확실히 얇아서 여름에 입 기 좋구요 가성비 갑이네요 마감은 너무 별로입니다
얇아서 지금 계절감에 딱 어울려서 마음에 드는 아이템이에요 휘뚜루마뚜루 입고다니기 좋고 색도 좋네요,5.0,얇아서 지금 계절감에 딱 어울려서 마음에 드는 아이템이에요 휘뚜루마 뚜루 입고 다니기 좋고 색도 좋네요
진짜 너무너무너무 이쁩니다.강추입니다.꼭사세요,5.0,진짜 너무너무너무 이쁩니다 강추입니다 꼭 사세요
핏이 좋어유 운동허는 사람들 은은하게 티내기 좋습니다,5.0,핏이 좋어 유 운동허는 사람들 하게 티 내기 좋습니다
무게도 가볍고 얇아서 지금 입기 딱 좋은 옷인거같아요! 저는 롤업을 많이 한거보단 한단 정도 롤업한게 이쁘더라구요! 사이즈가 넉넉하지만 총장이 조금만 더 길었으면 좋을거같아요!,5.0,무게도 가볍고 얇아서 지금 입 기 딱 좋은 옷인 거 같아 요 저는 롤업을 많이 한 거보단 한 단 정도 롤업한 게 이 쁘더라구요 사이즈가 하지만 총장이 조금만 더 길었으면 좋을 거 같아요
너무 좋은 옷이네요 잘 입겠습니다 감사합니다 좋아요,5.0,너무 좋은 옷이네요 잘 입겠습니다 감사합니다 좋아요
여행갈때 입으려고 샀는데 단추 마감이 별로라서 실망했습니다. 디자인 자체는 정말 예뻐요. 이런 마감부분만 개선되면 재구매 의향있습니다.,2.0,여행 갈 때 입으려고 샀는데 단추 마감이 별로라서 실망했습니다 디자인 자체는 정말 예뻐요 이런 마감 부분만 개선되면 재구매 의 향 있습니다
"깔깔한 소재라 여름에 통풍 잘될것같고 아주 얇은 셔츠라 딱좋네요 다만 싸이즈감이 많이커요 ㅎ , 정싸이즈 기준 105에서 110입는데도 많이 오버핏입니다 ㅎ 한치수 작게 가셔도 될것같아요 ",5.0,한 소재라 여름에 통풍 잘 될 것 같고 아주 얇은 셔츠라 딱 좋네요 다만 싸이즈감이 많이 커요 정싸이즈 기준 에서 입는데도 많이 오버핏입니다 한 치수 작게 가셔도 될 것 같아요
이뻐요 반바지중에 갑!! 매일 데일리룩으로입어요히히,5.0,이 뻐요 반바지 중에 갑 매일 데일리룩으로 입어요
고민하다가 리뷰 믿고 샀는데 진짜 다들 웨 않 사?? 꼭 사세요 아주그냥 기가 막히니께... 단추 다 잠궈도 예쁘고 풀어도 예쁘고 걍 예뻐요...🫶,5.0,고민하다가 리뷰 믿고 샀는데 진짜 다들 웨 않 사 꼭 사세요 아주 그냥 기가 막히니께 단추 다 잠궈도 예쁘고 풀어도 예쁘고 걍 예뻐요
빈티지 느낌 나면서 가볍고 사이즈고 아주 적당해요!  넘 이쁘네용 청바지로 코디했지만 슬랙스에도 잘 어울릴거 같아용 ,5.0,빈티지 느낌 나면서 가볍고 사이즈 고 아주 적당해요 넘 이 쁘네용 청바지로 코디했지만 슬랙스에도 잘 어 울릴 거 같아 용
옷이 너무 이쁩니다!! 지금 더운날에서 시원하게 입을 수 있어요,5.0,옷이 너무 이쁩니다 지금 더운 날에서 시원하게 입을 수 있어요
옷 예뻐요 !! 길에서 같은 옷을 몇번 마주치긴했지만.. 옷 자체는 너무 예뻐요! 많이 입는데는 이유가 있긴한가보다 싶었어요. 여름 셔츠라 소재가 까칠까칠할까 걱정도 했는데 오히려 부드럽다고 느낄정도로 촉감이 좋았어요. 전체적인 마감도 깔끔했어요. 하지만 옷 안쪽 택에 볼펜으로 12라고 적혀있던데 당장 입고싶어서 못본척했습니다..ㅎ 12번째 무언가에 당첨됐다고 생각할게요🍀,5.0,옷 예뻐요 길에서 같은 옷을 몇 번 마주치긴 했지만 옷 자체는 너무 예뻐요 많이 입는 데는 이유가 있긴 한가보다 싶었어요 여름 셔츠라 소재가 까칠까칠할까 걱정도 했는데 오히려 부드럽다고 느낄 정도로 촉감이 좋았어요 전체적인 마감도 깔끔했어요 하지만 옷 안쪽 택에 볼펜으로 라고 적혀 있던데 당장 입고 싶어서 못 본척했습니다 번째 무언가에 당첨됐다고 생각할게요
가격 저렴하고 이쁜 체크남방이에요 소매 롤업하면 트렌디 해보여요 색감도 이쁘고 체크도 부담 없어서 이쁘네요 기장이 살짝 짧은 느낌이라 업사이즈 추천,5.0,가격 저렴하고 이 쁜 체크 남방이에 요 소매 롤업하면 트렌디 해 보여요 색감도 이 쁘고 체크도 부담 없어서 이쁘네요 기장이 살짝 짧은 느낌이라 업 사이즈 추천
얇고 시원해서 가볍게 입기 좋은 셔츠에요. 이너 입고 입어도 좋고 없이 단품으로 입어도 좋을거 같아요. 케쥬얼하고 스트릿한 여러 바지들이랑 잘 어울리겠어요,5.0,얇고 시원해서 가볍게 입 기 좋은 셔츠에 요 이너 입고 입어도 좋고 없이 단품으로 입어도 좋을 거 같아 요 케쥬얼하고 스트릿 한 여러 바지들이랑 잘 어울리겠어요
남자 옷이라서 그런지 크긴 하지만 박시한 스타일 좋아하시는 분이시면 추천드려요~ 두께는 얇아서 여름에 입기에 딱이고 아무렇게나 막 걸쳐 입어도 다 잘 어울립니다! 셔츠를 원래도 좋아하지만 이렇게 맘에 쏙 드는 아이템 발견하면 기분이가 좋아 안 좋아?!!,5.0,남자 옷이라서 그런지 크긴 하지만 박시한 스타일 좋아하시는 분이시면 추천 드려요 두께는 얇아서 여름에 입기에 딱이 고 아무렇게나 막 걸쳐 입어도 다 잘 어울립니 다 셔츠를 원래도 좋아하지만 이렇게 맘에 쏙 드는 아이템 발견하면 기분이 가 좋아 안 좋아
그냥 무난합니다 팔이 길어서 바짝 접어야 이쁘겠네요,4.0,그냥 무난합니다 팔이 길어서 바짝 접어야 이 쁘겠네요
옷이 예뻐요 얇아서 좋아요 핏이 예뻐요 색이 예뻐요,5.0,옷이 예뻐요 얇아서 좋아요 핏이 예뻐요 색이 예뻐요
일단 한여름에 입기 너무 좋은 옷이고 색감도 차콜을 좋아하는데 딱이더라구요 다른 색상도 있던데 다른색상도 엄청 괜찮아 보였고 질감이 부드럽습니다 꺼끌거림 없이 엄청 부드러워요 불편함 없이 입으실 수 있습니다 그리고 소매를 걷었을때 단추로 포인트 캬 쵝오,5.0,일단 한 여름에 입 기 너무 좋은 옷이고 색감도 차콜을 좋아하는데 딱이더라구요 다른 색상도 있던데 다른 색상도 엄청 괜찮아 보였고 질감이 부드럽습니다 꺼끌거림 없이 엄청 부드러워요 불편함 없이 입으실 수 있습니다 그리고 소매를 걷었을 때 단추로 포인트 캬 쵝오
"세일해서 3만원 초반으로 구매했습니다. 한사이즈 크게 살걸 약간 아쉽지만 요즘 트렌드 흐름이 사이즈를 줄이는 느낌이라 그냥 입기로 했습니다. 이너로 나시 하나 입고 위에 입어도 좋지만, 단품으로 입어도 아주 시원하네요. 매우 추천합니다",5.0,세일해서 만 원 초반으로 구매했습니다 한 사이즈 크게 살 걸 약간 아쉽지만 요즘 트렌드 흐름이 사이즈를 줄이는 느낌이라 그냥 입기로 했습니다 이너로 나 시 하나 입고 위에 입어도 좋지만 단품으로 입어도 아주 시원하네요 매우 추천합니다
재질이 흐물거려서 옆에 단 두 번 접고 단추 고정해도 시간 지나면 불독 볼살처럼 요상하게 흘러내리긴 하는데요 감안하고 입을 정도로 예뿝니다,5.0,재질이 흐물거려서 옆에 단 두 번 접고 단추 고정해도 시간 지나면 불독 볼살처럼 요상하게 흘러내리 긴 하는데요 감 안하고 입을 정도로 예뿝니다
"디자인과 핏이 트렌디해서 구매하긴 했는데, 다른 많은 후기들과 같이 퀄리티는 기대하시면 안될 수준입니다 봉제, 원단은 물론이고 기본적인 실밥처리와 같은 마감상태도 상당히 아쉽네요 그래도 빈티지함 자체가 컨셉이 옷이다보니 어느 정도 상쇄는 되어서 한두철 트렌드 맛보기엔 괜찮을듯 합니다",4.0,디자인과 핏이 트렌디해서 구매하긴 했는데 다른 많은 후기들과 같이 퀄리티는 기대하시면 안 될 수준입니다 봉제 원단은 물론이고 기본적인 실밥 처리와 같은 마감 상태도 상당히 아쉽네요 그래도 빈티지함 자체가 컨셉이 옷이다 보니 어느 정도 상쇄는 되어서 한두 철 트렌드 맛보기엔 괜찮을 듯 합니다
"최근에 구매한 셔츠 중에 제일 마음에 들어요! 색감도 너무 취저고, 소매에 단추가 있어 쉽게 롤업 연출이 가능합니다. 평소 상의 M입는데 M사이즈가 품절이라 한사이즈 업해서 L사이즈로 구매했는데 딱 예쁜 오버핏으로 떨어지네요. 그리고 무엇보다 엄청 얇아서 한여름에도 시원하게 입을 수 있을 거 같습니다!",5.0,최근에 구매한 셔츠 중에 제일 마음에 들어 요 색감도 너무 취 저고 소매에 단추가 있어 쉽게 롤업 연출이 가능합니다 평소 상의 입는데 사이즈가 품절이라 한 사이즈 업해서 사이즈로 구매했는데 딱 예쁜 오버핏으로 떨어지네요 그리고 무엇보다 엄청 얇아서 한 여름에도 시원하게 입을 수 있을 거 같습니다
처음받고 정말 생각이상 이쁘고 시원해서 여름에 입기 좋았습니다! 팔도 접을 수 있는 디테일도 좋았구요 하나 아쉬운점은 마감이 아쉬운거 같아요 단추구멍이 잘 찢어져요..ㅜㅜ,3.0,처음 받고 정말 생각 이상 이 쁘고 시원해서 여름에 입 기 좋았습니다 팔도 접을 수 있는 디테일도 좋았구요 하나 아쉬운 점은 마감이 아쉬운 거 같아 요 단 추구멍이 잘 찢어져요
예쁘고 편합니다 생각보다 목이 더 파여있긴합니다만,5.0,예쁘고 편합니다 생각보다 목이 더 파여 있긴 합니다만
생각보다 딱 맞아서 다시 사면 L로 살 거 같아요 옷이 귀엽게 생겼어요,5.0,생각보다 딱 맞아서 다시 사면 로 살 거 같아 요 옷이 귀엽게 생겼어요
이건 진짜 여름개꿀 아이템 디자인 디테일 퀄리티 너무 좋고 시원해서 좋아요,5.0,이건 진짜 여름 개꿀 아이템 디자인 디테일 퀄리티 너무 좋고 시원해서 좋아요
롤업반팔셔츠 첨사보는데 넘좋아요 넘 얇아서 한여름도 삽가능 할거같고 힙하네요 잘입을게요,5.0,롤업 반팔 셔츠 첨사보는데 넘 좋아요 넘 얇아서 한 여름도 삽 가능 할 거 같고 힙하네요 잘 입을 게요
동남아 가서 착용하려고 구매했습니다 아주 예뻐요,5.0,동남아 가서 착용하려고 구매했습니다 아주 예뻐요
여름에 산건데 가성비 좋아여 반팔셔츠 중에 젤 맘에 들었어요,5.0,여름에 산 건데 가성비 좋아 여 반팔 셔츠 중에 젤 맘에 들었어요
너무 예뻐서 만족스럽습니다. 블프로 저렴한 가격에 얻어서 좋아요 포장상태 훌륭해요,5.0,너무 예뻐서 만족스럽습니다 블 프로 저렴한 가격에 얻어서 좋아요 포장 상태 훌륭해요
핏이나 질감 다이뻐요 여름에 잘입었음 만족 내년에도 기대,5.0,핏이나 질감 다 이뻐요 여름에 잘 입었음 만족 내년에도 기대
시원하고 예뻐욥 소매 포인트가 특히 마음에 듭니당,5.0,시원하고 예뻐욥 소매 포인트가 특히 마음에 듭니당
착용감 편하고 오버핏에 여름에 멋내기 좋은 셔츠입니다 재질은 린넨이고요,5.0,착용감 편하고 오버핏에 여름에 멋내기 좋은 셔츠입니다 재질은 린넨이고요
진짜 이쁘고 자주 입는 옷입니다 사이즈가 좀 크긴 한데 이뻐요,5.0,진짜 이 쁘고 자주 입는 옷입니다 사이즈가 좀 크긴 한데 이 뻐요
옷이 아주 상당히 커요 ㅋㅋ 그리고 가끔 똑같은옷 입은사람 마주쳐서 난감함 .. 소매는 접어서 입어요 ,5.0,옷이 아주 상당히 커요 그리고 가끔 똑같은 옷 입은 사람 마주쳐서 난감함 소매는 접어서 입어요
가성비 좋게 입기 좋아요 소매 접어서 단추로 고정할수있는 디테일도 있어요,5.0,가성비 좋게 입기 좋아요 소매 접어서 단추로 고정할 수 있는 디테일도 있어요
일본 느낌 내보려고 샀습니다 입어보니 그냥 이쁜 셔츠였습니다,5.0,일본 느낌 내보려고 샀습니다 입어보니 그냥 이 쁜 셔츠였습니다
앞으로 입기 좋은 옷들 입니다 가볍개 입기 좋아요 쿠촌이랑 먹여서 가격도 저렴하게 구매했어요 ㅎㅎ,5.0,앞으로 입 기 좋은 옷들 입니다 가볍 개 입기 좋아요 쿠촌이랑 먹여서 가격도 저렴하게 구매했어요
링클소재랑 체크라서 셔츠가 예뻐요! 오버핏하게도 입을 수 있고 소매 롤업하면 좀 더 다른 스타일로 연출할 수 있어서 좋습니다,5.0,링클 소재 랑 체크라서 셔츠가 예뻐요 오버핏하게도 입을 수 있고 소매 롤업하면 좀 더 다른 스타일로 연출할 수 있어서 좋습니다
"처음 받고 옷 안쪽에 실밥이.. 진짜 엄청 많아서 떼기 힘들었네요. 옷은 예쁘고, 가격이 저렴하니 단추 퀄리티가 역시 약해요.",5.0,처음 받고 옷 안쪽에 실밥이 진짜 엄청 많아서 떼기 힘들었네요 옷은 예쁘고 가격이 저렴하니 단추 퀄리티가 역시 약해요
요즘 셔츠에 빠져서 찾아보다가 마침 딱 보여서 구매했는데 역시 개맛있네요,5.0,요즘 셔츠에 빠져서 찾아보다가 마침 딱 보여서 구매했는데 역시 개 맛있네요
여름에 입기 딱입니당 핏도 이쁘고 짱이어요 굿임,5.0,여름에 입 기 딱입니 당 핏도 이 쁘고 짱이어요 굿임
얇고 시원해요 폭에 비해 기장감이 살짝 애매한 느낌은 있는데 넣입할꺼라 괜찮아요,5.0,얇고 시원해요 폭에 비해 기장감이 살짝 애매한 느낌은 있는데 넣입할 꺼라 괜찮아요
182/83 기준에서 전체적으로 생각보다 박시합니다  색상은 보라빛보다는 회색빛이 더 강합니다  생각한 것과는 조금 다르지만 블랙진과 매칭하면  아티스트같이 보이면서 깔끔하네요  L를 입어보진 않았지만 넣어입으려면 xl 빼서 입으시려면 L가 이쁘실 것 같아요 저는 품이 넓어도 넣어 입고 넉넉한 스타일 유지하려 xl로 갔어요  너무 와이드한 것 싫어하시면 한사이느 다운 하시는게 좋아요  옷은 가볍고 봄/여름/초가을에 느낌 내긴 좋을 것 같아요,5.0,기준에서 전체적으로 생각보다 박시합니다 색상은 보라빛보다는 회색 빛이 더 강합니다 생각한 것과는 조금 다르지만 블랙진과 매칭하면 아티스트 같이 보이면서 깔끔하네요 를 입어 보진 않았지만 넣어 입으려면 빼서 입으시려면 가 이 쁘실 것 같아 요 저는 품이 넓어도 넣어 입고 한 스타일 유지하려 로 갔어요 너무 와이드 한 것 싫어하시면 한 사이 느 다운 하시는 게 좋아요 옷은   가볍고 봄 여름 초가을에 느낌 내 긴 좋을 것 같아요
선물해줬는제 170에 88정도 되는데 만족스럽대요~ 재질이 가볍고 품이 넉넉해서 좋다대요~ 색은 색상보다는 어두운 편인데 이쁘다고 합니다,5.0,선물해줬는 제 에 정도 되는데 만족스럽대 요 재질이 가볍고 품이 해서 좋다대요 색은 색상보다는 어두운 편인데 이 쁘다고 합니다
옷은 정말 이쁩니다 색감도 이쁘구요 다만 롤업해서 고정 되게끔 옆소매에 단추가 달려있는데 눈에 많이 띄는 점이 아쉽습니다 옷이랑 잘 어울리진 않아서요 그래도 만족하며 입고 다님니다 !,5.0,옷은 정말 이쁩니다 색감도 이 쁘구요 다만 롤업해서 고 정 되게끔 옆 소매에 단추가 달려 있는데 눈에 많이 띄는 점이 아쉽습니다 옷이랑 잘 어울리진 않아서 요 그래도 만족하며 입고 다님니다
입어보니 크긴 큽니다 시원한것도 잘 모르겠어요 하지만 편하게 입을수 있어오,5.0,입어보니 크 긴 큽니다 시원한 것도 잘 모르겠어요 하지만 편하게 입을 수 있어오
시원하고 접어입기 정말 좋아요 여름에 티셔츠만입기 심심할때좋습니다,5.0,시원하고 접어 입기 정말 좋아요 여름에 티셔츠만 입기 할 때 좋습니다
 합리적인 가격에 구매했어요 여름에 잘 입고다닙니다,5.0,합리적인 가격에 구매했어요 여름에 잘 입고 다닙니다
역시 가성비 맛집이네요! 하늘하늘하고 시원한 소재도 좋고 핏도 딱 좋게 떨어지네요 :),5.0,역시 가성비 맛집이네요 하늘하늘하고 시원한 소재도 좋고 핏도 딱 좋게 떨어지네요
파르티멘토 박시오버핏 셔츠 핏도 예쁘고 시원해서 자주입고다닐거같아요 다른컬러도 구매했습니다,5.0,파르티 멘토 박시오버핏 셔츠 핏도 예쁘고 시원해서 자주 입고 다닐 거 같아 요 다른 컬러도 구매했습니다
코튼60 폴리40 인데  리넨같은 느낌이나네요~ 시원시원하게잘입을듯 핏도 괜찮 소매는 롤업보다 그냥이 더 낫네요,5.0,코튼 폴리 인데 리넨 같은 느낌이나네요 시 원시원하게 잘 입을 듯 핏도 괜찮 소매는 롤업보다 그냥 이 더 낫네요
셔츠 완전 예뻐요 ! 남친이 산거 보고 예뻐서 따라 샀는데 제가 더 잘어울리는 느낌 ^•^! 청치마랑 매치해도 이쁘고 바지랑 입어도 예쁘네용 저는 레깅스랑 입으려구 한사이즈 업해서 샀는데 길이감도 좋고 팔 부분 단추가 있어서 롤업하기 좋아용 !,5.0,셔츠 완전 예뻐요 남친이 산 거 보고 예뻐서 따라 샀는데 제가 더 잘 어울리는 느낌 청치 마랑 매치해도 이 쁘고 바지랑 입어도 예쁘 네용 저는 레깅스랑 입으려 구 한 사이즈 업해서 샀는데 길이 감도 좋고 팔 부분 단추가 있어서 롤업하기 좋아 용
완전 얇아서 좋고 요새 입기 딱 좋은 옷인듯합니다,5.0,완전 얇아서 좋고 요새 입 기 딱 좋은 옷인 듯합니다
이쁘네요 가격대비 옷 품질도 나쁘지 않고 두루두루 잘 입을 수 있을거 같습니다,5.0,이쁘네요 가격 대비 옷 품질도 나쁘지 않고 두루 두루 잘 입을 수 있을 거 같습니다
사이즈도 잘 맞고 원당도 부들부들하니 좋아요 추천합니다!,5.0,사이즈도 잘 맞고 원당도 부들부들 하니 좋아요 추천합니다
빳빳한 셔츠 싫어하는데 후들후들해서 딱 좋아요 구김도 잘 안 가고 보들보들해요 얇아서 여름에 걸치기 좋아요,5.0,한 셔츠 싫어하는데 후들 후들해서 딱 좋아요 구김도 잘 안 가 고 보들보들해요 얇아서 여름에 걸치기 좋아요
빨래하면 쭈글쭈글해지는데 원래 꾸겨져있는 디자인이라 다림질은 따로 필요없어요ㅎㅎ 뭔가 시골느낌으로 입기 좋숩니당,5.0,빨래하면 쭈글 쭈글 해지는데 원래 꾸겨져 있는 디자인이라 다림질은 따로 필요 없어요 뭔가 시 골 느낌으로 입 기 좋숩니당
여름휴가를위해 멋진옷을 찾아보다가 항상 자주 구매하던 파르티멘토 에서 셔츠를 발견하고 바로 구매해서 입어봤어요 재질도 시원한재질에 핏도 옆으로는 넉넉하지만 세로는 그렇게 길지않아서 딱원하던 핏이네요 와이드핏과도 잘어울리고 아무 바지랑 다잘어울립니다👍,5.0,여름 휴가를 위해 멋진 옷을 찾아보다가 항상 자주 구매하던 파르티멘토 에서 셔츠를 발견하고 바로 구매해서 입어봤어요 재질도 시원한 재질에 핏도 옆으로는 하지만 세로는 그렇게 길지 않아서 딱 원하던 핏이네요 와이드 핏과도 잘 어울리고 아무 바지랑 다 잘 어울립니다
너무 이뻐용 좋아용 근데 사람들이 많이 입는거 빼고는 짱이에요!! 시원하구요,5.0,너무 이 뻐용 좋아용 근데 사람들이 많이 입는 거 빼고는 짱이에요 시원하구요
"미찐 느낌 낭낭 너무 이뻐서 샀는데 퀄리티는 쏘쏘인듯 엄청 얇고 거즈? 같은 재질입니다, 잘못하면 찢어지겠어여",5.0,미찐 느낌 너무 이 뻐서 샀는데 퀄리티는 인 듯 엄청 얇고 거즈 같은 재질입니다 잘 못하면 찢어지겠어여
너무 예쁩니다 원단이 톡톡하면서 가벼워요 사이즈 넉넉하면서도 너무 큰 느낌없고 이뻐요 ,5.0,너무 예쁩니다 원단이 하면서 가 벼워요 사이즈 하면서도 너무 큰 느낌 없고 이 뻐요
가격값 하는거 같아요 마감 진짜 별로입니다 단추 떨어져서 왔어요,2.0,가격 값 하는 거 같아 요 마감 진짜 별로입니다 단추 떨어져서 왔어요
남자친구 사줬는데 여기저기 코디하기도 쉽고 예뻐요!,5.0,남자친구 사줬는데 여기저기 코디하기도 쉽고 예뻐요
어깨 단추로 인해서 다른 하프셔츠들보다 핏이 훨씬 깜끔한 가 같습니다 원단도 시원해요,5.0,어깨 단추로 인해서 다른 하프 셔츠들보다 핏이 훨씬 깜끔한 가 같습니다 원단도 시원해요
품은 좋은데 앞기장이 살짝 더 길었으면 하는 아쉬움이 남네요. 버튼홀이 찢어진채로 와서 속상합니다.,2.0,품은 좋은데 앞기장이 살짝 더 길었으면 하는 아쉬움이 남네요 버튼홀이 찢어진 채로 와서 속상합니다
얇고 시원해서 가볍게 입기 좋은 셔츠에요. 이너 입고 입어도 좋고 없이 단품으로 입어도 좋을거 같아요. 케쥬얼하고 스트릿한 여러 바지들이랑 잘 어울리겠어요!,5.0,얇고 시원해서 가볍게 입 기 좋은 셔츠에 요 이너 입고 입어도 좋고 없이 단품으로 입어도 좋을 거 같아 요 케쥬얼하고 스트릿 한 여러 바지들이랑 잘 어울리겠어요
오버핏이고 롤업해서 입으면 이뻐요 그리고 생각보다는 무게가 있어서 살짝 덥긴합니다 그래도 여름에 못 입을 정도는 아니고 편하기도 해서 잘 입었어요,5.0,오버핏이 고 롤업해서 입으면 이 뻐요 그리고 생각보다는 무게가 있어서 살짝 덥긴 합니다 그래도 여름에 못 입을 정도는 아니고 편하기도 해서 잘 입었어요
딱 시원하게 걸치고 다닐 수 있어서 좋아요 사람 많은 곳 가면 한명씩 겹친다는 말 있었는데 동생도 같은걸 입고다니네요.........,5.0,딱 시원하게 걸치고 다닐 수 있어서 좋아요 사람 많은 곳 가면 한 명씩 겹친다는 말 있었는데 동생도 같은 걸 입고 다니네요
하늘하늘한 소재에 두깨도 얇아서 여름 착용에 매우 만족하는 제품입니다,5.0,하늘하늘한 소재에 두깨도 얇아서 여름 착용에 매우 만족하는 제품입니다
여름에 시원하게 포인트 주기 좋은 체크반팔셔츠입니다. 안에 슬리브리스를 활용해주시면 시원도하고 포인트 주기도 좋아요.,5.0,여름에 시원하게 포인트 주기 좋은 체크반 팔 셔츠입니다 안에 슬리브리스를 활용해 주시면 시원도 하고 포인트 주기도 좋아요
제가 딱 맘에 들어하는 핏입니다 덩치가 잇는편인데 루즈하게 입기 좋아요 얇고 시원,5.0,제가 딱 맘에 들어 하는 핏입니다 덩치가 잇는 편인데 루즈하게 입 기 좋아요 얇고 시원
시원시원하고 좋네요 ㅋㅋ 안 잠구고 입어도 괜찮을듯,5.0,시원시원하고 좋네요 안 잠구 고 입어도 괜찮을 듯
가볍고 재질도 가격에 비해 시원하고 좋습니다만 재봉 마감이 너무 너무 구데기네요;; 박음질도 않되어 있고 수선집에서 방금 작업 끝난것 마냥 재봉하고 남은 실밥들이 덕지덕지 소매 밑단 박음질  덜되어 있는 부분은 수선 따로 맞겨야 할거같네 요 파란색: 박음질 되어있음 빨간색: 박음질 안되어이ㅛ음,1.0,가볍고 재질도 가격에 비해 시원하고 좋습니다만 재봉 마감이 너무 너무 구데기네요 박 음질도 않되어 있고 수선집에서 방금 작업 끝난 것 마냥 재봉하고 남은 실밥들이 덕지덕지 소매 밑단 박음질 덜 되어 있는 부분은 수선 따로 맞겨야 할 거 같네 요 파란색 박 음질 되어 있음 빨간색 박 음질 안 되어 이음
색상도 마음에 들고 원단도 질이 좋아 만족합니다,5.0,색상도 마음에 들고 원단도 질이 좋아 만족합니다
반팔 셔츠 찾다가 팔 포인트 보고 바로 샀는데 휘뚜루도 좋고 스타일링도 쉬워요,5.0,반팔 셔츠 찾다가 팔 포인트 보고 바로 샀는데 휘뚜루도 좋고 스타일링도 쉬워요
"역대급이네요. 저는 옷을 새로 사면 쪽가위로 튀어나온 실밥을 다 제거하는 편입니다. 어떤 옷을 사도 조금씩은 튀어나오는 실밥들이 있잖아요. 그런데 이렇게 많은 실밥은 처음 봅니다. 실밥 수준이 아니라 왜 여기랑 여기가 연결되어있지? 수준의 바느질입니다. 개발도상국 8살짜리 아이가 처음 재봉틀 배워서 만들었다고 해도 믿을 수 있을 정도예요. 당장 군대에서 명찰 박으려고 배운 바늘질만으로도 옷감만 주어지면 이것보단 잘 만들 수 있을 것 같네요. 그리고 왼쪽과 오른쪽의 단추 위치가 다릅니다. 누가 후기에다 가슴의 주머니 위치가 다르다고 하셨던데, 저는 그냥 불량품인줄 알았죠. 그런데 그냥 여기 브랜드가 제품의 질보단 박리다매로 길을 잡은 것 같네요. 제품의 질이 떨어지더라도 무조건 많이 팔자의 마인드가 느껴지는 옷이었습니다.",1.0,역대급이네요 저는 옷을 새로 사면 쪽 가위로 튀어나온 실밥을 다 제거하는 편입니다 어떤 옷을 사도 조금씩은 튀어나오는 실밥들이 있잖아요 그런데 이렇게 많은 실밥은 처음 봅니다 실밥 수준이 아니라 왜 여기랑 여기가 연결되어 있지 수준의 바느질입니다 개발도상국 살짜리 아이가 처음 재봉틀 배워서 만들었다고 해도 믿을 수 있을 정도예요 당장 군대에서 명찰 박으려고  배운 바늘 질만으로도 옷감만 주어지면 이것보단 잘 만들 수 있을 것 같네요 그리고 왼쪽과 오른쪽의 단추 위치가 다릅니다 누가 후기에다 가슴의 주머니 위치가 다르다고 하셨던데 저는 그냥 불량품인 줄 알았죠 그런데 그냥 여기 브랜드가 제품의 질보단 박리다매로 길을 잡은 것 같네요 제품의 질이 떨어지더라도 무조건 많이 팔자의 마인드가 느껴지는 옷이었습니다
여기저기 매치하기 쉬워요 링클소재라 빨리 말라서 좋았어요 근데 생각보다 더웠어요,5.0,여기저기 매치하기 쉬워요 링클 소재라 빨리 말라서 좋았어요 근데 생각보다 더웠어요
길거리에서 하루에 열명씩 마주치는데 그만큼 예쁘고 편해서 손이 자주가요,5.0,길거리에서 하루에 열명씩 마주치는데 그만큼 예쁘고 편해서 손이 자주 가요
가격대비 정말 좋은 셔츠입니다 얇아서 여름에도 입기 좋고 원단 느낌도 맨살에 입었을때 괜찮네요 추천합니다. ,5.0,가격 대비 정말 좋은 셔츠입니다 얇아서 여름에도 입기 좋고 원단 느낌도 맨 살에 입었을 때 괜찮네요 추천합니다
얇고 후들후들하니 여름에 문신처럼 입고다니겠습니다 소매 롤업 포인트 때메 샀는데 맘에들어여!! ,5.0,얇고 후들 후들하니 여름에 문신처럼 입고 다니겠습니다 소매 롤업 포인트 때 메 샀는데 맘에 들어 여
여름용 셔츠가 필요해서 구매했는데 맘에드네요 : ),5.0,여름용 셔츠가 필요해서 구매했는데 맘에드네요
"세일해서 3만원 초반으로 구매했습니다. 한사이즈 크게 살걸 약간 아쉽지만 요즘 트렌드 흐름이 사이즈를 줄이는 느낌이라 그냥 입기로 했습니다. 이너로 나시 하나 입고 위에 입어도 좋지만, 단품으로 입어도 아주 시원하네요. 추천합니다",5.0,세일해서 만 원 초반으로 구매했습니다 한 사이즈 크게 살 걸 약간 아쉽지만 요즘 트렌드 흐름이 사이즈를 줄이는 느낌이라 그냥 입기로 했습니다 이너로 나 시 하나 입고 위에 입어도 좋지만 단품으로 입어도 아주 시원하네요 추천합니다
청바지랑 잘 어울리고 예뻐요 단점이 있다면 길에서 한번쯤은 마주칠 수 있다는점…? 옷 자체는 시원하고 예뻐서 자주 입어요~,5.0,청바지랑 잘 어울리고 예뻐요 단점이 있다면 길에서 한 번쯤은 마주 칠 수 있다는 점 옷 자체는 시원하고 예뻐서 자주 입어요
"후들후들한 소재라서 어디든 가볍게 걸쳐입기 좋았어요! 적당한 오버핏으로 바지, 치마 어디든 잘 어울려요 :)",5.0,후들 후들 한 소재라서 어디든 가볍게 걸쳐 입기 좋았어요 적당한 오버핏으로 바지 치마 어디든 잘 어울려 요
아직 입고 나갸보진 않앗는데 사람들이 왜 열광하는지 모르겟슴 예쁜지 모르겟음,2.0,아직 입고 나 갸 보진 않앗는데 사람들이 왜 열광하는지 모르겟 슴 예쁜 지 모르겟 음
여행가서 너무 만족스럽게 입었습니당 구겨져도 티도 안나고 얇은 재질이라 나시하나 입으면 엄청 시원해요 후회없는 선택 굳 역시 파르티멘토,5.0,여행가서 너무 만족스럽게 입었습니 당 구겨져도 티도 안나고 얇은 재질이라 나시 하나 입으면 엄청 시원해요 후회 없는 선택 굳 역시 파르 티멘토
시크한 무드에 반팔 단추로 인한 스타일링 가능 뭐 말이 필요없죠 합격!,5.0,시크한 무드에 반 팔 단추로 인 한 스타일링 가능 뭐 말이 필요 없죠 합격
"걍 무탠다드 사는것이 나은듯함 배송 지연 기본 브랜드  일단 해단 셔츠 땀흡수가 잘 안됨. 지지미 시어서커 스타일의 원단이지만, 애매함이 있음.  총장이 짧음  가장 의문인건 동일 원단 보세 쇼핑몰에 많이 팔고 있음",3.0,걍 무탠다드 사는 것이 나은 듯 함 배송 지연 기본 브랜드 일단 해단 셔츠 땀 흡수가 잘 안됨 미 시어서커 스타일의 원단이지만 애매함이 있음 총장이 짧음 가장 의 문인 건 동일 원단 보세 쇼핑몰에 많이 팔고 있음
"디자인 색감 좋습니다만  보세몰에 동일원단 셔츠 판매중인거 확인 아쉬움.  재품의 총장 짧은편 가장 취약점은  땀흡수가 거의 되지 않는 원단. 흡수력이 매우 떨어짐.  해당 브랜드 첫 구매인데, 재구매는 없을것 같음.  XL 110이 입기에 총장이 확실히 짦음",5.0,디자인 색감 좋습니다만 보세몰에 동일원단 셔츠 판매 중인 거 확인 아쉬움 재품의 총장 짧은 편 가장 취약점은 땀 흡수가 거의 되지 않는 원단 흡수력이 매우 떨어짐 해당 브랜드 첫 구매인데 재구매는 없을 것 같음 이 입기에 총장이 확실히 짦음
버뮤다에 입어도 이쁘고 청바지에 입어도 이쁘니까 한잔해~,5.0,버뮤다에 입어도 이 쁘고 청바지에 입어도 이 쁘니까 한 잔해
"색상 디자인 모두 화면과 같아요 천도 시원한 천이고 치마,바지 버뮤다 모두 잘 어울려요",5.0,색상 디자인 모두 화면과 같아 요 천도 시원한 천이고 치마바지 버뮤다 모두 잘 어울려요
L 사이즈로도 하나 더 사 봤는데 M이 더 나은 것 같기도 하고 잘 모르겠지만 어쨌든 예뻐요 ㅎㅎ,5.0,사이즈로도 하나 더 사 봤는데 이 더 나은 것 같기도 하고 잘 모르겠지만 어쨌든 예뻐요
진짜 너무 마음에 들어요 특히 소매부분에 접고 나서 잡아주는 단추 있는게 너무 좋았습니다,5.0,진짜 너무 마음에 들어 요 특히 소매 부분에 접고 나서 잡아주는 단추 있는 게 너무 좋았습니다
이뻐요. 다들 어디서 샀냐고 물어보네요 강추입니다 !,5.0,이 뻐요 다들 어디서 샀냐고 물어보네요 강 추입니다
여름에 휘뚤마뚤 입고 다니기 좋아요 시원한 재질이에요,5.0,여름에 휘뚤마뚤 입고 다니기 좋아요 시원한 재질이에요
재질이 시원한 재질이라 여름에 입기 너무 좋을것같아요.,5.0,재질이 시원한 재질이라 여름에 입 기 너무 좋을 것 같아요
살짝 쭈굴한 질감의 디자인이라 포인트로 좋고 소매부분 기장 걷었을때 단추로 고정할수있어서 자연스러운 롤업이 너무 예쁩니다 그리고 두께도 엄청 두꺼운게 아니라서 여름에도 시원하게 입기 좋아요 무심하게 툭 걸쳤을때 스타일이 완성되서 편하게 입기 너무 좋아요!,5.0,살짝 쭈굴한 질감의 디자인이라 포인트로 좋고 소매 부분 기장 걷었을 때 단추로 고정할 수 있어서 자연스러운 롤업이 너무 예쁩니다 그리고 두께도 엄청 두꺼운 게 아니라서 여름에도 시원하게 입 기 좋아요 무심하게 툭 걸쳤을 때 스타일이 완성되서 편하게 입 기 너무 좋아요
요즘 체크무늬 셔츠가 자꾸 눈에 보여서 너무너무 구매하고싶었는데 구매하려 보면 이쁜 게 없어서 계속 미루고 있었는데 쮠짜 잘 산 것 같아요 얇아서 요즘 같은 왕 더운 날에도 잘 입을 것 같고 이쁩니당! 바지 그냥 집히눈 걸로 입고 찍은건데 좀 밝은 색에 입어도 좋을 것 같아요!,5.0,요즘 체크무늬 셔츠가 자꾸 눈에 보여서 너무너무 구매하고 싶었는데 구매하려 보면 이쁜 게 없어서 계속 미루고 있었는데 쮠짜 잘 산 것 같아 요 얇아서 요즘 같은 왕 더운 날에도 잘 입을 것 같고 이쁩니 당 바지 그냥 집 히 눈 걸로 입고 찍은 건데 좀 밝은 색에 입어도 좋을 것 같아요
요즘 체크무늬 셔츠가 자꾸 눈에 보여서 너무너무 구매하고싶었는데 구매하려 보면 이쁜 게 없어서 계속 미루고 있었는데 쮠짜 잘 산 것 같아요 얇아서 요즘 같은 왕 더운 날에도 잘 입을 것 같고 이쁩니당!,5.0,요즘 체크무늬 셔츠가 자꾸 눈에 보여서 너무너무 구매하고 싶었는데 구매하려 보면 이쁜 게 없어서 계속 미루고 있었는데 쮠짜 잘 산 것 같아 요 얇아서 요즘 같은 왕 더운 날에도 잘 입을 것 같고 이쁩니당
시원하고 얇아서 한여름에도 편하게 입을 수 있을거같아요,5.0,시원하고 얇아서 한 여름에도 편하게 입을 수 있을 거 같아요
기장이 매우 짧습니다. 린넨같은 재질입니다. 마감은 아쉽지만 가격대비 나쁘지 않습니다.,4.0,기장이 매우 짧습니다 린넨 같은 재질입니다 마감은 아쉽지만 가격 대비 나쁘지 않습니다
작년부터 고민 하다가 구매했는데 진작에 살걸 그랬어요ㅎㅎ 원단이 생각보다 얇아서 여름에 입기에도 좋을 것 같습니다아!,5.0,작년부터 고민 하다가 구매했는데 진작에 살 걸 그랬어요 원단이 생각보다 얇아서 여름에 입기에도 좋을 것 같습니다아
남편 선물로 샀어요 사이즈 오버한데 괜찮아요 옷은 얇고 시원해요 카키바지나 블래바지랑 젤 예쁜듯,5.0,남편 선물로 샀어요 사이즈 오버한 데 괜찮아요 옷은 얇고 시원해요 카키바지나 블래바지랑 젤 예쁜 듯
"시어서커 비슷한 여름느낌 재질의 셔츠를 찾다가  평소 좋아하던 파르티멘토에서 마침 알맞은 셔츠를 발견했습니다!  반팔 셔츠인데 롤업해서 이쁘게 연출 가능하고, 얇지만 탄탄한 원단으로 여름에 시원하게 입고 다닐 수 있을 것 같습니다! 색감도 이쁘게 잘 빠졌네요 !",5.0,시어서커 비슷한 여름 느낌 재질의 셔츠를 찾다가 평소 좋아하던 파르 티멘토에서 마침 알맞은 셔츠를 발견했습니다 반팔 셔츠인데 롤업해서 이쁘게 연출 가능하고 얇지만 한 원단으로 여름에 시원하게 입고 다닐 수 있을 것 같습니다 색감도 이 쁘게 잘 빠졌네요
진짜 대박 존예임 살짝 빈티지한 느낌나는 색상에 얇고 시원하고 펄럭거리는 느낌 지기네예 소매 롤업 포인트까지 거를 타선이 없심더,5.0,진짜 대 박 존 예임 살짝 빈티지한 느낌나는 색상에 얇고 시원하고 펄럭거리는 느낌 지기네 예 소매 롤업 포인트까지 거를 타선이 없심더
옷 핏감이 여유있게 나와서 체형보완도 되고 너무 예뻐요!,5.0,옷 핏감이 여유 있게 나와서 체형 보완도 되고 너무 예뻐요
얇아서 여름에도 아주 잘 입을 것 같습니다 핏도 예뻐요,5.0,얇아서 여름에도 아주 잘 입을 것 같습니다 핏도 예뻐요
키180 몸무게80 XL사이즈 구입 품이 넓고 길이감 잘 맞아요. 칙칙한 색상에 흐들흐들 얇은 구져진 재질이라  그냥 봤을때 허접해보였는데 입으면  옷스타일은 멋져요 ㅎㅎ,4.0,키 몸무게 사이즈 구입 품이 넓고 길이 감 잘 맞아요 한 색상에 흐들 흐들 얇은 구져진 재질이라 그냥 봤을 때 허접해 보였는데 입으면 옷 스타일은 멋져요
음 무난하이 나쁘지 않네요 한 사이즈 큰거 할걸 그랬낭,5.0,음 무난하이 나쁘지 않네요 한 사이즈 큰 거 할 걸 그랬낭
일단 원단 자체가 얇고 통풍도 잘돼서 여름에 전혀 부담없이 걸쳐 입을 수 있어요! 박시한 느낌의 셔츠이고 스트릿 느낌의 하의랑 매치하면 더 예뻐요! 너무 만족합니다,5.0,일단 원단 자체가 얇고 통풍도 잘 돼서 여름에 전혀 부담 없이 걸쳐 입을 수 있어요 박시한 느낌의 셔츠이고 스트릿 느낌의 하의랑 매치하면 더 예뻐요 너무 만족합니다
배송이 지연되어 조금 오래 기다렸는데 사이즈 아주 이쁘게 떨어져서 대만족합니다ㅎㅎ안에 티셔츠 받쳐 입으면 어 예쁘더라구요,5.0,배송이 지연되어 조금 오래 기다렸는데 사이즈 아주 이쁘게 떨어져서 대 만족합니다 안에 티셔츠 받쳐 입으면 어 예쁘더라구요
평소에 오버핏을 즐겨입는데 딱 좋아요! 팔부분은 롤업이 가능해서 날씬해보여요,5.0,평소에 오버핏을 즐겨 입는데 딱 좋아요 팔 부분은 롤업이 가능해서 날씬해 보여요
색감도 이쁘고 사이즈도 잘 맞아서 잘 입고 다닐 것 같아요,5.0,색감도 이 쁘고 사이즈도 잘 맞아서 잘 입고 다닐 것 같아요
예상날짜보다 오바해서 받았지만 시원하고 이뻐요 데일리템으로 딱입니다 휘뚤마뚤 최고에요 하,5.0,예상 날짜보다 오바해서 받았지만 시원하고 이 뻐요 데일리템으로 딱입니다 휘뚤마뚤 최고에 요 하
셔츠 처음입어 봤는데 너무 마음에 들어요 다른 셔츠도 사고 싶네요 사이즈도 적당하고 옷 두께도 괜찮아요 ,5.0,셔츠 처음 입어 봤는데 너무 마음에 들어 요 다른 셔츠도 사고 싶네요 사이즈도 적당하고 옷 두께도 괜찮아요
우왓 진짜 개이뻐요!! 얇기도 해서 여름에 입어도 될 거 같고 포켓이며 양쪽 팔 단추며 다 맘에 듭니다! 풀어도 잠궈도 이쁘네영,5.0,우왓 진짜 개이 뻐요 얇기도 해서 여름에 입어도 될 거 같고 포켓이며 양쪽 팔 단추며 다 맘에 듭니다 풀어도 잠궈도 이 쁘네영
딱 보자마자 마음에 들어서 구매했는데 예약 배송으로 어쩔수없이 늦게 받았지만 기다린게 후회없을정도로 아주 맘에 들어요 가격도 매우 저렴한데 다자인도 이쁘고 가성비가 아주 좋은것 같아요 아주 맘에 듭니다,5.0,딱 보자마자 마음에 들어서 구매했는데 예약 배송으로 어쩔 수 없이 늦게 받았지만 기 다린 게 후회 없을 정도로 아주 맘에 들어 요 가격도 매우 저렴한데 다자인도 이 쁘고 가성비가 아주 좋은 것 같아 요 아주 맘에 듭니다
딱 보자마자 마음에 들어서 구매했는데 예약 배송으로 어쩔수없이 늦게 받았지만 기다린게 후회없을정도로 아주 맘에 들어요 가격도 매우 저렴한데 다자인도 이쁘고 가성비가 아주 좋은것 같아요 아주 맘에 듭니다!,5.0,딱 보자마자 마음에 들어서 구매했는데 예약 배송으로 어쩔 수 없이 늦게 받았지만 기 다린 게 후회 없을 정도로 아주 맘에 들어 요 가격도 매우 저렴한데 다자인도 이 쁘고 가성비가 아주 좋은 것 같아 요 아주 맘에 듭니다
얇아서 한여름에도 입기 좋을거 같아영 셔츠로 포인트 주고싶을때 입기 딱입니당,5.0,얇아서 한 여름에도 입 기 좋을 거 같아 영 셔츠로 포인트 주고 싶을 때 입 기 딱입니당
할인해서 샀는데 생각보다 만족합니다 얇아서 한여름에도 가능할거같아요,5.0,할인해서 샀는데 생각보다 만족합니다 얇아서 한 여름에도 가능할 거 같아요
일단 배송이 너무 빨라서 합격입니다. 옷 재질도 흐물흐물 기분이 좋아요,5.0,일단 배송이 너무 빨라서 합격입니다 옷 재질도 흐물 흐물 기분이 좋아요
사이즈 큰걸 알고 샀지만 커요. 소재가 안입은것처럼 시원해요.,5.0,사이즈 큰 걸 알고 샀지만 커요 소재가 안입은 것처럼 시원해요
소재가 얇고 부들부들해서 여름에 입고 다니기 딱 좋아요. 사이즈도 너무 크지 않고 적당해서 저랑 비슷한 체격이신 분들은 M 가셔도 좋을 것 같아요 이번 여름에 잘 입고 다닐 셔츠 하나 싸게 건졌네요 ..,5.0,소재가 얇고 부들부들 해서 여름에 입고 다니기 딱 좋아요 사이즈도 너무 크지 않고 적당해서 저랑 비슷한 체격이 신 분들은 가셔도 좋을 것 같아 요 이번 여름에 잘 입고 다닐 셔츠 하나 싸게 건졌네요
호리호리해서 여름에 입기 좋습니다. 휘뚤마뚤 마싯어요,5.0,호리호리 해서 여름에 입 기 좋습니다 휘뚤마뚤 마싯어요
남성 제품이라 그런지 엄청 커요… 오버핏 느낌이 아니라 그냥 잘못입은 느낌…내 옷이 아닌 느낌으로 커요 하지만  촉감 보들살랑하니 좋고 보풀 잘 안날 재질이에요 색감 너무 이쁘구 팔 롤업 단추 디테일까지 너무 귀엽고 예뻐서 그냥 입을려구요 가격도 합리적이고 배송도 빠르고 포장도 꼼꼼하니 추천합니다,5.0,남성 제품이라 그런지 엄청 커요 오버핏 느낌이 아니라 그냥 잘못 입은 느낌 내 옷이 아닌 느낌으로 커요 하지만 촉감 보들 살랑하니 좋고 보풀 잘 안 날 재질이에 요 색감 너무 이쁘구 팔 롤업 단추 디테일까지 너무 귀엽고 예뻐서 그냥 입을 려구요 가격도 합리적이고 배송도 빠르고 포장도 하니 추천합니다
소재도 유니크한게 좋구요  여름에 시원하게 입을것 같아요,4.0,소재도 유니크한 게 좋구요 여름에 시원하게 입을 것 같아요
여행가서 입으려고 샀는데 아주 만족했네요 재질도 시원해서 좋았고 핏도 넉넉하니 오버하게 잘 맞네요. 여행아니더라도 여름에 자주 손 갈 것 같아요,4.0,여행가서 입으려고 샀는데 아주 만족했네요 재질도 시원해서 좋았고 핏도 하니 오버하게 잘 맞네요 여행 아니더라도 여름에 자주 손 갈 것 같아요
시원해보이고 너무 예뻐요 라지사이즈도 넘 크지않고 입을만하네요,5.0,시원해 보이고 너무 예뻐요 라지 사이즈도 넘 크지 않고 입을 만하네요
사이즈 너무 좋고 디테일 최고입니다 다음에 또 구매할게요,5.0,사이즈 너무 좋고 디테일 최고입니다 다음에 또 구매할 게요
하늘하늘하고 여름에 코디해서 입기 너무 좋아요!,4.0,하늘하늘하고 여름에 코디해서 입기 너무 좋아요
얇고 나풀나풀해서 좋은데 가슴통이 너무 커서 가끔 좀 부담스럽긴 합니당,4.0,얇고 나 풀나풀해서 좋은데 가슴통이 너무 커서 가끔 좀 부담스럽 긴 합니당
여행가서 너무 이쁘고 편하게 입었네요! 디자인 핏 모두 만족스러운 옷입니다! 손 자주 갈 것 같네요!,5.0,여행가서 너무 이 쁘고 편하게 입었네요 디자인 핏 모두 만족스러운 옷입니다 손 자주 갈 것 같네요
내가 원했던 시골 농촌 소년 느낌. 그런데 한 줌의 트렌드를 넣은... 내년 여름에 요기나게 입을 수 있겠어요,5.0,내가 원했던 시골 농촌 소년 느낌 그런데 한 줌의 트렌드를 넣은 내년 여름에 요기나 게 입을 수 있겠어요
This brand was loved by people for many years. It has a good design and quality. I love it. Please continue to make good products. Thank you for your effort lol nice design team.,5.0,
좀 먾이 입으니까 보풀생겼는데 티도 안나서 좋아요 ㅎ 암때나 입기 넘 좋아요,4.0,좀 먾이 입으니까 보풀 생겼는데 티도 안 나서 좋아요 암 때나 입 기 넘 좋아요
얇아서 여름에 입기 좋고 색감이랑 소재 모두 맘에 들어요,5.0,얇아서 여름에 입 기 좋고 색감이랑 소재 모두 맘에 들어요
반팔위에 입으면 에어컨 튼 실내에서 따숩고 좋아요~ 그냥 입어도 예뻐요!,5.0,반팔 위에 입으면 에어컨 튼 실내에서 따숩고 좋아요 그냥 입어도 예뻐요
색도 퀄도 무난하니 한철입기에 괜찮은 것 같습니다,5.0,색도 퀄도 무난하니 한철 입기에 괜찮은 것 같습니다
시원하고 디자인도 무난하지않아 좋아요. 기장은 살짝 짧은감이 있네요,5.0,시원하고 디자인도 무난하지 않아 좋아요 기장은 살짝 짧은 감이 있네요
"배송은 좀 늦었지만 만족스럽습니다. 제품의 경우에는 가격이 저렴하다보니 생기는 문제일 수 있는데, 하루 입고 단추가 하나 날아갔습니다. 근데 디자인 품이 맘에들어서 아직도 잘 입고다니고있습니다. 전체적으로 만족입니다.",5.0,배송은 좀 늦었지만 만족스럽습니다 제품의 경우에는 가격이 저렴하다 보니 생기는 문제 일 수 있는데 하루 입고 단추가 하나 날아갔습니다 근데 디자인 품이 맘에 들어서 아직도 잘 입고 다니고 있습니다 전체적으로 만족입니다
가성비있게 여름에 입기 좋습니다 재질은 얇고 구김있는 느낌입니다,5.0,가성비 있게 여름에 입 기 좋습니다 재질은 얇고 구김 있는 느낌입니다
시원하고 좋아요! 여행갔을때 잘 입고 다녔습니다 ㅎㅎ,5.0,시원하고 좋아요 여행 갔을 때 잘 입고 다녔습니다
흐물흐물거리는 느낌이라 좋아요 편하게 입기 좋습니다,5.0,흐물흐물거리는 느낌이라 좋아요 편하게 입 기 좋습니다
너무 에뻐요. 핏도 엄청 좋고 팔 소매 단추 디테일이 너무 남자답고 좋아요 재질은 린넨 느낌이라서 정말 시원합니다,5.0,너무 에 뻐요 핏도 엄청 좋고 팔 소매 단추 디테일이 너무 남자답고 좋아요 재질은 린넨 느낌이라서 정말 시 원합니다
비슷한 스타일의 다른 제품도 많은데 단추로 흰색 포인트를 줘서 넘 귀엽더라구요. 면 자체가 하늘 하늘해서 루즈하게 오바핏으로 구매 하는걸 추천드려요!!,5.0,비슷한 스타일의 다른 제품도 많은데 단추로 흰색 포인트를 줘서 넘 귀엽더라구 요 면 자체가 하늘 하늘해서 루즈하게 오바핏으로 구매 하는 걸 추천 드려요
재질이 너무 시원하고 셔츠가 하늘하늘해서 착용감이 너무 좋았어요 .ᐟ 팔부분 디테일이 정말 마음에 들었습니다 :),5.0,재질이 너무 시원하고 셔츠가 하늘하늘해서 착용감이 너무 좋았어요 팔 부분 디테일이 정말 마음에 들었습니다
얇아요 너무 얇아요 생각했던거보다 더 여름에 입긴좋네요,3.0,얇아 요 너무 얇아요 생각했던 거보다 더 여름에 입긴 좋네요
xl 많이 클까봐 L 시켰는데 세탁하니 많이 줄어드네요 사이즈 업 하는 게 나을 거 같아요,5.0,많이 클까봐 시켰는데 세탁하니 많이 줄어드네요 사이즈 업 하는 게 나을 거 같아요
가격대비 마감 핏 재질 좋아요 스타일 하기도 편하구 비침없습니다 ,5.0,가격 대비 마감 핏 재질 좋아요 스타일 하기도 편하구 비침 없습니다
품이 진짜 크긴하네요 ㅋㅋ 옷 자체는 맘에 드는데 뭐랄까 약간 색이 좀 더 밝거나...아더컬러라도 있었으면 더 좋았을 것 같아요ㅠ 제가 입으니까 동남아에서 망고스틴 파는 젊은 사내 느낌이 나네요 그치만 맘에 들어요 근데 동생은 도둑 패션이래요 근데 힙한 선글라스 끼면 그나마 힙함으로 커버쳐지는 것 같아요,5.0,품이 진짜 크긴 하네요 옷 자체는 맘에 드는데 뭐랄까 약간 색이 좀 더 밝거나 아더 컬러라도 있었으면 더 좋았을 것 같아 요 제가 입으니까 동남아에서 망고스틴 파는 젊은 사 내 느낌이 나네요 그치만 맘에 들어 요 근데 동생은 도둑 패션 이래요 근데 힙한 선글라스 끼면 그나마 힙함으로 커버쳐지는 것 같아요
색감도 사진에서 보는 거랑 똑같고 좋아요 특히 팔 소매 올리는 디테일이 있어서 더욱 좋았던 거 같아요 아쉬운 점은 핏이 살짝 어벙한 느낌이 있는 거 말곤 다 좋아요 세탁 후에도 괜찮습니다,5.0,색감도 사진에서 보는 거랑 똑같고 좋아요 특히 팔 소매 올리는 디테일이 있어서 더욱 좋았던 거 같아 요 아쉬운 점은 핏이 살짝 어벙한 느낌이 있는 거 말곤 다 좋아요 세탁 후에도 괜찮습니다
패턴도 예쁘고 얇은데 비치지 않아서 더운 날씨에 잘 입고 다녔습니다,5.0,패턴도 예쁘고 얇은 데 비치지 않아서 더운 날씨에 잘 입고 다녔습니다
제질도 시원하고 소매 디테일도 좋아요 핏도원하던 핏입니다,5.0,제질도 시원하고 소매 디테일도 좋아요 핏도 원하던 핏입니다
반팔셔츠는 처음 입어보는데 시원하고 이쁩니다!,5.0,반팔 셔츠는 처음 입어보는데 시원하고 이쁩니다
링클이라 주름같은 거 신경 안써도 좋아요 소매부분 롤업해서 입으면 귀여울 구 같아요,5.0,링클이라 주름 같은 거 신경 안 써도 좋아요 소매 부분 롤업해서 입으면 귀여울 구 같아요
원래 반팔셔츠 잘 안입는데 ㅋ 이건 진짜 얇고 편하규 휘뚜루마뚜루 너무 좋아요.,5.0,원래 반 팔 셔츠 잘 안입는데 이건 진짜 얇고 편하규 휘뚜루 마 뚜루 너무 좋아요
딱 생각하던 재질이네요 편하게 잘 입을수있을거같아요,5.0,딱 생각하던 재질이네요 편하게 잘 입을 수 있을 거 같아요
"여러 곳에서 좋은 평이 들려서 구매해 봤는데, 그 정도로 대단한 건 아닌 것 같습니다. 그냥 딱 가격에 만족할만한 퀄리티고 특별히 불편함이 느껴지지 않을 뿐, 링클 포인트 셔츠란 것만 제외하면 특별히 어디가 특출하게 대단하다고 하기는 어려울 것 같네요.  가장 아쉬운 부분은 소매 바깥쪽은 단추가 있어서 고정이 잘 되어있지만, 안쪽은 없어서 소매가 부분적으로 풀리는게 아쉬웠습니다.",4.0,여러 곳에서 좋은 평이 들려서 구매해 봤는데 그 정도로 대단한 건 아닌 것 같습니다 그냥 딱 가격에 만족할 만한 퀄리티 고 특별히 불편함이 느껴 않을 뿐 링클 포인트 셔츠란 것만 제외하면 특별히 어디가 특출하게 대단하다고 하기는 어려울 것 같네요 가장 아쉬운 부분은 소매 바깥쪽은 단 추가 있어서 고정이 잘 되어 있지만 안쪽은 없어서 소매가 부분적으로 풀리는 게  아쉬웠습니다
생각한 그대로 너뮤 이뽀요!! 고민하고 있다면 무조건 사시요😋,5.0,생각한 그대로 너뮤 이 뽀요 고민하고 있다면 무조건 사시요
가성비 깡패인듯 하네요 멋내기도 좋고 캐쥬얼도 좋아서 대학생들에게 봄비같은존재,5.0,가성비 깡패인 듯 하네요 멋내기도 좋고 캐쥬얼 도 좋아서 대학생들에게 봄비 같은 존재
딱 휴양지 무드로 연출하기 좋아요 이정도 가격에 이정도 퀄리티면 굿굿,5.0,딱 휴양지 무드로 연출하기 좋아요 이 정도 가격에 이 정도 퀄리티면
그냥 무난무난해여 체크셔츠 입고싶을때 막입으면 될듯,4.0,그냥 무난무난해 여 체크 셔츠 입고 싶을 때 막입으면 될 듯
사이즈도 딱 좋고! 배송도 빠르고 할인할 때 사서 그런지 더 마음에 들어요!!,5.0,사이즈도 딱 좋고 배송도 빠르고 할인할 때 사서 그런지 더 마음에 들어요
아주아주 이쁘고 사진이랑 똑같아요 역시 잘 구매 했습니다!,5.0,아주 아주 이 쁘고 사진이랑 똑같아 요 역시 잘 구매 했습니다
진짜 이쁨 여름에 더워서 반팔 셔츠 찾았는데 딱 이거에요 개추,5.0,진짜 이 쁨 여름에 더워서 반팔 셔츠 찾았는데 딱 이거에 요 개추
진짜 퀄좋고 예뻐요 또 주문하려고요 감사합니다,5.0,진짜 퀄 좋고 예뻐요 또 주문하려고 요 감사합니다
색감은 올린 사진이랑 제일 비슷해요!! 자글자글한 소재가 마음에 듭니다  ᩚ  ᩚ 가격대비 짱 .. ᰔ  원래 사이즈를 크게 입는편이라 L 구매했어요 -! 얇고 가벼워서 더운여름에 딱일꺼같네요,5.0,색감은 올린 사진이랑 제일 비슷해 요 자글자글한 소재가 마음에 듭니다 가격 대비 짱 원래 사이즈를 크게 입는 편이라 구매했어요 얇고 가벼워서 더운 여름에 딱 일꺼 같네요
너무 마음에 들어요 자주 애용할거같아요 잘입겠습니다,5.0,너무 마음에 들어 요 자주 애용할 거 같아 요 잘 입겠습니다
진짜 이번여름에 산 셔츠중 재질이나 핏 제일만족스럽네요😊,5.0,진짜 이번 여름에 산 셔츠 중 재질이나 핏 제일 만족스럽네요
시원하고 아무데나 입기좋아요 티셔츠망 입다가 심심하면 입기에 딱좋은것 같아요 가격도 싸서좋아요,5.0,시원하고 아무데나 입기 좋아요 티셔츠 망 입 다가 하면 입기에 딱 좋은 것 같아 요 가격도 싸서 좋아요
"예약 배송이라 주문 후 물건 수령까지 2주 정도 걸렸지만 제품을 받고 입어보니 기다린 보람을 느끼고 있습니다☺️ 여름에도 입을 수 있는 셔츠가 하나 있으면 좋겠다고 생각해서 구매한건데 그 역할을 너무 잘 해내고 있어요 ㅎㅎ 충분히 넉넉하게 나와서 제 스펙에 L사이즈도 입을 수 있을 듯 해요. 저는 넉넉하게 입고 싶어서 XL시키긴 했지만요.. 180 넘으시는 분들은 그래도 XL 추천합니당🦒 화면에서 보이는 것처럼 회색 베이스에 체크무늬 옷이에요. 화면과 동일하게 생겼습니다. 주름이 진 상태로 나온 제품이라 자연스러움이 느껴지는 디자인이라고 생각했어요. 빳빳한 셔츠는 조금만 주름지면 되게 거슬리고, 평소에 입을 때 주름 지지 않게 신경을 많이 썼는데 이 셔츠는 그럴 필요가 없어서 여기저기 휘뚜루마뚜루 입고 있습니다😼 잠궈서 입어도 예쁘고 안에 흰 티를 입고 그 위에 걸쳐도 예뻐요. 저는 요즘 같이 무더운 날씨에는 이 셔츠 하나만 잠궈 입곤 해요😙 옷이 몸에 달라붙지 않아서 더운 날에도 입기 좋아요!! 무게도 전혀 무겁지 않습니다~ 앞쪽 포켓의 활용도가 생각보다 많아서 놀랐어요. 물론 이 포켓을 멋(!)으로 활용하기도 하지만 요즘같이 푹푹 찌는 날씨에 가방에서 카드, 핸드폰 꺼내기도 너무 귀찮더라구요.. 그래서 가슴쪽 양 포켓에 교통카드나 핸드폰 넣고 다니며 유용하게 사용하고 있습니다😙 제 핸드폰은 6.1인치인데 포켓에 딱 들어가네용~ 단추 힘이 약한 건 조금 아쉽니다😢 빨래 한 번 돌렸는데 단추 묶고 있는 실이 떨어져나왔어요🙀",5.0,
이 가격대 치고는 만족하면서 너무 잘 입었습니다. ,5.0,이 가격대 치고는 만족하면서 너무 잘 입었습니다
좀 큰사이즈사서 덥긴한데 루즈핏이고 이뻐요 색상이뻐요,5.0,좀 큰 사이즈 사서 덥긴 한데 루즈핏이 고 이 뻐요 색상이 뻐요
롤업해서 입으니깐 예쁘네용 다림질 안해도 돼서 좋아요 호호,5.0,롤업해서 입으니깐 예쁘네용 다림질 안 해도 돼서 좋아요
하늘 하늘 한 원다이고 시원 합니다. 가성비로 입기 좋네요 ,5.0,하늘 하늘 한 원 다이고 시원 합니다 가성비로 입기 좋네요
옷이 너무 시원하고 핏도 좋고 아주 마음에 들어요,5.0,옷이 너무 시원하고 핏도 좋고 아주 마음에 들어요
배송이 느렸지만 옷 이뻐요. 여름에도 입을만 하구 착용감도 좋아요 저는 L이 딱 좋은 거 같아요 ㅎ 다만 소매 부분은 그냥 안 접구 입는 게 좋은 거 같아요,4.0,배송이 느렸지만 옷 이 뻐요 여름에도 입을 만 하구 착용 감도 좋아요 저는 이 딱 좋은 거 같아 요 다만 소매 부분은 그냥 안 접구 입는 게 좋은 거 같아요
린넨소재 느낌으로 약간은 거친듯한 느낌이 있는 원단입니당. 체크무늬가 트렌디하고 아메카지룩에 찰떡이네용. 사이즈도  품이 넉넉하여 마음에듭니당. 잘입겠숩니당,5.0,린넨 소재 느낌으로 약간은 거친 듯한 느낌이 있는 원단입니 당 체크무늬가 트렌디하고 아메카지룩에 찰떡이 네용 사이즈도 품이 하여 마음에 듭니 당 잘 입겠숩니당
얇아서 여름에 입기 딱이고 소매 롤업하면 포인트도 돼서 좋아요,5.0,얇아서 여름에 입 기 딱이고 소매 롤업하면 포인트도 돼서 좋아요
얇고 우글거리는 소재라 살에도 안달라붙고 베리만족합니다. 무진장세일때 놓쳐서 못사고 다시 쿠폰먹여서 저렴하게 사서 좋습니다:) 평소사이즈 XL입는데 사실 L입어도 맞을꺼같은데 팔접어입고 박시하게 입으려고 XL삿는데 이쁩니다. 얼른 구매하세요!,5.0,얇고 우글거리는 소재라 살에도 안 달라붙고 베리 만족합니다 무진장 세일 때 놓쳐서 못 사고 다시 쿠폰 먹여서 저렴하게 사서 좋습니다 평소 사이즈 입는데 사실 입어도 맞을 꺼 같은데 팔 접어 입고 박시하게 입으려고 삿는데 이쁩니다 얼른 구매하세요
7/25 출고 예정이었는데 늦어져서 7/31에 출고될 수도 있다는 문자를 받았습니다. 그런데 예상보다 일찍 보내주셔서 감동!!  품이랑 소매 길이는 넉넉합니다! 그리고 두께가 얇아서 바람 불면 엄청 시원합니다!  항상 맏고 구매하는 파르티멘토 파이팅🔥,5.0,출고 예정이었는데 늦어져서 에 출고될 수도 있다는 문자를 받았습니다 그런데 예상보다 일찍 보내주셔서 감동 품이랑 소매 길이는 합니다 그리고 두께가 얇아서 바람 불면 엄청 시원합니다 항상 맏고 구매하는 파르 티멘토 파이팅
옷 야무짐 엄청 시원함 휴가가서도 입기 좋을듯 옷 예쁨,5.0,옷 야 무짐 엄청 시원함 휴서도 입기 좋을 듯 옷 예쁨
디자인도 그렇고 마음에 들어요! 팔부분은 꼭 롤업해서 입어야할 것 같아요. 오버핏으로 착용하기 좋습니다.,5.0,디자인도 그렇고 마음에 들어 요 팔 부분은 꼭 롤업해서 입어야 할 것 같아 요 오버핏으로 착용하기 좋습니다
가성비 너무 좋은 제품이고 얇은데 핏도 좋고 체크셔츠 입문으로 좋은선택 인거 같습니다.,5.0,가성비 너무 좋은 제품이고 얇은 데 핏도 좋고 체크 셔츠 입문으로 좋은 선택 인 거 같습니다
체크패턴듀 예쁘고 시원하니 잘입을꺼 같아요 잘입을게요 ,5.0,체크 패턴 듀 예쁘고 시원하니 잘 입을 꺼 같아 요 잘 입을 게요
얇고 시원해서 마음에 듭니다 다만 맨몸으로 입기엔 약간 거친 느낌이 있어서 에어리즘과 함께 입고있습니다 팔부분 끈과 단추가 있어서 접어입어도 예쁘고 풀어입어도 예뻐요 가성비 갑입니다!,5.0,얇고 시원해서 마음에 듭니다 다 만 맨몸으로 입기엔 약간 거친 느낌이 있어서 에어리즘과 함께 입고 있습니다 팔 부분 끈과 단 추가 있어서 접어 입어도 예쁘고 풀어 입어도 예뻐요 가성비 갑입니다
롤업 하프 셔츠라 핏이 러프하게 잘 나와서 좋은 거 같아요 다만 입었을 때 일부러 각이 잡혀져 있는 건지 밑으로 가면서 배 부분이 넓어져서 튀어나온 거 같네요,3.0,롤업 하프 셔츠라 핏이 러프하게 잘 나와서 좋은 거 같아 요 다만 입었을 때 일부러 각이 잡혀져 있는 건지 밑으로 가면서 배 부분이 넓어져서 튀어나온 거 같네요
이너로 티셔츠안입고 단품으로 입는게 더 이쁜거 같아요 기장 핏 적당해서 연청바지랑 코디하기 나쁘지않네요. 가볍고 얇아서 여름에 딱이네요,5.0,이너로 티셔츠 안 입고 단품으로 입는 게 더 이쁜 거 같아 요 기 장 핏 적당해서 연청바지랑 코디하기 나쁘지 않네요 가볍고 얇아서 여름에 딱이네요
뭔가 안 입은듯한 시원함은 없네요 하지만 편하게 입기 좋고 와이프는 보더니 이쁘다고 합니다,5.0,뭔가 안 입은 듯한 시원함은 없네요 하지만 편하게 입 기 좋고 와이프는 보더니 이 쁘다고 합니다
한치수ㅈ크게 살걸 그랬나 기장이 조금만 더 길었으면 좋겠네요ㅎㅎ,4.0,한 치수 크게 살 걸 그랬나 기장이 조금만 더 길었으면 좋겠네요
저렴한 가격에 구매해서 잘 입고있습니다. 원단감도 얇아서 여름에 입기좋고 색이 전체적으로 톤다운된 색감이라 하의를 밝게해서 포인트로 주고 위에 이 셔츠를 입었을때 밸런스가 매우 좋습니다,5.0,저렴한 가격에 구매해서 잘 입고 있습니다 원단 감도 얇아서 여름에 입기 좋고 색이 전체적으로 톤 다운된 색감이라 하의를 밝게 해서 포인트로 주고 위에 이 셔츠를 입었을 때 밸런스가 매우 좋습니다
옷도 예쁘고 소재감도 얇아서 입기 좋고 색감도 예뻐서 편하게 입기에 넘 좋아요,5.0,옷도 예쁘고 소재 감도 얇아서 입기 좋고 색감도 예뻐서 편하게 입기에 넘 좋아요
샹각보다 핏도 이쁘고 소매 쪽에 단추 있는게 너무 좋아요,5.0,샹각보다 핏도 이 쁘고 소매 쪽에 단추 있는 게 너무 좋아요
너무 시원하고 처음에 옷에서 냄새도 안나고 이 가격에 퀄리티가 너무 좋네오!!,5.0,너무 시원하고 처음에 옷에서 냄새도 안 나고 이 가격에 퀄리티가 너무 좋네오
구매하시면 꼭 돌돌이나 털고 입으시길 실밥이 많이 나와요,3.0,구매하시면 꼭 이나 털고 입으시길 실밥이 많이 나와요
아주 크지만 편하게 입으려고 샀어요 여름에 잘입을거같아요,5.0,아주 크지만 편하게 입으려고 샀어요 여름에 잘 입을 거 같아요
가볍고 주름이 안생겨서 너무 좋아요 세탁기돌리고 털어서 널어 놓으면 금방마르고 무엇보다도 옷이 너무 편해요,5.0,가볍고 주름이 안 생겨서 너무 좋아요 세탁기 돌리고 털어서 널어 놓으면 금방 마르고 무엇보다도 옷이 너무 편해요
소재도 시원하고 이쁘고 여름에 최적 자주 입고 다니는중,5.0,소재도 시원하고 이 쁘고 여름에 최적 자주 입고 다니는 중
옷을 자주 입고있어요 핏이 좋아서 손이 많이 갑니다,5.0,옷을 자주 입고 있어요 핏이 좋아서 손이 많이 갑니다
배송도 엄청 빠르고 면도 엄청 시원한 면이라서 만족스러워요,5.0,배송도 엄청 빠르고 면도 엄청 시원한 면이라서 만족스러워요
사이즈도 딱 맞고 재질도 시원해서 너무 좋습니다,5.0,사이즈도 딱 맞고 재질도 시원해서 너무 좋습니다
너무 흔하네요 얘는 한 삼일에 한번씩 보는 것 같아요,4.0,너무 흔하네요 얘는 한 삼일에 한 번씩 보는 것 같아요
색감이 유독 예뻤던 걸로 기억해요. 선물용으로 사줬거든요. 받은 사람도 만족해 했었습니다.,5.0,색감이 유독 예뻤던 걸로 기억해요 선물용으로 사줬거든요 받은 사람도 만족해 했었습니다
아주 귀여운 셔츠입니다 너무 마음에 들고 시원해요,5.0,아주 귀여운 셔츠입니다 너무 마음에 들고 시원해요
살짝 애매합니다 셔츠치고 핏도 어깨 좁아보였어요 한 사이즈 업해서 구매하기를 추천즈립니다,3.0,살짝 애매합니다 셔츠치고 핏도 어깨 좁아 보였어요 한 사이즈 업해서 구매하기를 추천즈립니다
사이즈 적당하고 부들부들한 재질이라 좋아용 추천드립니다,5.0,사이즈 적당하고 부들부들한 재질이라 좋아 용 추천 드립니다
셔츠가 이뻐서 샀다  정말 좋았다 최고였다 좋았다,5.0,셔츠가 이 뻐서 샀다 정말 좋았다 최고였다 좋았다
여름에 입기에도 소재가 얇고 나풀나풀거려서 괜찮아요. 소매 핏이 조금 애매한 게 오히려 좋기도 하고요. 다만...길에서 하루에 한 번씩 마주치는...,4.0,여름에 입기에도 소재가 얇고 나 풀나풀거려서 괜찮아요 소매 핏이 조금 애매한 게 오히려 좋기도 하고요 다만 길에서 하루에 한 번씩 마주치는
그냥 저냥 편하게 입기 좋다 사이즈는 살짝 크다 옷은 사진이랑 똑같다,4.0,그냥 저냥 편하게 입 기 좋다 사이즈는 살짝 크 다 옷은 사진이랑 똑같다
"여름 내내 애용한 제품입니다, 얇기가 얇지만 비침이 없어 안에 이너를 착용하지 않고도 입을 수 있습니다. 세탁 후 쭈글거리기는 하지만 다림질을 하거나 하지 않더라도 자연스러워 괜찮습니다",5.0,여름 애용한 제품입니다 얇기가 얇지만 비침이 없어 안에 이너를 착용하지 않고도 입을 수 있습니다 세탁 후 쭈글거리기는 하지만 다림질을 하거나 하지 않더라도 자연스러워 괜찮습니다
여행갈때 잘입었고 너무 이뻐서 잘산거같습니다,5.0,여행 갈 때 잘 입었고 너무 이 뻐서 잘산 거 같습니다
재질이 얇고 시원해 한여름에도 입기 좋았습니다,5.0,재질이 얇고 시원해 한 여름에도 입기 좋았습니다
잘 못 온 상품도 바로 교체해주셨고 역시나 인기 많은 이유가 있는 옷입니다.,5.0,잘 못 온 상품도 바로 교체해주셨고 역시나 인기 많은 이유가 있는 옷입니다
생각하던 핏이 그대로 나와서 맘에 들어요! 다음에 또 구매할게요,5.0,생각하던 핏이 그대로 나와서 맘에 들어 요 다음에 또 구매할 게요
패턴 예쁘고 소재 탄탄하니 좋아요 여름에 딱 이네요,4.0,패턴 예쁘고 소재 하니 좋아요 여름에 딱 이네요
셔츠원단이 엄청 시원하고 좋습니다 진짜 강추합니다,5.0,셔츠 원단이 엄청 시원하고 좋습니다 진짜 강추합니다
편하고 시원해서 여름철에도 입을만 한 몇 안 되는 셔츠입니다.,5.0,편하고 시원해서 여름철에도 입을 만 한 몇 안 되는 셔츠입니다
너무 크고 더운 재질이라 손이 잘 안 가요 그치만 예쁩니다,3.0,너무 크고 더운 재질이라 손이 잘 안 가요 그치만 예쁩니다
제가 좋아하는 티 top3안에 듭니다 넘 예쁘고 펀해요 굿,5.0,제가 좋아하는 티 안에 듭니다 넘 예쁘고 펀해요 굿
가성비 좋게 잘 구매해서 여름에 잘 입고있습니다 팔 단추 디테일도 좋아용,5.0,가성비 좋게 잘 구매해서 여름에 잘 입고 있습니다 팔 단추 디테일도 좋아용
부들부들하고 진짜 편해서 좋아요 옆에 팔 접을 수 있도록 단추도 있어서 더 예쁘게 접을 수 있어요,5.0,부들부들하고 진짜 편해서 좋아요 옆에 팔 접을 수 있도록 단추도 있어서 더 예쁘게 접을 수 있어요
이쁘고 무난해서 편하게 입기 좋아요 원단이 덥지도 않구요,5.0,이쁘고 무난해서 편하게 입 기 좋아요 원단이 덥지도 않구요
긴팔을 받아 교환요청을 했는데 반품하고 다시 벋는데 일주일이걸렸네요. ㅡㅡ 사이즈에 비해 길이가 좀 짧은듯한 느낌이긴 한데 세탁 후 입어봐야겠네요,3.0,긴팔을 받아 교환 요청을 했는데 반품하고 다시 벋는데 일주일이 걸렸네요 사이즈에 비해 길이가 좀 짧은 듯한 느낌이 긴 한데 세탁 후 입어봐야겠네요
크기가 좀 큰 편이지만 널널하게 입을 수 있어요!! 덥지 않은 재질,4.0,크기가 좀 큰 편이지만 하게 입을 수 있어요 덥지 않은 재질
183/90 XL 옷 이쁘고 맘에드네요 가성비 굳굳,5.0,옷 이 쁘고 맘에드네요 가성비
핏이 너무 많이 아쉬워요 ㅠㅜ 재질도 좋지 않고요 이 가격에 다른 상품을 사는 게 훨씬 나아요,2.0,핏이 너무 많이 아쉬워요 재질도 좋지 않고요 이 가격에 다른 상품을 사는 게 훨씬 나아요
사이즈도 널널하고 시원하고 부들부들한 재질이라 여름에 입기 좋아요 근데 단추 풀때 자꾸 걸려요...,5.0,사이즈도 하고 시원하고 부들부들한 재질이라 여름에 입 기 좋아요 근데 단추 풀 때 자꾸 걸려요
재질도 부드러우면서 좋고 코디 매칭할때도 좋아요! 다만 클론이 정말 너무 많어요...ㅎㅎ ,5.0,재질도 부드러우면서 좋고 코디 매칭할 때도 좋아요 다만 클론이 정말 너무 많어요
올 여름에 제일 많이 본 반팔셔츠 같은데 팔이 단추 디테일이 좋아요,5.0,올 여름에 제일 많이 본 반팔 셔츠 같은데 팔이 단추 디테일이 좋아요
큰 기대 안하고 구매하였는데 생각보다 괜찮아서 휘뚜루 입고 다니기 좋습니다.,4.0,큰 기 대 안 하고 구매하였는데 생각보다 괜찮아서 휘뚜루 입고 다니기 좋습니다
매우 이쁘네여매우 이쁘네여매우 이쁘네여매우 이쁘네여,5.0,매우 이쁘네 여 매우 이쁘네 여 매우 이쁘네 여 매우 이쁘네여
오버핏이라 박시하게 입기 좋습니다. 이쁩니다 잘입겠습니다,5.0,오버핏이라 박시하게 입 기 좋습니다 이쁩니다 잘 입겠습니다
"옷도 크고 재질도 짱짱탄탄해서 좋네요. 두께감이 조금있어서 봄,가을에 딱일듯",5.0,옷도 크고 재질도 해서 좋네요 두께감이 조금 있어서 봄 가을에 딱 일 듯
예뻐요. 하늘하늘 한 것도 느낌이 좋고. 팔에 단츄를 이용한 디테일도 좋고,5.0,예뻐요 하늘하늘 한 것도 느낌이 좋고 팔에 단츄를 이용한 디테일도 좋고
색깔 똑같고 완전 시원해요! 여름에도 입기 좋은 것 같아요,5.0,색깔 똑같고 완전 시원해요 여름에도 입기 좋은 것 같아요
좋아요 약간 공대생 같긴한데; 맘에 드네요 완전 부드러운 재질은 아닙니다,5.0,좋아요 약간 공대생 같긴 한데 맘에 드네요 완전 부드러운 재질은 아닙니다
사진보다 색이 좀 더 어두운 느낌이 없지않아 있는데 그래도 충분히 이쁘고 재질이 가벼워서 여름에 입기 좋은거 같아요!,4.0,사진보다 색이 좀 더 어두운 느낌이 없지 않아 있는데 그래도 충분히 이 쁘고 재질이 가 벼워서 여름에 입 기 좋은 거 같아요
여자 분들은 아무리 덩치 있으셔도 M이 적당한듯 팔 접는 디테일이 너무 귀여워요,5.0,여자 분들은 아무리 덩치 있으셔도 이 적당한 듯 팔 접는 디테일이 너무 귀여워요
저렴한 가격에 시원한 재질이라 한여름에 입어도 별로 안더워요,5.0,저렴한 가격에 시원한 재질이라 한 여름에 입어도 별로 안 더워요
옷 색감도 예쁘고 얇아서 지금같은 여름에 입기 좋아요. 또한 팔걷이 잡아주는 부분이 좋습니다~,4.0,옷 색감도 예쁘고 얇아서 지금 같은 여름에 입 기 좋아요 또한 팔걷이 잡아주는 부분이 좋습니다
여름~가을까지 입을 수 있고 얇아서 시원할 것 같아요,5.0,여름 가을까지 입을 수 있고 얇아서 시원할 것 같아요
일단 소재가 너무 맘에들었고 반팔기장도 딱 코디하기 예쁘게 잘 떨어졌습니다!,5.0,일단 소재가 너무 맘에 들었고 반팔기장도 딱 코디하기 예쁘게 잘 떨어졌습니다
옷은 맘에 드는데 입고 나가면 하루에 한번 이상은 꼭 같은 옷 입은 사람 보여요.... 주변 사람들이 네 셔츠입었다고 말해주네요ㅋㅋ,5.0,옷은 맘에 드는 데 입고 나가면 하루에 한 번 이상은 꼭 같은 옷 입은 사람 보여 요 주변 사람들이 네 셔츠 입었다고 말해주네요
잘입겠습니다 옷 이뻐요 추천드립미다요 담사요,5.0,잘 입겠습니다 옷 이 뻐요 추천드립 미다요 담사요
흐물흐물한 원단감에 약간 비치고 엄청 시원합니다 그리고 팔 롤업하면 이뻐요,4.0,흐물흐물한 원단감에 약간 비치고 엄청 시원합니다 그리고 팔 롤업하면 이 뻐요
택배 받자마자 입어봤는데 단추가 떨어질 거 같았어요 ㅠㅠ 그래서 전체적으로 한 번 더 손 봐줬어요 그거 말곤 너무너무 예쁘고 맘에 들어욤,5.0,택배 받자마자 입어봤는데 단추가 떨어질 거 같았어요 그래서 전체적으로 한 번 더 손 봐줬어요 그거 말곤 너무너무 예쁘고 맘에 들어욤
장점 - 가격대비 이쁘게 입을 수 있는 반팔 셔츠 단점 - 사람 많은 곳에서는 똑같은 옷이 많이 보일 수 있음,5.0,장점 가격 대비 이쁘게 입을 수 있는 반팔 셔츠 단점 사람 많은 곳에서는 똑같은 옷이 많이 보일 수 있음
배송도빠르고 시원해서 여름철에 입기 적합합니다,5.0,배송도 빠르고 시원해서 여름철에 입 기 적니다
짱 시원해여…. 다들 제발 사새여 ㅠㅠ 동생도 같이 입는데 사이즈 딱 좋아여 굳굳!,5.0,짱 시원해 여 다들 제발 사새 여 동생도 같이 입는데 사이즈 딱 좋아 여
여름에 입고다니기 너무 좋아요! 유넥이랑 입어서 편한 느낌을 주거나 롤업할땐 슬리브리스도 괜찮더라구요. 이너없이 입기엔 셔츠 사이즈가 생각보다 커서 이너 꼭 입게 되더라구요.. 그리구 요즘 인기가 많은지 길거리에 조금 많이.. 보입니다. 그래도 편하고 이쁘게 잘 입고 다녀요,5.0,여름에 입고 다니기 너무 좋아요 유넥이랑 입어서 편한 느낌을 주거나 롤업할 땐 슬리브리스도 괜찮더라구 요 이 너 없이 입기엔 셔츠 사이즈가 생각보다 커서 이너 꼭 입게 되더라구 요 그리 구 요즘 인기가 많은 지 길거리에 조금 많이 보입니다 그래도 편하고 이쁘게 잘 입고 다녀요
부들부들하고 일반셔츠보다 입었을때 엄청 편합니다,3.0,부들부들하고 일반 셔츠보다 입었을 때 엄청 편합니다
예쁜데 입고 나가면 똑같은 옷 10명은 있어요 그정도로 인기가 많네요,5.0,예쁜데 입고 나가면 똑같은 옷 명은 있어요 그 정도로 인기가 많네요
올 여름 시원하게 잘 입고 다녔습미다 코디하기도 쉬워요,5.0,올 여름 시원하게 잘 입고 다녔습 미다 코디하기도 쉬워요
예뻐요 사이즈도 넉넉하고 패턴이 넘 맘에드네요 ! 여자가 입어도 박시하게 예쁜 것 같아용,5.0,예뻐요 사이즈도 하고 패턴이 넘 맘 에드네요 여자가 입어도 박시하게 예쁜 것 같아용
엄마한테 셔츠 예쁘다고 칭찬받았습니다. 특유의 소재와 체크무늬가 좋습니다.,4.0,엄마한테 셔츠 예쁘다고 칭찬받았습니다 특유의 소재와 체크무늬가 좋습니다
사이즈는 오버합니다! 소매 단추있어서 여러 스타일 가능해요,5.0,사이즈는 오버합니다 소매 단추 있어서 여러 스타일 가능해요
셔츠 이쁘고 얇아서 덥지도 않아가지고 잘 입고 다녔어요,5.0,셔츠 이 쁘고 얇아서 덥지도 않아 가지고 잘 입고 다녔어요
맛도리입니다 날이너무 더워 생각보다 많이 입지는 못했네요 ㅠㅠ,5.0,맛도리입니다 날이 너무 더워 생각보다 많이 입지는 못했네요
여름에 입기에 좋은 원단이고 가볍게 입기에 좋아요,5.0,여름에 입기에 좋은 원단이고 가볍게 입기에 좋아요
옷이 이뻐서 단품도 좋고  반팔에겹쳐서 입는것도 이쁘네요,5.0,옷이 이 뻐서 단품도 좋고 반팔에 겹쳐서 입는 것도 이 쁘네요
일본청년이 된거같아 좋네요 시티보이 룩에 캐쥬얼하고 이쁩니다,5.0,일본 청년이 된 거 같아 좋네요 시티 보이 룩에 캐쥬얼하고 이쁩니다
"너무 편하고 휘뚜루 마뚜루라 진짜 자주 입음 .. 근데 이게 소문이 났는지 여기저기 파르티멘토 셔츠가 보임 ,, 나도 모르게 커플셔츠 엄청 맞춤 ,, 그치만 포기 못하는 휘뚜루마뚜루임",5.0,너무 편하고 휘뚜루 마뚜루라 진짜 자주 입음 근데 이게 소문이 났는지 여기저기 파르티멘토 셔츠가 보임 나도 모르게 커플 셔츠 엄청 맞춤 그치만 포기 못하는 휘뚜루마 뚜루임
입고 나가면 강제 커플룩 됨 질은....잘 몰루겟슴.ᐟ .ᐟ  그냥저냥,3.0,입고 나가면 강제 커플룩 됨 질은 잘 몰루겟슴 그냥 저냥
하늘하늘하니 여름에 반팔위에 휘뚜루 걸치기 좋습니다. 디자인도 마음에 들어요!,5.0,하늘하늘하니 여름에 반 팔 위에 휘뚜루 걸치기 좋습니다 디자인도 마음에 들어요
여름에 시원하게 입기 매우 좋습니다 만족스럽네요~,5.0,여름에 시원하게 입 기 매우 좋습니다 만족스럽네요
여름철에 입긴 덥지만 나름대로 잘 입고 다녔어요,5.0,여름철에 입긴 덥지만 나름대로 잘 입고 다녔어요
색상이 화면하고 똑같아요 사이즈는 약간 오버핏으로 입으니 좋아요,5.0,색상이 화면하고 똑같아 요 사이즈는 약간 오버핏으로 입으니 좋아요
예쁜 반팔셔츠 발견하고 얼른 구매했습니다 하자가있었지만 재고가 없어서 그냥 입으려고요 ㅎ,5.0,예쁜 반팔 셔츠 발견하고 얼른 구매했습니다 하자가 있었지만 재고가 없어서 그냥 입으려고 요
여름에 너무 예쁘고 시원하게 잘입었습니다 ~~ 근데 땀나면 좀 따가워요 그게 단점,5.0,여름에 너무 예쁘고 시원하게 잘 입었습니다 근데 땀나면 좀 따가 워요 그게 단점
재질좋고 여름에 입기 좋은거 같네요 잘 샀습니다!!!,5.0,재질 좋고 여름에 입 기 좋은 거 같네요 잘 샀습니다
소재가 시원해서 여름에 입고 다나기 정말 좋아요!,5.0,소재가 시원해서 여름에 입고 다나기 정말 좋아요
롤업하면 팔길이도 예쁘게 떨어지고 소재도 시원해서 잘 입을게요,5.0,롤업하면 팔 길이도 예쁘게 떨어지고 소재도 시원해서 잘 입을 게요
체형이 크나 작으나 핏이좋고  달라붙지않아 시원하네요. 성별구분없이 다양한 연령대에서 착용하기좋아 다시 재구매하네요. 여160에 48키로 남183에63키로,5.0,체형이 크나 작으나 핏이 좋고 달라붙지 않아 시원하네요 성별 구분 없이 다양한 연령대에서 착용하기 좋아 다시 재구매하네요 여에 키로 남에키로
여름에 반팔티만 입기 지겨울때 추천합니다.! 재질도 얇아서 좋아요,5.0,여름에 반 팔티만 입기 지겨울 때 추천합니다 재질도 얇아서 좋아요
너무 맘에 들고 좋아요 색깔 별로 구매하는 중 입니다.,5.0,너무 맘에 들고 좋아요 색깔 별로 구매하는 중 입니다
예쁘고 편해서 좋습다 보풀이 조금 아쉬워요 여름에 입기 좋아용,4.0,예쁘고 편해서 좋습 다 보풀이 조금 아쉬워요 여름에 입 기 좋아용
후기 좋은 이유가 잇네요 살에 달라붙지않아 여름에 입기 좋아요,5.0,후기 좋은 이유가 잇네요 살에 달라붙지 않아 여름에 입 기 좋아요
아따 맛있다잇 괜찮네요!! 가성비로 입기 좋아요!!  얇은데 바람이 잘통하는건 아녜요. 전체적으로 괜찮았어요!,5.0,아따 맛있다잇 괜찮네요 가성비로 입 기 좋아요 얇은 데 바람이 잘 통하는 건 아녜요 전체적으로 괜찮았어요
이정도 가격으로 봤을때 나쁘지 않은것 같습니다,4.0,이 정도 가격으로 봤을 때 나쁘지 않은 것 같습니다
출퇴근 교복으로 입고있는데 편하고 좋습니다ㅎㅎ 잘입을게요,4.0,출퇴근 교복으로 입고 있는데 편하고 좋습니다 잘 입을 게요
여름에 입기 너무 좋고 옷이 시원시원 하네요 만족스럽습니다!,5.0,여름에 입 기 너무 좋고 옷이 시 원시원 하네요 만족스럽습니다
좋아요잉 얇고 시원해요잉 상상이상으로 크긴 해요잉,5.0,좋아 요잉 얇고 시원해 요잉 이상으로 크긴 해요잉
폼이 살짝 크긴 한데 기장감도 딱이고 핏도 좋습니다.,5.0,폼이 살짝 크긴 한데 기장감도 딱이 고 핏도 좋습니다
"핏이 너무 예쁘고, 깔끔하게 입기 좋아요! 강추입니다.",5.0,핏이 너무 예쁘고 깔끔하게 입 기 좋아요 강 추입니다
여름에 셔츠 하나 필요해서 사봤는데 너무 좋네요,4.0,여름에 셔츠 하나 필요해서 사봤는데 너무 좋네요
옷은 참 이쁩니다 근데 입는 사람이 너무 많아서 입고 나가면 지하철에서  다섯명은 보입니다 ㅋㅋ 옷 겹치는거 싫으신 분들은 비추합니다,5.0,옷은 참 이쁩니다 근데 입는 사람이 너무 많아서 입고 나가면 지하철에서 다섯 명은 보입니다 옷 겹치는 거 싫으신 분들은 비추합니다
저렴히 구매한 만큼 딱 그정도에 퀄리티.. 단추 마감도 아쉽고 기장도 짧은 편이라 아쉬움.. 또 길거리에서 은근히 보임,3.0,저렴히 구매한 만큼 딱 그 정도에 퀄리티 단추 마감도 아쉽고 기장도 짧은 편이라 아쉬움 또 길거리에서 은근히 보임
한여름에 입기도 좋을만큼 시원해요 힙해보입니다,5.0,한여름에 입기도 좋을 만큼 시원해요 힙해 보입니다
남자친구 선물해줘서 여름에 더운데 시원하게 입기 좋아요,5.0,남자친구 선물해줘서 여름에 더운데 시원하게 입 기 좋아요
단추색상이 어두웠으면 좋았을텐데 전체적인 마감이 약한게 조금 아쉬움,4.0,단추색상이 어두웠으면 좋았을 텐데 전체적인 마감이 약한 게 조금 아쉬움
시원하게 잘입고 있습니다~ 단점이라면..입고다니는 분들이 많다는거..,5.0,시원하게 잘 입고 있습니다 단점이라면 입고 다니는 분들이 많다는 거
쭈글쭈글해서 그냥 막 걸치기 이쁜것같아요 굿굿,5.0,쭈글쭈글해서 그냥 막 걸치기 이쁜 것 같아요
여름가을에 레이어두로 입기 좋아요. 추천합니다~,5.0,여름 가을에 레이어 두로 입 기 좋아요 추천합니다
163인 제 키에 조금 큰 오버핏! 걸치는 용도로 입어도 그냥 메인으로 입어도 너무 이뻐요,5.0,인 제 키에 조금 큰 오버핏 걸치는 용도로 입어도 그냥 메인으로 입어도 너무 이 뻐요
완전 여름용 셔츠라서 오히려 입기 편했던거 같습니다,5.0,완전 여름용 셔츠라서 오히려 입 기 편했던 거 같습니다
날씨가 더워서 그런지 생각보다 자주 입지는 못했습니다. (더워용..),3.0,날씨가 더워서 그런지 생각보다 자주 입지는 못했습니다 더워용
사이즈가 크긴한데 어마어마하게 큰 정도는 아니구 편하게 입을만하게 커요! 근데 재질이 좀 더운 것 같슴다..,5.0,사이즈가 크긴 한데 어 마어마하게 큰 정도는 아니 구 편하게 입을 만하게 커요 근데 재질이 좀 더운 것 같슴다
배송도 빨랏고 옷도 완전 좋고 핏도 완전 좋습니다,5.0,배송도 빨랏고 옷도 완전 좋고 핏도 완전 좋습니다
옷이 재질이 시원하고 롤업 단추가 있는게 포인트가 됩니다.,5.0,옷이 재질이 시원하고 롤업 단추가 있는 게 포인트가 됩니다
옷은 예쁘고 좋지만 너무 많은사람이 입는다는 단점이...,4.0,옷은 예쁘고 좋지만 너무 많은 사람이 입는다는 단점이
얇고 시원해요. 바람에 살랑살랑 휘날리는 셔츠 굿,5.0,얇고 시원해요 바람에 살랑살랑 휘날리는 셔츠 굿
처음엔 코디가 어려웠는데 계속 착용하니 예쁜 것 같아요,4.0,처음엔 코디가 어려웠는데 계속 착용 하니 예쁜 것 같아요
이뿐데 주변에 너무 많이보여요.. 이젳못입겟어요,5.0,이 뿐데 주변에 너무 많이 보여 요 이젳 못 입겟어요
색상도 너무 마음에 들고 넉넉하니 편하게 입기 좋아요,5.0,색상도 너무 마음에 들고 하니 편하게 입 기 좋아요
시원한 재질이라 진짜 더웠던 이번 여름에 조금이나마 시원하게 옷 입고 외출 할 수 있었어요!,5.0,시원한 재질이라 진짜 더웠던 이 번 여름에 조금이나마 시원하게 옷 입고 외출 할 수 있었어요
일단 단품으로 입기에도 좋았고 이쁘고 시원헤서 아주 만족했습니다,5.0,일단 단품으로 입기에도 좋았고 이 쁘고 시 원헤서 아주 만족했습니다
얇고 엄청 시원해요 근데 이쁘니까 여름에 자꾸 손이가요,5.0,얇고 엄청 시원해요 근데 이쁘니까 여름에 자꾸 손이 가요
얇고 팔접는 디테일이 있어서 더 좋았습니다 색도 빈티지스럽고 좋아요,5.0,얇고 팔 접는 디테일이 있어서 더 좋았습니다 색도 빈티지스럽고 좋아요
예쁘고 좋아요 근데 건조기 한번 돌리면 두번은 못 입습니다ㅠ,3.0,예쁘고 좋아요 근데 건조기 한 번 돌리면 두 번은 못 입습니다
가격 좋고 지금은 에어컨으로 시원한 실내에서 주로 입고 있네요,5.0,가격 좋고 지금은 에어컨으로 시원한 실 내에서 주로 입고 있네요
패턴이랑 색이 너무 취향이였는데 단추가 몇번 안입었는데 떨어져서 아쉬웠습니다,5.0,패턴이랑 색이 너무 취향이였는데 단추가 몇 번 안 입었는데 떨어져서 아쉬웠습니다
어디에 입어도 찰떡이네요 !! 꾸안꾸 입어도 좋고 단추를 다 잠구고 슬림한 넥타이 매고 꾸며도 이뻐요 !,5.0,어디에 입어도 찰떡이네요 꾸안 꾸 입어도 좋고 단추를 다 잠구 고 슬림한 넥타이 매고 꾸며 도 이 뻐요
색감 패턴 디자인 핏 다 좋습니다 시원하고 최고예요,5.0,색감 패턴 디자인 핏 다 좋습니다 시원하고 최고예요
흐물흐물 재질에 얇아서 좋아요. 팔 접을 수 있는 부분도 마음에 듦.,4.0,흐물흐물 재질에 얇아서 좋아요 팔 접을 수 있는 부분도 마음에 듦
옷은 이쁜데 보풀이 생기고 단추부분은 너무 약해서 떨어지고… 오래 못 입을 듯,2.0,옷은 이 쁜데 보풀이 생기고 단추 부분은 너무 약해서 떨어지고 오래 못 입을 듯
남자친구 선물해줬는데 예뿌다고 조아해요 안튀는데 예쁜 체크라서 저도 맘에 들어용,5.0,남자친구 선물해줬는데 예뿌다고 조아해요 안 튀는데 예쁜 체크라서 저도 맘에 들어용
배송도 빨랐고 주름이 자연스러워서 자주 입을 수 있다는 점이 좋고 얇아서 시원함,5.0,배송도 빨랐고 주름이 자연스러워서 자주 입을 수 있다는 점이 좋고 얇아서 시원함
디테일도 있고 이쁘긴 한데 진짜 입고 다니는 사람 너어무 많음,5.0,디테일도 있고 이 쁘긴 한데 진짜 입고 다니는 사람 너어 무 많음
남자친구랑 커플로 맞췄어요 아주 귀엽고 시원해 버입니다~!><,5.0,남자친구랑 커플로 맞췄어요 아주 귀엽고 시원해 버입니다
남자칭구랑 커플로 맞췄어요 아주 귀엽고 시원해 보입니다~!><,5.0,남자 칭 구랑 커플로 맞췄어요 아주 귀엽고 시원해 보입니다
어깨가 넓은편인데 소매 잘접어서 입으니까 예쁘네요! 색도 맘에 들고 잘입을게요,5.0,어깨가 넓은 편인데 소매 잘 접어서 입으니까 예쁘네요 색도 맘에 들고 잘 입을 게요
굉장히 얇아서 시원하고 품도 넓어서 활동할때 편합니다 그리고 옷이뻐요! 다만 단추구멍에 실밥이 이중으로 갈라져있어서 단추를 잠그거나 풀때 걸리는데 마감처리 약간 아쉬운거빼곤 좋아요,4.0,굉장히 얇아서 시원하고 품도 넓어서 활동할 때 편합니다 그리고 옷이 뻐요 다만 단추 구멍에 실밥이 이 중으로 갈라져 있어서 단추를 잠그거나 풀 때 걸리는데 마감 처리 약간 아쉬운 거 빼곤 좋아요
재질도 좋고 배송도 빨라서 잘 받았습니다 잘쓸게요,5.0,재질도 좋고 배송도 빨라서 잘 받았습니다 잘 쓸게요
톤 다운된 색상에 두께도 얇아서 여름에 입기 좋습니다.,4.0,톤 다운된 색상에 두께도 얇아서 여름에 입 기 좋습니다
여태 옷사서 같은 옷 본적이 거의 없눈데 이건 진짜 일주일에 3명은 보는 거 같아용 ㅎ 눈치게임하면서 잘 입고 있습니다.. 얇고 가벼워서 편하게 착용가눙,4.0,여태 옷 사서 같은 옷 본 적이 거의 없눈 데 이건 진짜 일주일에 명은 보는 거 같아 용 눈치게임하면서 잘 입고 있습니다 얇고 가벼워서 편하게 착용 가눙
재질 시원하고 좋아요 팔쪽에 단추가 뒤에도 있었으몀 좋겠어요,5.0,재질 시원하고 좋아요 팔 쪽에 단추가 뒤에도 있었으몀 좋겠어요
예쁘긴 한데 입고 나가면 같은 옷 입은 사람 무조건 마주쳐서 약간 머쓱합니다 헣헣,3.0,예쁘긴 한데 입고 나가면 같은 옷 입은 사람 무조건 마주쳐서 약간 머쓱 합니다
무난무난 하고 재질이 시원시원해서 입기편합니다,4.0,무난무 난 하고 재질이 시 원시원해서 입기 편합니다
"디자인과 소재는 좋으나 기본적인 옷 품질 자체가 매우 떨어집니다. 단추, 단추구멍 등의 처리가 제대로 안되어있어 실밥 풀리고 단추 들어갔는데 안빠지고 이런 말도안되는 퀄리티는 처음이네요. 옷 여기저기 실밥 나와있어 지저분하네요. 돈이 아까워요",2.0,디자인과 소재는 좋으나 기 본적인 옷 품질 자체가 매우 떨어집니다 단추 단 추 구멍 등의 처리가 제대로 안 되어 있어 실밥 풀리고 단추 들어갔는데 안 빠지고 이런 말도 안 되는 퀄리티는 처음이네요 옷 여기저기 실밥 나와 있어 지저분하네요 돈이 아까워요
저는 일본여행갈때 입었습니다 혹시 일본 가시는분들 저 이거입은사람 6명 봤습니다 한 식당안에 3 명이 같은 남방이였어요  이쁘지만 흔함 조심,5.0,저는 일본 여행 갈 때 입었습니다 혹시 일본 가시는 분들 저 이 거입은 사람 명 봤습니다 한 식당 안에 명이 같은 남방이였어요 이 쁘지만 흔함 조심
일단 소재가 시원해서 입기 좋습니다 그리고 예뻐요  근데 단추가 잘 떨어집니다 그것만 빼면 완벽해요,5.0,일단 소재가 시원해서 입 기 좋습니다 그리고 예뻐요 근데 단추가 잘 떨어집니다 그것만 빼면 완벽해요
흔하긴 한데 그만큼 무난하게 이쁜 셔츠인거 같아요,5.0,흔하긴 한데 그만큼 무난하게 이쁜 셔츠인 거 같아요
원단이 편해서 좋아요 그리고 깔끔해서 어디든 매치하기 좋아요,5.0,원단이 편해서 좋아요 그리고 깔끔해서 어디든 매치하기 좋아요
몸에도 안붙고 시원한재질이라 잘 입고다녔어요!! 근데.. 길에 똑같은거 입고다니는사람이 너무많음,5.0,몸에도 안 붙고 시원한 재질이라 잘 입고 다녔어요 근데 길에 똑같은 거 입고 다니는 사람이 너무 많음
넉넉하고 원하던핏이에요 저는 반바지에 빼입해서입는게 나은것같아요.,5.0,하고 원하던 핏이에 요 저는 반 바지에 빼입해서 입는 게 나은 것 같아요
디자인예쁘고 편하고 좋네요  다만 얇은버전은 보풀이 좀 생겨서 아쉬워요 ,5.0,디자인 예쁘고 편하고 좋네요 다만 얇은 버전은 보풀이 좀 생겨서 아쉬워요
시원하게 입으라고 선물용으로 샀는데 아주 좋아하네요! 편하게 아무대나 입을수 있어 만족스럽습니다,5.0,시원하게 입으라고 선물용으로 샀는데 아주 좋아하네요 편하게 아무대나 입을 수 있어 만족스럽습니다
시원하게 입을거 샀는데 만족스럽네요.. 편하게 입을수 있어서 좋습니다.,5.0,시원하게 입을 거 샀는데 만족스럽네요 편하게 입을 수 있어서 좋습니다
팔옆 단추 디테일도 좋았고 바삭하려다가 만 얇은 재질이라 너무좋았습니다,5.0,팔 옆 단추 디테일도 좋았고 바삭하려다가 만 얇은 재질이라 너무 좋았습니다
반팔 셔츠 하나 사고싶어서 샀는데 이뻐요 좀 힙한느낌도 나구 만족합니당,5.0,반팔 셔츠 하나 사고 싶어서 샀는데 이 뻐요 좀 힙한 느낌도 나 구 만족합니당
별로. 퀄 너무 구림 진짜 1~2번 입고 버려야함. 마감도 똑바로 안됨,1.0,별로 퀄 너무 구림 진짜 번 입고 버려야 함 마감도 똑바로 안 됨
핏도 좋고 재질도 시원해서 너무 좋아요 여행갈때 입기 딱이에여,5.0,핏도 좋고 재질도 시원해서 너무 좋아요 여행 갈 때 입기 딱이에 여
요즘 이거만 입는 중 소매 디테일부터 흐물흐물한 느낌까지 이번시즌에 딱,5.0,요즘 이 거만 입는 중 소매 디테일부터 흐물 흐물한 느낌까지 이번 시즌에 딱
핏도 이쁘고 탄탄해서 오래입을 수 있을 것 같네요,5.0,핏도 이 쁘고 해서 오래 입을 수 있을 것 같네요
집 밖 마실용으로 마련했는데 아주 잘 산 반팔 셔츠,5.0,집 밖 마실용으로 마련했는데 아주 잘 산 반팔 셔츠
핏감도 너무 좋았고 색깔도 너무 잘 빠졌어요 믿고 사세요,5.0,핏감도 너무 좋았고 색깔도 너무 잘 빠졌어요 믿고 사세요
"시원한 재질이고 이너없이 입어도 편했어요, 하의 어떤거랑 입어도 잘어울림!",5.0,시원한 재질이 고 이 너 없이 입어도 편했어요 하의 어떤 거랑 입어도 잘 어울림
핏감이 정말.좋고 컬러감도 고급지네요 정말 만족합니다^^,5.0,핏감이 정말 좋고 컬러감도 고급 지네요 정말 만족합니다
여름에 더운데 얇아서 좋고 체크가 이뻐서 더 맘에 들어요,5.0,여름에 더운데 얇아서 좋고 체크가 이 뻐서 더 맘에 들어요
오버핏으로 입고싶으면 한치수 크게 입는거 추천해요 실물이 훨 이쁩니당,5.0,오버핏으로 입고 싶으면 한 치수 크게 입는 거 추천해요 실물이 훨 이쁩니당
편하고 재질도 좋고 이뻐요ㅠ 자주 입을거같아요 굿,5.0,편하고 재질도 좋고 이 뻐요 자주 입을 거 같아 요 굿
팔 접고 고정이 가능해서 좋았고 시원해서 좋았어요 ,4.0,팔 접고 고정이 가능해서 좋았고 시원해서 좋았어요
제품에 문제가 있었는데 빠르게 교환처리 해주셨습니다. 정상제품 입어보니 문제가 있던 상품은 사이즈도 잘못되어 있었어요.  꼼꼼하게 확인해주시면 더 좋을거 같습니다. 옷은 너무 이뻐서 자주 손이 갈거 같아요. as빠르게 해주셔서 감사합니다.,5.0,제품에 문제가 있었는데 빠르게 교환 처리 해주셨습니다 정상 제품 입어보니 문제가 있던 상품은 사이즈도 잘못되어 있었어요 하게 확인해주시면 더 좋을 거 같습니다 옷은 너무 이 뻐서 자주 손이 갈 거 같아 요 빠르게 해주셔서 감사합니다
얇고 부들부들해서 좋습니다 가슴쪽 포켓이 생각보다 큽니다 소매를 접어 고정할 수 있어서 좋습니다,4.0,얇고 부들부들 해서 좋습니다 가슴 쪽 포켓이 생각보다 큽니 다 소매를 접어 고정할 수 있어서 좋습니다
셔츠가 하늘하늘 해서 느낌있고 통풍도 잘되서 다른 셔츠에비해 훨씬 시원해요 !  크게 입는거 추천드려요 핏 장난아님 😊,5.0,셔츠가 하늘하늘 해서 느낌 있고 통풍도 잘 되서 다른 셔츠에 비해 훨씬 시원해요 크게 입는 거 추천 드려 요 핏 장난아님
생각보다 더워요 한여름빼고는 괜찮을것같아요,5.0,생각보다 더워요 한 여름 빼고는 괜찮을 것 같아요
얇아서 좋은데 앞면 기장이 뒷면 기장보다 좀 많이 짧아서 아쉬워요,4.0,얇아서 좋은데 앞면 기장이 뒷면 기 장보다 좀 많이 짧아서 아쉬워요
"옷의 가벼움, 무난함이 좋습니다. 다만 다른 리뷰에도 볼 수 있듯 마감 처리가 거의 엉망이라 해도 과언이 아닙니다. 단추 한 개 제외 하고 전체 다시 손수 꿰맸습니다. 실밥 조금만 빼내도 단추가 다 빠져요. 애초애 처음부터 꿰맬 생각하시고 구매하시는 게 좋을 거 같습니다.",2.0,옷의 가 벼움 무난함이 좋습니다 다 만 다른 리뷰에도 볼 수 있듯 마감 처리가 거의 엉망이라 해도 과 언이 아닙니다 단추 한 개 제외 하고 전체 다시 손수 꿰맸습니다 실밥 조금만 빼내도 단 추가 다 빠져요 애초 애 처음부터 꿰맬 생각하시고 구매하시는 게 좋을 거 같습니다
너무이뻐요!! 부들부들한 제질이여서 핏도 좋아요,5.0,너무 이 뻐요 부들부들 한 제질이여서 핏도 좋아요
시원하고 팔랑팔랑 거려서 입기 좋습니다 이런셔츠를 찾고있었어요,5.0,시원하고 팔랑팔랑 거려서 입 기 좋습니다 이런 셔츠를 찾고 있었어요
정말 입문용으로 잊기 좋은 셔츠인거 같아요 통도 널널하니 정말 좋았어요,5.0,정말 입문용으로 잊기 좋은 셔츠인 거 같아 요 통도 하니 정말 좋았어요
이번 여름에 엄청 많이 입고 다닌 셔츠가 아닐까 싶네요 같은 옷 입은 사람이 많이 보이긴 하는데 좋아여,5.0,이번 여름에 엄청 많이 입고 다닌 셔츠가 아닐까 싶네요 같은 옷 입은 사람이 많이 보이긴 하는데 좋아여
색감이랑 핏이 정말 맘에들어요 대충 걸쳐도 예쁩니다~~,5.0,색감이랑 핏이 정말 맘에 들어 요 대충 걸쳐도 예쁩니다
여름에 입기도 좋고 핏도 이뿌고 좋아요 강추합니다,5.0,여름에 입기도 좋고 핏도 이 뿌고 좋아요 강 추합니다
너무이뻐요  캐주얼하게 착용가능합니다  강력추천 !!,5.0,너무 이 뻐요 캐주얼하게 착용 가능합니다 강력 추천
옷 시원하고 편해요! 휘뚜루마뚜루 입기 좋은 옷입니다,5.0,옷 시원하고 편해요 휘뚜루 마 뚜루 입 기 좋은 옷입니다
저렴한 가격으로 예쁜 옷 잘 샀다고 생각하는데 마감이 정말… 최악 실밥이 너무 나와있어서 다 잘라냈습니다,3.0,저렴한 가격으로 예쁜 옷 잘 샀다고 생각하는데 마감이 정말 최악 실밥이 너무 나와 있어서 다 잘라냈습니다
디자인 완전 맘에 들고 마감이랑 재질도 좋은거같아요,5.0,디자인 완전 맘에 들고 마감이랑 재질도 좋은 거 같아요
"아직 입고 나가보질 않아서 모르겠는데,, 재질은 되게 시원할 거 같은 재질이에요 제 스펙엔 굉장히 크지만 그거대로 귀여워요",5.0,아직 입고 나가 보질 않아서 모르겠는데 재질은 되게 시원할 거 같은 재질이에 요 제 스펙엔 굉장히 크지만 그거대로 귀여워요
우선 상세페이지 내 색상과 다릅니다! 더 찐하고 다크 네이비 보단 다크 브라운 그레이쪽에 더 가깝습니다 ㅎㅎ 한 사이즈 다운 추천드려요,4.0,우선 상세 페이지 내 색상과 다릅니다 더 찐하고 다크 네이비 보단 다크 브라운 그레이 쪽에 더 가깝습니다 한 사이즈 다운 추천드려요
여름에도 시원하게 입을 수 있는 셔츠고 디자인 핏 다 좋아요 사이즈는 정말 잘 맞았습니다.,5.0,여름에도 시원하게 입을 수 있는 셔츠 고 디자인 핏 다 좋아요 사이즈는 정말 잘 맞았습니다
넘 예뻐서 돈도 없는데 사버렸어요  근데 팔을 접으면 넘 짧구 풀면 넘 길어서 애매해요..,5.0,넘 예뻐서 돈도 없는데 사버렸어요 근데 팔을 접으면 넘 짧구 풀면 넘 길어서 애매해요
후리하게 입기 좋은  얇고 시원한 옷이네요 여름철 딱인듯,5.0,후리하게 입 기 좋은 얇고 시원한 옷이네요 여름철 딱인 듯
여름에 입기 좋은 후들후들한 느낌의 셔츠였어요 소매는 접어입어야 예쁜것같아요! ,5.0,여름에 입 기 좋은 후들 후들한 느낌의 셔츠였어요 소매는 접어 입어야 예쁜 것 같아요
반팔셔츠가 필요했는데 얇고 여름에 입기 딱좋아요 색감마저 미쳤습니자,5.0,반팔 셔츠가 필요했는데 얇고 여름에 입 기 딱 좋아요 색 감마저 미쳤습니자
남편주려고 샀는데 제가 대신 입어봤어요 생각보다 길이는 짧은데 품이 크네요 남편 키가 178인데 라지를 샀어야 하나.. 원래 라지 입는데 후기보고 비슷한 스펙이신 분들따라 사이즈 고른건데 제 남편은 뱃살 때문인지 좀 웃긴거같기도하고ㅜ 본인은 마음에 들어하기도 하고 귀찮아서 걍 입힐려고여  두께 얇고 통풍 잘돼서 지금 입기 딱 좋은거 같아요,4.0,남편 주려고 샀는데 제가 대신 입어봤어요 생각보다 길이는 짧은데 품이 크네요 남편 키가 인데 라지를 샀어야 하나 원래 라지 입는데 후기 보고 비슷한 스펙이신 분들 따라 사이즈 고른 건데 제 남편은 뱃살 때문인지 좀 웃긴 거 같기도 하고 본인은 마음에 들어하기도 하고 귀찮아서 걍 입힐려고 여 두께 얇고 통풍 잘 돼서 지금 입 기 딱 좋은 거 같아요
좋아용 배송도 빨라서 좋았어요 사용하기에도 괜찮네요,5.0,좋아용 배송도 빨라서 좋았어요 사용하기에도 괜찮네요
옷 정말 예뻐요 다림질 안 해도 자연스러운 느낌 나고 좋아요 ,5.0,옷 정말 예뻐요 다림질 안 해도 자연스러운 느낌 나 고 좋아요
여름에 착용하기 좋고 생각보다 오버해요 시원해요,5.0,여름에 착용하기 좋고 생각보다 오버해요 시원해요
체크무늬랑 소매 단추 디테일이 마음에 들어서 구매했습니다. 색감은 사진이랑 똑같아서 좋았는데 저한테는 사이즈가 커서 좀 부해보이는 핏으로 보였습니다. 여성분들보다는 남성분들에게 더 추천드리는 셔츠입니다.,3.0,체크무늬랑 소매 단추 디테일이 마음에 들어서 구매했습니다 색감은 사진이랑 똑같아서 좋았는데 저한테는 사이즈가 커서 좀 부해 보이는 핏으로 보였습니다 여성분들보다는 남성분들에게 더 추천 드리는 셔츠입니다
왜 인기가 많은 옷인지 바로 알것같습니다 이가격에 나올수없는 옷이네요 너무 예쁘게 잘 입고있습니다,5.0,왜 인기가 많은 옷인지 바로 알 것 같습니다 이 가격에 나올 수 없는 옷이네요 너무 예쁘게 잘 입고 있습니다
아.. 사이즈 미스.. 심하진 않은데 한 사이즈 크게 살 걸 그랬어요,3.0,아 사이즈 미스 심하진 않은데 한 사이즈 크게 살 걸 그랬어요
정말 다 좋은데 단추구멍 마감이 조금 부실한것 같네여 ;;,5.0,정말 다 좋은데 단추 구멍 마감이 조금 부실한 것 같네 여
어떻게 코디해도 스타일리쉬한 느낌이 드네요. 이뻐요! ,5.0,어떻게 코디해도 스타일리쉬한 느낌이 드네요 이 뻐요
다른 아이템들과 무난하게 매치하기 좋고  여름철 실내 에어컨 추울 때 적당히 걸치기도 좋습니다 !,5.0,다른 아이템들과 무난하게 매치하기 좋고 여름철 실내 에어컨 추울 때 적당히 걸치기도 좋습니다
M샀다가 작아서 L로 다시 샀는데 M이 품은 넓은데 길이가 짧아서 늘려줬음 좋겠어요 ㅎㅎ,5.0,샀다가 작아서 로 다시 샀는데 이 품은 넓은 데 길이가 짧아서 늘려줬음 좋겠어요
사진과 똑같아서 맘에 듭니다 여름에 입기 좋은 소재예요,5.0,사진과 똑같아서 맘에 듭니다 여름에 입 기 좋은 소재예요
패턴 이쁘고 질도 좋아요 시원시원해요  아쉬운점은 1주일 한번정도는 같은옷 봐요 ㅎ 다행이 아직까진 안겹칠때ㅎ 그만큼 이쁜가봐요,5.0,패턴 이쁘고 질도 좋아요 시 원시원해요 아쉬운 점은 주일 한번 정도는 같은 옷 봐요 다행이 아직까진 안 겹칠 때 그만큼 이쁜가봐요
사이즈도 적당하고 아주 좋습니다 잘입겠습니다,5.0,사이즈도 적당하고 아주 좋습니다 잘 입겠습니다
왜  리뷰가 많음지 알겠네요.   오버하면서. 일단 마음에 들어요,5.0,왜 리뷰가 많음 지 알겠네요 오버하면서 일단 마음에 들어요
사람들이 많이 입어서 조금 그러긴 했는데 옷은 예뻐요,4.0,사람들이 많이 입어서 조금 그러긴 했는데 옷은 예뻐요
무난하게 어디에나 입어도 되는 가성비 좋은 제품입니다.,4.0,무난하게 어디에나 입어도 되는 가성비 좋은 제품입니다
시원한 재질과 롤업으로 멋까지 챙기는 셔츠 너무좋아요 단점은 입고 다니는 사람 넘무많아!!ㅠㅠ,5.0,시원한 재질과 롤업으로 멋까지 챙기는 셔츠 너무 좋아요 단점은 입고 다니는 사람 넘무 많아
오버핏이지만 자연스럽게 흐르는 재질이라 부해보이지 않고 조와요,5.0,오버핏이지만 자연스럽게 흐르는 재질이라 부해 보이지 않고 조와요
실물은 좀 더 어두운데 그거대로 예쁩니다 추천해요,5.0,실물은 좀 더 어두운데 그거대로 예쁩니다 추천해요
가성비 말 안되고 지나가다가 똑같은 사람 만날 수는 있지만 옷 자체는 이쁨,5.0,가성비 말 안 되고 지나가다가 똑같은 사람 만날 수는 있지만 옷 자체는 이쁨
가성비가 말안되고 핏도 좋아요 근데 지나다다 클론 만날 수도 있늠,5.0,가성비가 말 안 되고 핏도 좋아요 근데 지나 클론 만날 수도 있늠
재질이 덕분에 구겨질 걱정할 필요 없고 색상이나 핏감도 너무 이뻐요. 다만 다른 사람들 눈에도 너무 이뻐 보이는지 길 가다 보면 가끔 도플갱어 한두분을 만나는 상황이 있답니다.,5.0,재질이 덕분에 구겨질 걱정할 필요 없고 색상이나 핏감도 너무 이 뻐요 다만 다른 사람들 눈에도 너무 이 뻐 보이는 지 길 가 다 보면 가끔 도플갱어 한 두 분을 만나는 상황이 있답니다
이쁩니다 여름네 단품으로도 입고 이너 티입고도 이쁘네요,5.0,이쁩니다 여름 네 단품으로도 입고 이너 티 입고도 이쁘네요
사이즈가 오버핏으로 잘 맞습니다. 마음에 듭니다.,5.0,사이즈가 오버핏으로 잘 맞습니다 마음에 듭니다
너무 좋아요 진짜 너무 예쁨 놀러갈때마다 항상 챙겨가는 옷이에요 단점이 있다면 팔부분 단추로 잠구고 걷어도 나중에 되면 다시 내려온다는거? 이거말곤 진짜 다 너무 좋아요 ,5.0,너무 좋아요 진짜 너무 예쁨 놀러갈 때마다 항상 챙겨가는 옷이에요 단점이 있다면 팔 부분 단추로 잠구 고 걷어도 나중에 되면 다시 내려온다는 거 이거 말곤 진짜 다 너무 좋아요
크기가 조금크긴한데 겉옷형식으로 잘 활용하고있어요 예쁩니다,5.0,크기가 조금 크긴 한데 겉옷 형식으로 잘 활용하고 있어요 예쁩니다
옷이너무이버서 좋어요 여름에 입기딱인거 같아요,5.0,옷이 너무 이 버서 좋어요 여름에 입 기 딱인 거 같아요
사이즈 적당하고 시원합니다재구매의사깅츄합니다,5.0,사이즈 적당하고 시원합니다 재구매 의 사깅츄합니다
편하고 좋습니다 가격도 싸고 손이 자주 가네요 굳,5.0,편하고 좋습니다 가격도 싸고 손이 자주 가네요 굳
배송도 빠르고 이쁜옷이 왔습니다 하늘하늘 거리고 사이즈도 괜찮음,5.0,배송도 빠르고 이 쁜 옷이 왔습니다 하늘하늘 거리고 사이즈도 괜찮음
랭킹 상위에 있듯이 믿고 입는 옷입니다 포인트 주기 너무 좋고 잘 입고있습니다,5.0,랭킹 상위에 있듯이 믿고 입는 옷입니다 포인트 주기 너무 좋고 잘 입고 있습니다
시원하고 정말 뜨거운 날에 입기도 좋습니다. 마감은 쏘쏘. 그래도 만족합니다 예쁘거든요,5.0,시원하고 정말 뜨거운 날에 입기도 좋습니다 마감은 그래도 만족합니다 예쁘거든요
"흐물흐물한 재질에 색감이나 핏은 트렌디한 것같아요. 다만, 재질이 단추쪽이나 마감은 아쉬워요. 그래도 저렴한 가격에 입긴 괜춘해요. 가격대비 비싸보임",5.0,흐물흐물한 재질에 색감이나 핏은 트렌디한 것 같아요 다만 재질이 단추 쪽이나 마감은 아쉬워요 그래도 저렴한 가격에 입긴 괜춘해요 가격 대비 비싸 보임
넘나리 이쁜 BD7633 아디다스 핸드볼 스페지알 네이비 이쁘게 신겠습니당!,5.0,넘나리 이쁜 아디다스 핸드볼 스페지 알 네이비 이 쁘게 신겠습니당
사이즈 오버핏이라 넉넉하고 여름에 입기 좋아요.,5.0,사이즈 오버핏이라 하고 여름에 입 기 좋아요
무난한 셔츠들 보다 디자인이 유니크해서  예뻐요 ,5.0,무난한 셔츠들 보다 디자인이 유니크해서 예뻐요
여름에 그냥 입어도 체크 패턴 때문에 포인트가 되고 코디가 완성이 됩니다. 일주일에 2번은 입을 정도로 자주 입어요,5.0,여름에 그냥 입어도 체크 패턴 때문에 포인트가 되고 코디가 완성이 됩니다 일주일에 번은 입을 정도로 자주 입어요
몇번 입긴했는데 잘 입진 못했어요….ㅜㅜ 애매한 팔 기장?,4.0,몇 번 입긴 했는데 잘 입진 못했어요 애매한 팔 기장
편하고 ㅁ입기에 되게 좋은거같아요 강추하겠습니다,5.0,편하고 입기에 되게 좋은 거 같아 요 강추하겠습니다
이뻐요 이빠요!! 무난하게 잘 입고 댕길 수 있는 옷이에용,5.0,이 뻐요 이 빠요 무난하게 잘 입고 댕길 수 있는 옷이 에용
하루만에 배송..ㄷㄷ 너무 이쁘고 핏이 자연스럽게 연출 할수 있어서 놀랍습니다,5.0,하루 만에 배송 너무 이 쁘고 핏이 자연스럽게 연출 할 수 있어서 놀랍습니다
여름에 입기 시원하고 깔끔하니 좋습니다 가을까지 입을 수 있을거같아요,5.0,여름에 입 기 시원하고 깔끔하니 좋습니다 가을까지 입을 수 있을 거 같아요
너무 좋네요 가볍고 재질좋고 이쁘고 가성비 좋아요,5.0,너무 좋네요 가볍고 재질 좋고 이 쁘고 가성비 좋아요
옷 되게 편하고 예뻐요 만족합니다! 추천하는 제품,5.0,옷 되게 편하고 예뻐요 만족합니다 추천하는 제품
여행가면서 앓은 체크셔츠 장만했는데 엄청 앓아서 시원하고 예뻐서 만족합니다!!,5.0,여행가면서 앓은 체크 셔츠 장만 했는데 엄청 앓아서 시원하고 예뻐서 만족합니다
롤업해서 입으면 생각보다 짧아져서 당황하긴 했는데 막상 입으니까 예쁘네요,5.0,롤업해서 입으면 생각보다 짧아져서 당황하 긴 했는데 막상 입으니까 예쁘네요
배송도 빠르고 예뻐서 손도 많이가요 자주 입을꺼 같아요,5.0,배송도 빠르고 예뻐서 손도 많이 가요 자주 입을 꺼 같아요
체크남방이 입고 싶어서 이것저것 찾다가 색 조합도 무난하고 예뻐서 구매했습니당 더운날씨에 입기에도 재질이 시원해서 잘입고있어요 핏도 넉넉해서 이쁩니다,5.0,체크 남방이 입고 싶어서 이것저것 찾다가 색 조합도 무난하고 예뻐서 구매했습니 당 더운 날씨에 입기에도 재질이 시원해서 잘 입고 있어요 핏도 해서 이쁩니다
사이즈 넉넉해편해요. 촌이 얇고 후들후들해서 소매에 있는 단추로 롤업한 걸 고정해도 몸통쪽은 좀 금방 풀리는 것 빼곤 좋아요. 색은 살제 입었을때가 좀 더 어두운것 같아요,5.0,사이즈 해 편해요 촌이 얇고 후들 후들해서 소매에 있는 단추로 롤업한 걸 고정해도 몸 통 쪽은 좀 금방 풀리는 것 빼곤 좋아요 색은 살 제 입었을 때가 좀 더 어두운 것 같아요
주름이 원래도 져서 약간 코디가 힘들긴 히지만 이빠요,3.0,주름이 원래도 져서 약간 코디가 힘들긴 히 지만 이 빠요
너무 시원하고 여름에 땀흘려도도 금방말라서 여행갈때 입기 좋았어요,5.0,너무 시원하고 여름에 땀 흘려 금방 말라서 여행 갈 때 입 기 좋았어요
가볍게 입기좋고 무난무난하고 시원하이 막 입기 좋아요,5.0,가볍게 입기 좋고 무난무난하고 시원하이 막 입기 좋아요
좋습니다 팔 안걷는게 더 이쁜거같아요 시원하니 좋습니다,5.0,좋습니다 팔 안 걷는 게 더 이쁜 거 같아 요 시원하니 좋습니다
가격대비 너무 좋은거같아요 재질도 시원하니 여름에 잘입고다닐수 있어요,5.0,가격 대비 너무 좋은 거 같아요 재질도 시원하니 여름에 잘 입고 다닐 수 있어요
후기보고 샀는데 역시나 좋습니다 이뻐여 올여름 이거 많이 입음,5.0,후기 보고 샀는데 역시나 좋습니다 이 뻐여 올 여름 이 거 많이 입음
"재질,핏 모두 좋습니다! 흔하지 않은 디자인이라 자주 입을것같아요",5.0,재질핏 모두 좋습니다 흔하지 않은 디자인이라 자주 입을 것 같아요
기장이 길줄 알았는데 딱 맞아 떨어지고 핏도 너무 이쁘게 잘 나오네요,5.0,기장이 길줄 알았는데 딱 맞아 떨어지고 핏도 너무 이쁘게 잘 나오네요
"튼튼하고 잘 만들었습니다 다만, 밖에서 4-5명 마주칩니다",5.0,하고 잘 만들었습니다 다 만 밖에서 명 마주칩니다
셔츠에 빠져서 구매했는데 롤업 디테일 이뻐요 롤업이 된 제품인 줄 알았는데 롤업해서 단추로 고정할 수 있는 식으로 되어 있어요 천도 바람 잘 통해서 시원하고 잘 입을 수 있을거 같아요,5.0,셔츠에 빠져서 구매했는데 롤업 디테일 이 뻐요 롤업이 된 제품인 줄 알았는데 롤업해서 단추로 고정할 수 있는 식으로 되어 있어요 천도 바람 잘 통해서 시원하고 잘 입을 수 있을 거 같아요
얇기는 하지만 색감이 좋아여 얇기는 하지만 색감이 좋아여,5.0,얇기는 하지만 색감이 좋아 여 얇기는 하지만 색감이 좋아여
일단 처음봤을땐 어떻게 코디해야할지막막했는데 막상입어보니까 어느바지에도 잘어울리고 셔츠만입어도 편하고 얇아서 입기좋고 흰티위에 입어도 너무잘어울려요 완전만족합니다 강추!,5.0,일단 처음 봤을 땐 어떻게 코디해야 할지 했는데 막상 입어보니까 어느 바지에도 잘 어울리고 셔츠만 입어도 편하고 얇아서 입기 좋고 흰티 위에 입어도 너무 잘 어울려 요 완전 만족합니다 강추
다른 사람들이랑 많이 겹치긴 하지만 이쁜거가타요,5.0,다른 사람들이랑 많이 겹치긴 하지만 이쁜 거가 타요
사람들 너무 많이입고다니네요ㅠㅠ 한달동안 네명이나봤어요. 그마큼 이쁘다는 거겠죠?,4.0,사람들 너무 많이 입고 다니네요 한 달 동안 네 명이 나 봤어요 그 마큼 이쁘다는 거겠죠
얇고 시원해서 이번 여름 이 옷으로 견딜 수 있었어요,5.0,얇고 시원해서 이번 여름 이 옷으로 견딜 수 있었어요
상품도 만족스럽고 배송도 빠릅니다. 추천합니다!  상품도 만족스럽고 배송도 빠릅니다. 추천합니다! ,5.0,상품도 만족스럽고 배송도 빠릅니다 추천합니다 상품도 만족스럽고 배송도 빠릅니다 추천합니다
좋앙진짜로 이쁘고 소재 아쉬울줄 알았는데 굿해요,5.0,좋앙 진짜로 이 쁘고 소재 아쉬울 줄 알았는데 굿해요
색감이 참 독특하게 예쁜 것 같아요! 잘 입을게요!! 감사합니다,5.0,색감이 참 독특하게 예쁜 것 같아 요 잘 입을 게요 감사합니다
원단이 정말 얇고 여름에 입기 너무 좋은 옷 같아요! 잘 입을게용 ㅎㅎ,5.0,원단이 정말 얇고 여름에 입 기 너무 좋은 옷 같아 요 잘 입을 게 용
길에 많이 보인다는게 아쉽지만 그만큼 예뻐요 자주입어요,5.0,길에 많이 보인다는 게 아쉽지만 그만큼 예뻐요 자주 입어요
얇아서 여름에 입어도 시원하고 좋은 것 같습니다,5.0,얇아서 여름에 입어도 시원하고 좋은 것 같습니다
여름 셔츠가 필요해서 구매했습니다! 단정한 느낌은 아니고 그냥 편하게 입을 수 있어요. 얇아서 여름에 입기 딱 좋은 옷 같습니다! 소매는 접어입는게 훨씬 예뻐요~!,5.0,여름 셔츠가 필요해서 구매했습니다 단정한 느낌은 아니고 그냥 편하게 입을 수 있어요 얇아서 여름에 입 기 딱 좋은 옷 같습니다 소매는 접어 입는 게 훨씬 예뻐요
"박시하고 캐쥬얼하게 입기 좋아요. 통풍이 잘되는 시원한 소재는 아니라서 한여름에 입기는 좀 더운 것 같아요. 예뻐서 자주 입고 싶은데 길거리 다니면 꼭 한두명씩 같은 옷 입은 사람 마주쳐서 머쓱,,^^ ㅠㅠ",4.0,박시하고 캐쥬얼하게 입 기 좋아요 통풍이 잘 되는 시원한 소재는 아니라서 한 여름에 입기는 좀 더운 것 같아 요 예뻐서 자주 입고 싶은데 길거리 다니면 꼭 한두 명씩 같은 옷 입은 사람 마주쳐서 머쓱
사이즈가 크게 나와서 넉넉합니다. 원단도 얇고 살에 붙지도 않아서 시원합니다.,5.0,사이즈가 크게 나와서 합니다 원단도 얇고 살에 붙지도 않아서 시 원합니다
시원한 소재라 여름에 입기 좋은거같아요 잘입고있어요,5.0,시원한 소재라 여름에 입 기 좋은 거 같아요 잘 입고 있어요
요즘 스타일의 휘뚜루마뚜루 입을 수 있는 반팔셔츠입니다 무난하게 이뻐요,5.0,요즘 스타일의 휘뚜루마 뚜루 입을 수 있는 반팔 셔츠입니다 무난하게 이 뻐요
색감 너무 마음에 들어요! 시원한 재질이라 여름에 입기 딱 이네용,5.0,색감 너무 마음에 들어 요 시원한 재질이라 여름에 입 기 딱 이네용
생각보다 길고 크네요. 두께가 얇아서 한여름에 입기 좋아요.,5.0,생각보다 길고 크네요 두께가 얇아서 한 여름에 입 기 좋아요
옷이 이쁜데 생각보다 좀 크고 거리에 사람들이 엄청 많이 입고있어요,5.0,옷이 이 쁜데 생각보다 좀 크고 거리에 사람들이 엄청 많이 입고 있어요
160/53 누나 선물로 사주게 됐습니다~ 사이즈 살짝 오버하게 입을 수 있고 여름에 입기 시원하다고 합니다! 위에 사이즈 참고해서 구매하시면 좋을 거 같습니다!,5.0,누나 선물로 사주게 됐습니다 사이즈 살짝 오버하게 입을 수 있고 여름에 입 기 시원하다고 합니다 위에 사이즈 참고해서 구매하시면 좋을 거 같습니다
여름 셔츠 찾다가 편하게 입고 다니기 좋을 것 같아 구매했는데 원하던 느낌 딱이네요! 단점은 주변에 꽤 많이 보여요,4.0,여름 셔츠 찾다가 편하게 입고 다니기 좋을 것 같아 구매했는데 원하던 느낌 딱이네요 단점은 주변에 꽤 많이 보여요
옷 너무 마음에 들어요 요즘 이런 옷들이 좋네요 잘입어야지,5.0,옷 너무 마음에 들어 요 요즘 이런 옷들이 좋네요 잘 입어야지
너무 예뻐서 샀는데 확실히 인기가 많아서 길 지나다니면 이 옷 많이 보여요…,5.0,너무 예뻐서 샀는데 확실히 인기가 많아서 길 지나다니면 이 옷 많이 보여요
주름 걱정없이 편하게 입을 수 있는 부드러운 소재입니다. 여름에 잘 입을 수 있을 것 같습니다.,5.0,주름 걱정 없이 편하게 입을 수 있는 부드러운 소재입니다 여름에 잘 입을 수 있을 것 같습니다
여기저기 휘뚜루마뚜루 잘입고있어요 더워서 나시입고 걸쳐서 제일 많이 입는것같아요 흔하다고 하는데 생각보다 똑같은옷 많이 안마주친거같아요,5.0,여기저기 휘뚜루 마 뚜루 잘 입고 있어요 더워서 나 시 입고 걸쳐서 제일 많이 입는 것 같아요 흔하다고 하는데 생각보다 똑같은 옷 많이 안 마주친 거 같아요
원래 셔츠를 안좋아해서 살까 말까 한 달을 고민했는데 배송받고 나서 입어보니 정말 마음에 들어요 한 달의 시간이 아깝네요,5.0,원래 셔츠를 안 좋아해서 살까 말까 한 달을 고민했는데 배송 받고 나서 입어보니 정말 마음에 들어 요 한 달의 시간이 아깝네요
어엄청 얇고 후들후들한 소재에 팔 접어서 고정할 수 있는 단추까지 있어서 너무 만족했던 반팔셔츠 입니다! 어두운 색이라 딱히 비침은 못 느꼈고 나름 여기저기 다 잘 코디할 수 있는 무난하면서 예쁜 코디템이라고 생각해요!,5.0,어 엄청 얇고 후들 후들한 소재에 팔 접어서 고정할 수 있는 단추까지 있어서 너무 만족했던 반팔 셔츠 입니다 어두운 색이라 딱히 비침은 못 느꼈고 나름 여기저기 다 잘 코디할 수 있는 무난하면서 예쁜 코디템이라고 생각해요
여름에 입기좋습니다 엄청얇아서 유니 에어리즘입고 입우면 셔츠 입을만합니다,5.0,여름에 입기 좋습니다 엄청 얇아서 유니 에어리즘 입고 입우면 셔츠 입을 만 합니다
더위를 많이 타는 제겐 너무나 좋은 옷입니다. 그리고 흐물흐물한게 귀여워요. 다만.. 너무 많은 사람들이 입고 다녀요.. 하루에 한번씩은 꼭 이 옷을 입은 사람들이 보입니다..,4.0,더위를 많이 타는 제겐 너무나 좋은 옷입니다 그리고 흐물 흐물한 게 귀여워요 다만 너무 많은 사람들이 입고 다녀 요 하루에 한 번씩은 꼭 이 옷을 입은 사람들이 보입니다
셔츠 무늬도 예쁜데 살짝 구겨진 느낌이라 너무 포멀하지 않은 스타일이 좋은 것 같아요! 팔 접을 수 있는 디테일도 좋아요,5.0,셔츠 무늬도 예쁜데 살짝 구겨진 느낌이라 너무 포멀하지 않은 스타일이 좋은 것 같아 요 팔 접을 수 있는 디테일도 좋아요
길까 걱정했는데 오버핏으로 예쁘게 맞습니다 품은 좀 넓은 편이구요 비침이 심하면 티를 입으려 했는데 비침은 거의 없아서 좋네요,5.0,길까 걱정했는데 오버핏으로 예쁘게 맞습니다 품은 좀 넓은 편이구요 비침이 심하면 티를 입으려 했는데 비침은 거의 없아서 좋네요
넉넉하게 나온 것 같습니다 소매 접어서 입으면 딱이고 여름에 잘 입고 다녀요,5.0,하게 나온 것 같습니다 소매 접어서 입으면 딱이 고 여름에 잘 입고 다녀요
포장도 꼼꼼하고 배송도 빠르고 실물이 더 이쁘네요,5.0,포장도 하고 배송도 빠르고 실물이 더 이쁘네요
여름에 입기 딱 좋은 셔츠 너무 시원하고 이뻐요 강추,5.0,여름에 입 기 딱 좋은 셔츠 너무 시원하고 이 뻐요 강추
커플로 입으려고 구매했어요 피부가 하얀 분들한테 특히 더 잘 어울릴 것 같은 색감이에요 루즈한 바지랑 입으니까 넘 예쁘네요!,5.0,커플로 입으려고 구매했어요 피부가 하얀 분들한테 특히 더 잘 어 울릴 것 같은 색감이에요 루즈 한 바지랑 입으니까 넘 예쁘네요
옷이 얇고 가벼운데 입으면 더워요. 더위 많이 타시는 분은 비추입니다… 가을 초에 입으면 딱 맞을 것 같아요. 크기는 큽니다,3.0,옷이 얇고 가벼운데 입으면 더워요 더위 많이 타시는 분은 비추입니다 가을 초에 입으면 딱 맞을 것 같아 요 크기는 큽니다
사이즈 넉넉하고 얇아서 여름에 잘 입을 거 같아요!,5.0,사이즈 하고 얇아서 여름에 잘 입을 거 같아요
가성비 있게 입기 좋긴한데 확실히 내구성이 안좋습니다.,5.0,가성비 있게 입기 좋긴한데 확실히 내구성이 안 좋습니다
옷 편하고 좋습니다 ~~ 잘 안구겨져서 더 좋아요 막입기 좋음,5.0,옷 편하고 좋습니다 잘 안 구겨져서 더 좋아요 막 입기 좋음
살짝 두껍긴 한데 편하게.입기 좋습니다 ~~ 안구겨져서 좋아요,5.0,살짝 두껍 긴 한데 편하게 입기 좋습니다 안 구겨져서 좋아요
배송은 예약배송이라 조금 걸렸지만 얇아서 지금 입기에도 적당하고 핏도 예뻐서 만족스럽습니다!,5.0,배송은 예약 배송이라 조금 걸렸지만 얇아서 지금 입기에도 적당하고 핏도 예뻐서 만족스럽습니다
좀 까끌거리긴한데 크게 불편하진않고 얇고 편해서 좋아요,5.0,좀 까끌거리긴 한데 크게 불편하진 않고 얇고 편해서 좋아요
여름철에 입기좋은 반팔 셔츠입니다 . 무채색이라 조합해서 입기 너무 좋고 팔 쪽에 단추 디테일로 팔을 걷어도 이쁩니다. 여성분들한테는 오버사이즈로 입는걸 좋아하실 경우에는 추천드립니다!!,5.0,여름철에 입기 좋은 반팔 셔츠입니다 무채색이라 조합해서 입기 너무 좋고 팔 쪽에 단추 디테일로 팔을 걷어도 이쁩니다 여성분들한테는 오버사이즈로 입는 걸 좋아하실 경우에는 추천드립니다
얇아서 여름에 입기 너무 좋고 편한데 옷도 아무데나 입어도 이뻐여 잘 입겠습니다,5.0,얇아서 여름에 입 기 너무 좋고 편한데 옷도 아무데나 입어도 이 뻐여 잘 입겠습니다
사진은 친구가 찍어줫습니다... 저거 입고 친구들 만난 날에 똑같은 셔츠 입은 분들을 두 분이나 봣답니다 하하 가끔 길 가다가 같은 셔츠 입으신 분들도 마니 봐요 편하게 입기 좋습니다만 약간 두꺼운 감이 없지않아 잇습니다 그리고 저한테는 약간 품이 커서 쪼금 더 작앗으면 더 perfect햇을 테지만 지금도 잘 입고 다닙닌다,5.0,사진은 친구가 찍어 줫습니다 저거 입고 친구들 만난 날에 똑같은 셔츠 입은 분들을 두 분이나 봣답니다 가끔 길 가다가 같은 셔츠 입으신 분들도 마니 봐요 편하게 입 기 좋습니다만 약간 두꺼운 감이 없지 않아 잇습니다 그리고 저한테는 약간 품이 커서 쪼금 더 작앗으면 더 햇을 테지만 지금도 잘 입고 다닙닌다
재질 여름에 입기 좋고 팔 접을 수 있는게 좋은 것 같아요,4.0,재질 여름에 입 기 좋고 팔 접을 수 있는 게 좋은 것 같아요
남들과 많이 겹치는 옷이라는 단점이 있는데 여름에 입기 적당한 두께고 사진이랑 똑같은 색감이에요,4.0,남들과 많이 겹치는 옷이라는 단점이 있는데 여름에 입 기 적당한 두께 고 사진이랑 똑같은 색감이에요
되게 얇고 편한 셔츠에요. 대신에 사람들이 많이 입고 다녀서 꽤 겹쳐요.,5.0,되게 얇고 편한 셔츠에 요 대신에 사람들이 많이 입고 다녀서 꽤 겹쳐요
얇고 롤업 포인트가 맘에들어요 손이 자주가서 잘입고 댕겨요,5.0,얇고 롤업 포인트가 맘에 들어 요 손이 자주가서 잘 입고 댕겨요
얇고 시원한 재질이라 여름에 입기 좋은 것 같아요,4.0,얇고 시원한 재질이라 여름에 입 기 좋은 것 같아요
제품이 엄청 가성비 넘치고 편하고 좋습니다 만족!,5.0,제품이 엄청 가성비 넘치고 편하고 좋습니다 만족
여름에 입기 너무 좋은 옷입니다! 다만 마감이 아쉬워여,5.0,여름에 입 기 너무 좋은 옷입니다 다 만 마감이 아쉬워여
소재 얇고 좋아요! 다만 다른 리뷰들처럼 마감이 아쉽지만 옷은 이쁨,5.0,소재 얇고 좋아요 다만 다른 리뷰들처럼 마감이 아쉽지만 옷은 이쁨
가성비가 너무 좋아요 소매부분에 단추도 있어 다양한 연출도 가능해요,5.0,가성비가 너무 좋아요 소매 부분에 단추도 있어 다양한 연출도 가능해요
시원한 재질의 옷은 아닌데 휘뚜루 마뚜루 입긴 좋습니다.  마감이 부실해서 세일 많이 할때 구매 추천,5.0,시원한 재질의 옷은 아닌데 휘뚜루 마뚜루 입긴 좋습니다 마감이 부실해서 세일 많이 할 때 구매 추천
배송도 빠르게 왓고 항상 잘입구댕기고있어요 감사핮니다,5.0,배송도 빠르게 왓고 항상 잘 입구 댕기고 있어요 감사 핮니다
재질은 정말 시원해요. 원래 자연스러운 주름 있는 재질이라 혹시나 해서 다림질 하면 매끈하게  입을 수 있을까 싶어 다려봤는데 안 펴져요.아들이 말라서 루즈핏으로 입기에도 좀 큰 편입니다.,5.0,재질은 정말 시원해요 원래 자연스러운 주름 있는 재질이라 혹시나 해서 다림질 하면 매끈하게 입을 수 있을까 싶어 다려봤는데 안 펴져요아들이 말라서 루즈핏으로 입기에도 좀 큰 편입니다
반팔셔츠가 필요해서 주뭌햇는대 아주 이쁘네요,5.0,반팔 셔츠가 필요해서 주 뭌 햇는 대 아주 이쁘네요
길에서 많이 보이지만 그만큼 예뻐요 요새 자주입어요,5.0,길에서 많이 보이지만 그만큼 예뻐요 요새 자주 입어요
오버핏으로 입으려 했지만 길이감이 조금 짧은 느낌이 있어서 정핏으로 입고있어여,4.0,오버핏으로 입으려 했지만 길이감이 조금 짧은 느낌이 있어서 정핏으로 입고 있어 여
세미 오버핏 체크셔츠 찾고 있었는데 장말 가성비 좋은 가격에 구매한 것 같습니다,5.0,세미 오버핏 체크 셔츠 찾고 있었는데 장 말 가성비 좋은 가격에 구매한 것 같습니다
괘않은 티 인거같아요 ㅎㅎ 많이 많이 파시고 부지되세요,5.0,괘 않은 티 인거 같아요 많이 많이 파시 고 부지되세요
얇아서 여름에 아주 잘 입고 다닙니다! 박시해서 더 이쁜것 같아요,5.0,얇아서 여름에 아주 잘 입고 다닙니다 박시해서 더 이 쁜 것 같아요
깔끔하면서도 행사가격에 사서 만족합니다 약간 크긴한데 ㄱㅊ아여,5.0,깔끔하면서도 행사 가격에 사서 만족합니다 약간 크긴 한데 아여
깔끔하고 색감도 생각한 그대로입니다 만족해요,5.0,깔끔하고 색감도 생각한 그대로입니다 만족해요
공대생 셔츠 같지도 않고 데일리로 입고 나가도 무난해서 강추드려요!!,5.0,공대생 셔츠 같지도 않고 데일리로 입고 나가도 무난해서 강 추드려요
실물이 백배 더 낫습니다 후기 보고 긴가 민가 해서 샀는데 좋은 선택이였어요 색감은 보랏빛과 차콜 색이 섞여 있어요,5.0,실물이 백배 더 낫습니다 후기 보고 긴가 민가 해서 샀는데 좋은 선택이였어요 색감은 보랏빛과 차콜 색이 섞여 있어요
실물이 백배 더 낫습니다 후기 보고 긴가 민가 해서 샀는데 좋은 선택이였어요,5.0,실물이 백배 더 낫습니다 후기 보고 긴가 민가 해서 샀는데 좋은 선택이였어요
사이즈도 적당하고 아주예쁩니다 또한 재질이 좋네요,5.0,사이즈도 적당하고 아주 예쁩니다 또한 재질이 좋네요
사이즈 핏 색감 다 완벽하네요 자주 입을 것 같아요,5.0,사이즈 핏 색감 다 완벽하네요 자주 입을 것 같아요
구겨짐없이 입기 좋아요 코디하기 편하고 애용하는템입니당,5.0,구겨짐 없이 입기 좋아요 코디하기 편하고 애용하는 템입니당
제사이즈에 라지는 좀 크네요ㅠㅠ근디 셔츠는 진짜 맛도리셔츠인거같아요 m사이즈로 다시살까 생각중이에요..0,5.0,제 사이즈에 라지는 좀 크네요 근디 셔츠는 진짜 맛도 리셔츠인 거 같아 요 사이즈로 다시 살까 생각 중 이에요
시원하고 사이즈나 핏도 딱입니다. 실밥이 약간 풀려있는 부분이 많아 아쉽네요.,4.0,시원하고 사이즈나 핏도 딱입니다 실밥이 약간 풀려 있는 부분이 많아 아쉽네요
디자인이 이쁘긴 한데 마르신 분들한테 추천합니다,5.0,디자인이 이 쁘긴 한데 마르신 분들한테 추천합니다
요즘 딱 유행하는 체크셔츠인데 가격이 적당해서 구매했습니다 가성비 나쁘지 않고 기장이나 사이즈도 베스트네요 ㅎㅎ,5.0,요즘 딱 유행하는 체크 셔츠인데 가격이 적당해서 구매했습니다 가 성비 나쁘지 않고 기장이나 사이즈도 베스트네요
랭킹에 있는 이유가 있네요 사고 꽤 자주 손이 갔어요,5.0,랭킹에 있는 이유가 있네요 사고 꽤 자주 손이 갔어요
힙하고 시원해서 여름에 자주 입을거 같아요 감사합니다,5.0,힙하고 시원해서 여름에 자주 입을 거 같아 요 감사합니다
이리저리 많이 보이긴 하는데 이쁩니다 후회 없으여,5.0,이리저리 많이 보이긴 하는데 이쁩니다 후회 없으여
생각보다 크롭한 기장입니다. 얇아서 한여름에도 입기 좋습니다.,5.0,생각보다 크롭 한 기장입니다 얇아서 한 여름에도 입기 좋습니다
힙하고 시원하고 색감도 너무 이뻐서 잘 산거 같아요!,5.0,힙하고 시원하고 색감도 너무 이 뻐서 잘 산 거 같아요
여행가서 입을려고 주문 했는데 출고도 빨리 처리 해주시고 옷도 무난하면서 이뻐요.,5.0,여행가서 입을 려고 주문 했는데 출고도 빨리 처리 해주시고 옷도 무난하면서 이 뻐요
제가 이번 여름 내내 꾸준히 입고 다녔던 체크셔츠입니다. 길에서 같은 옷을 입은사람을 자주 마주치긴 하지만 빈티지 느낌이 너무 잘 맞아서 만족해요! 얇아서 좋은데 바람이 잘 통하는 느낌은 아니에요.,5.0,제가 이번 여름 꾸준히 입고 다녔던 체크 셔츠입니다 길에서 같은 옷을 입은 사람을 자주 마주치 긴 하지만 빈티지 느낌이 너무 잘 맞아서 만족해요 얇아서 좋은데 바람이 잘 통하는 느낌은 아니에요
오프라인 매장에서 입어보고 구입했습니다.  가격 저렴하고 퀄리티 좋네요. ,5.0,오프라인 매장에서 입어보고 구입했습니다 가격 저렴하고 퀄리티 좋네요
딱 제시된 상품사진과 같은 색상으로 너무 이뻐요,5.0,딱 제시된 상품 사진과 같은 색상으로 너무 이 뻐요
일단 옷 자체 디자인은 너므 예쁜데 한번입엇는데 단추부분 구멍이 찢어버려지고 살짝 조심히 입어야 될거같아요 그래도 너무 시원하고 예뻐요,5.0,일단 옷 자체 디자인은 너므 예쁜데 한 번 입엇는데 단추 부분 구멍이 찢어 버려지고 살짝 조심히 입어야 될 거 같아 요 그래도 너무 시원하고 예뻐요
요즘 날씨에 입기도 좋고 무엇보다도 핏이 너무 마음에 들었습니다.,5.0,요즘 날씨에 입기도 좋고 무엇보다도 핏이 너무 마음에 들었습니다
제가 입으려고 샀는데 생각보다 크고 안어울려서 오빠 주려고요.. 입으면 힙해져요!!,5.0,제가 입으려고 샀는데 생각보다 크고 안 어울려서 오빠 주려고요 입으면 힙해져요
예뻐요 색감 굿 생각보다 밖에서 같은 옷 입은 사람 없어요 ㅋㅋ,5.0,예뻐요 색감 굿 생각보다 밖에서 같은 옷 입은 사람 없어요
옷이 엄청 얇아서 여름이 입기 너무너무 좋아요 근데 같은 입은 사람 개많음,5.0,옷이 엄청 얇아서 여름이 입기 너무너무 좋아요 근데 같은 입은 사람 개 많음
저에게 맞는 옷을 찾았어요 소재도 얇은 느낌이라 좋았어요,5.0,저에게 맞는 옷을 찾았어요 소재도 얇은 느낌이라 좋았어요
통기성 좋고 한여름에 입기 최곱니다 사이즈는 그렇게 많이 박시하진 않고 기장은 좀 짧은편,5.0,통기성 좋고 한 여름에 입 기 최곱니다 사이즈는 그렇게 많이 박시하진 않고 기장은 좀 짧은 편
얇고 편해서 자주 입고 다닐 것 같아요 예뻐서 만족해요,5.0,얇고 편해서 자주 입고 다닐 것 같아 요 예뻐서 만족해요
"생각보다 다들 많이 입고 다니더라구요.  다른건 다 좋았으나, 세탁한번하니 단추가 하나 떨어졌습니다 ㅠ",4.0,생각보다 다들 많이 입고 다니더라구요 다른 건 다 좋았으나 세탁 한 번 하니 단추가 하나 떨어졌습니다
생각보다 기장이 조금 긴데 오버핏이라 그냥 입으려구용,5.0,생각보다 기장이 조금 긴데 오버핏이라 그냥 입으려구용
여름에 입기좋은 셔츠를 찾고있었는데 딱 인거 같습니더,4.0,여름에 입기 좋은 셔츠를 찾고 있었는데 딱 인 거 같습니더
뚱인데 잘맞아요 그리고 얇아서 여름에 입기딱이에요,5.0,뚱인데 잘 맞아요 그리고 얇아서 여름에 입 기 딱이에요
사이즈도 적당하고 두껍지가 않아서 여름에도 입기 좋아요,5.0,사이즈도 적당하고 두껍지가 않아서 여름에도 입 기 좋아요
크기는 제가 입어도 큰데 더위 많이 타시는 분들은 여름에 입기엔 좀 많이 더울 것 같아요,3.0,크기는 제가 입어도 큰데 더위 많이 타시는 분들은 여름에 입기엔 좀 많이 더울 것 같아요
너무 예쁩니다. 시원한 재질이라서 좋아요. 여름에 입어도 됨,5.0,너무 예쁩니다 시원한 재질이라서 좋아요 여름에 입어도 됨
만족해여 촤르르 떨어지는 핏에 시원하고 아무바지에나 잘어울리는듯 좋네요,5.0,만족해 여 촤 떨어지는 핏에 시원하고 아무 바지에 나 잘 어울리는 듯 좋네요
대 만족 이네요 반팔셔츠를 원래 안입었다 이번에 뽐뿌와서 샀는데 이건 단품으로 입ㅇ ㄹ때 이쁜듯,5.0,대 만족 이네요 반 팔 셔츠를 원래 안 입었다 이번에 뽐뿌와서 샀는데 이건 단품으로 입 때 이쁜 듯
사진과 같이 예쁘고 입었을때 편안합니다 자주 입을 것 같아요~~ ,5.0,사진과 같이 예쁘고 입었을 때 편안합니다 자주 입을 것 같아 요
롤업을 예쁘게 해서 입을 수 있는 셔츠에요. 재질도 얇고 패턴이랑 질감도 예뻐서 대만족 입니다! 여름 시작할때 살걸 그랬네요,5.0,롤업을 예쁘게 해서 입을 수 있는 셔츠에 요 재질도 얇고 패턴이랑 질감도 예뻐서 대 만족 입니다 여름 시작할 때 살 걸 그랬네요
여기저기 입기 좋은 링클 셔츠 바지도 어떤 바지던 매치하기 좋아요 오픈해서 입어도 예쁘네요 올 여름 자주 입었습니다,5.0,여기저기 입 기 좋은 링클 셔츠 바지도 어떤 바지던 매치하기 좋아요 오픈해서 입어도 예쁘네요 올 여름 자주 입었습니다
한번밖에 안입었는데 두번째 입을 때 단추 여매던 중 단추가 떨어졌습니다. 너무 헐겁게 고정되어있어요. 세탁이라도 하면 단추 다 떨어질 것 같아요. 그리고 롤업 부분도 잘풀려서 모양이 이쁘지 않게 돼요. 재질은 얇고 시원하지만 까슬까슬해서 단독으로 입기는 거친편입니다.,2.0,한번밖에 안 입었는데 두 번째 입을 때 단추 여매던 중 단추가 떨어졌습니다 너무 헐겁게 고정되어 있어요 세탁이라도 하면 단추 다 떨어질 것 같아 요 그리고 롤업 부분도 잘 풀려서 모양이 이 쁘지 않게 돼 요 재질은 얇고 시원하지만 까슬까슬해서 단독으로 입기는 거친 편입니다
시원하고 편하게  아주 잘 압고 다닙니다 ㅋ갈별로 구매함~,5.0,시원하고 편하게 아주 잘 압고 다닙니다 갈별로 구매함
얇은 체크셔츠 사고싶었는데 이걸로 잘 산 거 같습니다,5.0,얇은 체크 셔츠 사고 싶었는데 이걸로 잘 산 거 같습니다
글쎄요 전 안어울려서 여자친구 줬더니 잘 입네요 마른사람한테 어울리는 옷같아요,3.0,글쎄요 전 안 어울려서 여자친구 줬더니 잘 입네요 마른 사람한테 어울리는 옷 같아요
길에서 많이 보이긴하는데 시원하고 좋습니다 만족,5.0,길에서 많이 보이긴 하는데 시원하고 좋습니다 만족
여름에 가볍게 입기 좋은거 같아요 총장이 살짝 짧은 느낌이 들는것 같긴 하네요,5.0,여름에 가볍게 입 기 좋은 거 같아 요 총장이 살짝 짧은 느낌이 들는 것 같긴 하네요
역시 파르티멘토를 따라갈수가 없네요!!! 만족 대 만족입니다,5.0,역시 파르 티멘토를 따라갈 수가 없네요 만족 대 만족입니다
후들후들해서 여름에 단벌로 입기에 딱 좋아요 찰랑거리는 재질이라서 어디에 입어도 예뻐요,5.0,후들 후들해서 여름에 단벌로 입기에 딱 좋아요 찰랑거리는 재질이라서 어디에 입어도 예뻐요
편하고 예쁘고 좋습니다 돈 아깝지 않아요 잘샀어요,5.0,편하고 예쁘고 좋습니다 돈 아깝지 않아 요 잘 샀어요
사이즈 되게 크고 엄청 얇고 이뻐요. 밖에 나가면 오억명이 입고 다니고 보풀이 잘 생지만 정말 이쁩니다,5.0,사이즈 되게 크고 엄청 얇고 이 뻐요 밖에 나가면 오억명이 입고 다니고 보풀이 잘 생지만 정말 이쁩니다
넉넉하고 소재가 후들후들해서 좋아요 한여름엔 더운 재질 ,5.0,하고 소재가 후들 후들해서 좋아요 한 여름엔 더운 재질
이번 더운 폭염에 스타일리쉬하게 잘입을것같아요 ,5.0,이번 더운 폭염에 스타일리쉬하게 잘 입을 것 같아 요
남자친구랑 커플로 입고싶어서 구매했어요! 사이즈는 크긴한데 원래 오버핏 좋아해서 일부러 샀어요 얇아서 시원하고 좋습니당ㅎㅎ,5.0,남자친구랑 커플로 입고 싶어서 구매했어요 사이즈는 크긴 한데 원래 오버핏 좋아해서 일부러 샀어요 얇아서 시원하고 좋습니당
두께감이 후들후들하게 얇아서 여름에 입고다니기 좋습니다.,5.0,두께감이 후들 후들하게 얇아서 여름에 입고 다니기 좋습니다
배송빨랐어요 원단 시원하니 지금입기딱좋고 디자인 예뻐요~=,5.0,배송 빨랐어요 원단 시원하니 지금 입기 딱 좋고 디자인 예뻐요
사이즈 적당하고 옷 예뻐요 배송 빨라요 만족합니다,4.0,사이즈 적당하고 옷 예뻐요 배송 빨라요 만족합니다
디자인너무 예쁩니다. 한사이즈 큰걸로 살걸 그랬어요 ㅎㅎ 단점은 너무예뻐서 많이들 사셨는지 길가면 꼭 한두명씩 보이네요ㅠ,5.0,디자인 너무 예쁩니다 한 사이즈 큰 걸로 살 걸 그랬어요 단점은 너무 예뻐서 많이들 사셨는지 길 가면 꼭 한두 명씩 보이네요
잘 맞고 이런 셔츠 처음 입어보는데 잘 어울리는것같아서 좋았어요,5.0,잘 맞고 이런 셔츠 처음 입어보는데 잘 어울리는 것 같아서 좋았어요
박시한 셔츠 찾다가 산 제품인데 지금 날씨에 딱 맞게 얇고 가격도 착합니다. 엄청 오버 핏을 원하시면 한치수 업 하시는거 추천드려요.,5.0,박시한 셔츠 찾다가 산 제품인데 지금 날씨에 딱 맞게 얇고 가격도 착합니다 엄청 오버 핏을 원하시면 한 치수 업 하시는 거 추천 드려요
체크패턴이 예쁘고 차콜 색감이 너무 잘빠졌네요ㅎ 반바지에 매치해서 자주 입고 있어요 재구매의사 있습니다,5.0,체크 패턴이 예쁘고 차콜 색감이 너무 잘 빠졌네요 반 바지에 매치해서 자주 입고 있어요 재구매 의사 있습니다
조금 크지만 사이즈 제외하면 완벽 한 거 같아요 이쁩니다,3.0,조금 크지만 사이즈 제외하면 완벽 한 거 같아 요 이쁩니다
배송은 빠르고 옷도 예쁘고 요즘 많이 보이긴 하는데 시원해서 좋네요,5.0,배송은 빠르고 옷도 예쁘고 요즘 많이 보이긴 하는데 시원해서 좋네요
달라붙지않아서 시원하게 잘 입을꺼 같아요~~ 품은 넓은편이고 길이는 짪은편이예요,4.0,달라붙지 않아서 시원하게 잘 입을 꺼 같아 요 품은 넓은 편이고 길이는 짪은 편이예요
이가격에 이정도 퀄리티 셔츠면 무조건 사세요 너무 좋아요,5.0,이 가격에 이 정도 퀄리티 셔츠면 무조건 사세요 너무 좋아요
이뻐요 근데 이 옷 입은사람 이번 여름에만 20명은 본듯,5.0,이 뻐요 근데 이 옷 입은 사람 이번 여름에만 명은 본 듯
소재가 바람이 잘 통하고 옷이 얇아서 여름에 최적화된 옷입니다. 셔츠 자체가 모자와 잘 어울려서 캠프캡이랑 매치해봤습니다. 다만 롤업 부분이 고정이 잘 되는 건지는 모르겠습니다  옷 자체가 너무 얇은 탓인지 내구성이 부족한 것 같습니다,4.0,소재가 바람이 잘 통하고 옷이 얇아서 여름에 최적화된 옷입니다 셔츠 자체가 모자와 잘 어울려서 캠프 캡이랑 매치해봤습니다 다 만 롤업 부분이 고정이 잘 되는 건지는 모르겠습니다 옷 자체가 너무 얇은 탓인지 내구성이 부족한 것 같습니다
딱 원하더 체크여서 너무 만족합니당 시원해서 좋아요,5.0,딱 원하더 체크여서 너무 만족합니당 시원해서 좋아요
흔하긴 한데 그만큼 예쁩니다 안에 나시 입고 위에 걸쳐입는게 젤 예뻐요 얇은 소재라서 요즘 입고다니기 딱 좋아요,5.0,흔하긴 한데 그만큼 예쁩니다 안에 나 시 입고 위에 걸쳐 입는 게 젤 예뻐요 얇은 소재라서 요즘 입고 다니기 딱 좋아요
이런 반팔 셔츠 국밥인거 같네요 휘뚜루마뚜루 입기 좋습니다 ,5.0,이런 반팔 셔츠 국밥인 거 같네요 휘뚜루마 뚜루 입 기 좋습니다
흐물흐물한 셔츠를 찾고 있었는데 잘 찾은거 같아요! 여름에 이런 셔츠 하나면 편하게 잘 입을 거 같습니다!!,4.0,흐물흐물한 셔츠를 찾고 있었는데 잘 찾은 거 같아 요 여름에 이런 셔츠 하나면 편하게 잘 입을 거 같습니다
추천 받고 샀는데 너무 마음에 들어요 감사합니다 ,5.0,추천 받고 샀는데 너무 마음에 들어 요 감사합니다
핏이 정말 예쁘고 제가 자주 입게되는 제품인거 같아요! 강추합니다 다들 고민은 배송만 늦출뿐!,5.0,핏이 정말 예쁘고 제가 자주 입게 되는 제품인 거 같아 요 강 추합니다 다들 고민은 배송만 늦출뿐
너무 이쁜 셔츠예요 여름인데도 너무 잘입고 있습니다 ,5.0,너무 이쁜 셔츠예요 여름인데도 너무 잘 입고 있습니다
더운 여름에도 얇아서 입기 좋습니다 이너입고 걸치면 굿,5.0,더운 여름에도 얇아서 입 기 좋습니다 이너 입고 걸치면 굿
가성비로 가지고있기 좋습니다  근데 팔부분이 생각보다 잘 안접혀서 그거는 좀 아쉽네요,5.0,가성비로 가지고 있기 좋습니다 근데 팔 부분이 생각보다 잘 안 접혀서 그거는 좀 아쉽네요
얇아서 한여름에 걸치기 좋네요 잘 입고 다니고 있습니다,5.0,얇아서 한 여름에 걸치기 좋네요 잘 입고 다니고 있습니다
셔츠 무늬도 예쁜데 살짝 구겨진 느낌이라 너무 포멀하지 않은 스타일이 좋은 것 같아요! 팔 접을 수 있는 디테일도 좋아요 ,5.0,셔츠 무늬도 예쁜데 살짝 구겨진 느낌이라 너무 포멀하지 않은 스타일이 좋은 것 같아 요 팔 접을 수 있는 디테일도 좋아요
단독으로 입기엔 조금 애매하게 큰 사이즈라.. 겉옷 느낌으로 입는게 더 이쁩미다. 색감은 생각보다 회끼가 많이 돌아요,5.0,단독으로 입기엔 조금 애매하게 큰 사이즈라 겉옷 느낌으로 입는 게 더 이 쁩미 다 색감은 생각보다 회끼가 많이 돌아요
생각보다 엄청 얇아서 정말 여름에 입기 정말정말 좋습니다,4.0,생각보다 엄청 얇아서 정말 여름에 입 기 정말 정말 좋습니다
제가 찾던 얇고 후들후들거리는 재질이라 걸쳐입기도 좋고 한여름에 단독으로 입어도 조와요,5.0,제가 찾던 얇고 후들 후들거리는 재질이라 걸쳐 입기도 좋고 한 여름에 단독으로 입어도 조와요
여름에 딱 체형도 가려지고 가볍게 입고 있습니다. 배송도 빠르고 좋아요,5.0,여름에 딱 체형도 가려지고 가볍게 입고 있습니다 배송도 빠르고 좋아요
오래도록 고민하고 이번에 구매했는데  사이즈도 넉넉하고 핏도 후들후들 떨어지는 핏입니다 얇고 시원한 원단인건 알고있었지만 정말 시원해서 자주 애용하고있어요 제가 갖고있는 옷 중에 가장 시원해요 색감도 자연스럽고 어두운 계열 옷이지만 참 시원해보이고 시원하고 예쁘고 아무튼 좋아요,5.0,오래도록 고민하고 이번에 구매했는데 사이즈도 하고 핏도 후들 후들 떨어지는 핏입니다 얇고 시원한 원단인 건 알고 있었지만 정말 시원해서 자주 애용하고 있어요 제가 갖고 있는 옷 중에 가장 시원해요 색감도 자연스럽고 어두운 계열 옷이지만 참 시원해 보이고 시원하고 예쁘고 아무튼 좋아요
배송도 빠르고 이쁘고 편해서 자주 입을거 같아요 굿굿,5.0,배송도 빠르고 이 쁘고 편해서 자주 입을 거 같아 요
사이즈도 딱이도 핏도 이뻐요 가격도 합리적이에요!,5.0,사이즈도 딱이도 핏도 이 뻐요 가격도 합리적이에요
팔을 접어서 올릴 수 있는 포인트가 너무 좋았고 자칫 잘못하면 아저씨 셔츠처럼 보일 수 있지만 나시랑 포인트 바지랑 코디하니 힙해보이네유~~,5.0,팔을 접어서 올릴 수 있는 포인트가 너무 좋았고 자칫 잘못하면 아저씨 셔츠처럼 보일 수 있지만 나 시랑 포인트 바지랑 코디하니 힙해 보이네유
사야지사야지 하다가 세일해서 바로 구매했는데 너무 좋습니당,5.0,사야지 사야지 하다가 세일해서 바로 구매했는데 너무 좋습니당
이쁜데 길거리에 너무 많이 보여서 겹치는게 문제입니다 ㅜ,5.0,이쁜데 길거리에 너무 많이 보여서 겹치는 게 문제입니다
매번 쓰던 제품이라 역시 편안하네요 다음에도 또 사겠급니다!,5.0,매번 쓰던 제품이라 역시 편안하네요 다음에도 또 사겠급니다
좋은가격으로 구매했습니다. 배송도 빠르고 좋아요.,5.0,좋은 가격으로 구매했습니다 배송도 빠르고 좋아요
너무 얇고 시원한 재질이라 무더운 여름에도 입기 좋고 사자마자 동일한 제품을 입으신 분들을 몇분 마주치긴 했지만 옷만 놓고보면 에쁩니다...,5.0,너무 얇고 시원한 재질이라 무더운 여름에도 입기 좋고 사자마자 동일한 제품을 입으신 분들을 몇 분 마주치 긴 했지만 옷만 놓고 보면 에 쁩니다
싼가격에 샀네요. 얇아서 여름에 활용하기 좋습니다.,5.0,싼 가격에 샀네요 얇아서 여름에 활용하기 좋습니다
휘뚜루마뚜루 걸쳐서 입기 좋습니다. 여름에 햇빛가릴 용도로도 좋아요,5.0,휘뚜루 마뚜루 걸쳐서 입 기 좋습니다 여름에 햇빛 가릴 용도로도 좋아요
너무 이쁘고 좋고 주변 사람들 이거 엄청 마니 입어요,5.0,너무 이 쁘고 좋고 주변 사람들 이 거 엄청 마니 입어요
"옷이 진짜 얇은데 비침도 없고 가볍게 툭툭 입기도 좋고,,, 여름내내 거의 이거만 입을정도로 애정템이 되어버린,,,",5.0,옷이 진짜 얇은 데 비침도 없고 가볍게 입기도 좋고 여름 거의 이거만 입을 정도로 애정템이 되어버린
셔츠 예뻐요 팔에 접어올릴 수 있는 단추도 있고 좋습니다,5.0,셔츠 예뻐요 팔에 접어 올릴 수 있는 단추도 있고 좋습니다
완전 마음에 듭니다.ㅎㅎ 많이.판매하세오 ㅎ 빠른배송도 쵝로,5.0,완전 마음에 듭니다 많이 판매하세오 빠른 배송도 쵝로
시원해보입니다 구김이 자연스럽게 있는데 멋스럽습니다,5.0,시원해 보입니다 구김이 자연스럽게 있는데 멋스럽습니다
많이.판매하세요  ㅎ 생각보다 요즘 입으신분이 많음,5.0,많이 판매하세요 생각보다 요즘 입으신 분이 많음
흐느적거리지 않고 탄탄해서 좋네요 길이감은 딱좋는데 품은 굉장히 크네요 교환안하고 입어보려고요,4.0,흐느적거리지 않고 해서 좋네요 길이감은 딱 좋는데 품은 굉장히 크네요 교환 안 하고 입어보려고요
재질이 굉장히 좋아요 의외로 흐느적거리지 않고 탄탄해요 그런데 품이 굉장히 크네요 길이감은 딱좋아서 교환은 안했어요,4.0,재질이 굉장히 좋아요 의 외로 흐느적 거리지 않고 해요 그런데 품이 굉장히 크네요 길이감은 딱 좋아서 교환은 안 했어요
예쁜데 제가 생각했던 것보다 부한 느낌이라 그냥 남동생 줘버렸어요 남자한테 확실히 더 잘어울려요,5.0,예쁜데 제가 생각했던 것보다 부한 느낌이라 그냥 남동생 줘버렸어요 남자한테 확실히 더 잘 어울려요
"예뻐요!! 입고 나가면 같은 옷 입은 사람 최소3명 이상은 마주치는것 같아요,, 그만큼 이쁘긴해요",5.0,예뻐요 입고 나가면 같은 옷 입은 사람 최소명 이상은 마주치는 것 같아 요 그만큼 이쁘긴 해요
제일 작은 사이즈 시켜도 널널하게 나와서 오버한거 좋아하시는 여성분들은 제일 작은사이즈로 해도 될 것같습니다.,5.0,제일 작은 사이즈 시켜도 하게 나와서 오버한 거 좋아하시는 여성분들은 제일 작은 사이즈로 해도 될 것 같습니다
이뻐요 일단 원단이 너무 시원한 원단이에요 좋아요,5.0,이 뻐요 일단 원단이 너무 시원한 원단이에 요 좋아요
후들후들하고 얇은 천이 너무 맘에 듭니다. 여름에 잘 입고 다녀요 색상도 아주 좋아유 ,5.0,후들 후들하고 얇은 천이 너무 맘에 듭니다 여름에 잘 입고 다녀 요 색상도 아주 좋아 유
너무너무 마음에 들어요! 딱 오버하게 편하게 막 입고 다니기 너무 좋은 것 같습니다. 언제 입어도 어색하지 않을 것 같습니다. 재질도 얇고 조아여,5.0,너무 너무 마음에 들어 요 딱 오버하게 편하게 막 입고 다니기 너무 좋은 것 같습니다 언 제 입어도 어색하지 않을 것 같습니다 재질도 얇고 조아여
팔 부분에 단추가 있어서 좋긴한데 단추를 채워도 접은 부분이 풀리는 건 아쉬워요ㅠㅠ 그래도 예뻐서 자주 입고 있습니다!,5.0,팔 부분에 단추가 있어서 좋긴 한데 단추를 채워도 접은 부분이 풀리는 건 아쉬워요 그래도 예뻐서 자주 입고 있습니다
한여름에 입기는 역시 더워요 하지만 여름이랑 잘 어울리는 후들후들 셔츠,4.0,한여름에 입기는 역시 더워요 하지만 여름이랑 잘 어울리는 후들 후들 셔츠
가성비 좋은 반팔셔츠 여름에 입고다니기 시원해서 좋아요,5.0,가성비 좋은 반팔 셔츠 여름에 입고 다니기 시원해서 좋아요
옷 예쁘고 팔에 단추 디테일 좋습니다 근데 클론이 많이보이네요ㅠ,5.0,옷 예쁘고 팔에 단추 디테일 좋습니다 근데 클론이 많이 보이네요
요즘 유행하는 스타일에 가성비까지 갖춰서 딱입니다,5.0,요즘 유행하는 스타일에 가성비까지 갖춰서 딱입니다
얇아서 한여름에도 입기 좋습니다-! 핏도 이쁩니다,4.0,얇아서 한 여름에도 입 기 좋습니다 핏도 이쁩니다
사이즈도 그렇고 너무 예뻐요 여름에 하나 걸치기 애매할때 딱 좋아요 색감도 사진과같아요,5.0,사이즈도 그렇고 너무 예뻐요 여름에 하나 걸치기 애매할 때 딱 좋아요 색감도 사진과 같아요
너무 예쁘고 평소에 입기 좋은것 같아요 벌써 2번 구매합니다,5.0,너무 예쁘고 평소에 입 기 좋은 것 같아 요 벌써 번 구매합니다
여름에 반팔은 입기 싫어서 셔츠 샀는데 포인트 주기 좋고 이뻐요 기장이 살짝만 더 길었으면 하지만 그래도 만죡,4.0,여름에 반 팔은 입기 싫어서 셔츠 샀는데 포인트 주기 좋고 이 뻐요 기장이 살짝 만 더 길었으면 하지만 그래도 만죡
가볍게 걸치기 좋은셔츠에요 색상이랑 기장이 맘에 듭니당,5.0,가볍게 걸치기 좋은 셔츠에 요 색상이랑 기장이 맘에 듭니당
가볍게 걸치기 좋은셔츠에요 색상이랑 기장 맘에이들어요,5.0,가볍게 걸치기 좋은 셔츠에 요 색상이랑 기장 맘에 이들어요
사이즈가 살짝 큰 감이 있어요. 그래도 여름 재질에 시원합니다,5.0,사이즈가 살짝 큰 감이 있어요 그래도 여름 재질에 시원합니다
약간 까칠한 느낌이지만 시원한 소재라 좋아요 핏도 원하던 오버핏이라 마음에 들어요,5.0,약간 까칠한 느낌이지만 시원한 소재라 좋아요 핏도 원하던 오버핏이라 마음에 들어요
원단감 정말 얇고 하나만 툭 입기 좋아요 팔 걷을 수 있는 단추랑 크롭한 기장이 마음에 들어요,5.0,원단 감 정말 얇고 하나만 툭 입기 좋아요 팔 걷을 수 있는 단 추랑 크롭 한 기장이 마음에 들어요
이뻐요. 옷이 얇고 통풍이 잘 돼서 한여름에 입기 좋은거 같아요. 요즘 너무 더워서 정말 자주입고 있습니다. 배송도 빠릅니다.,5.0,이 뻐요 옷이 얇고 통풍이 잘 돼서 한 여름에 입 기 좋은 거 같아 요 요즘 너무 더워서 정말 자주 입고 있습니다 배송도 빠릅니다
오버핏인데 오버한 느낌은 없어요 하늘하늘한데 까끌한 느낌,5.0,오버핏인데 오버한 느낌은 없어요 하늘하늘한 데 까끌한 느낌
진짜 너무 예쁘고 귀여워요… 버뮤다랑 입어도 너무 귀엽고 세일할 때 잘 산 것 같아서 좋네요! 지금 입기도 딱 좋고 더운 여름에 헐렁하게 입을 수 있어서 좋아용,5.0,진짜 너무 예쁘고 귀여워요 버뮤다랑 입어도 너무 귀엽고 세일할 때 잘 산 것 같아서 좋네요 지금 입기도 딱 좋고 더운 여름에 헐렁하게 입을 수 있어서 좋아용
흐물거리는 디자인이고 색감 이쁘네요. 마감이 아쉽긴한데 가격생각하면 또 괜찮네오,3.0,흐물거리는 디자인이 고 색 감 이쁘네요 마감이 아쉽긴 한데 가격 생각하면 또 괜찮네오
옷은 진짜 너무 예쁘지만 이런 옷과 비슷한 제품들이 많지 않아서 그런지 길에서 좀 자주 보이는게 아쉬운거같아요ㅠ 하지만 살지말지 고민 중이시라면 무조건 사는거 추천합니다.,5.0,옷은 진짜 너무 예쁘지만 이런 옷과 비슷한 제품들이 많지 않아서 그런지 길에서 좀 자주 보이는 게 아쉬운 거 같아 요 하지만 살지 말지 고민 중이시라면 무조건 사는 거 추천합니다
가성비 있게 잘 나와서 만족하고 자주 입을거 같아요,5.0,가성비 있게 잘 나와서 만족하고 자주 입을 거 같아요
역시 가격도 좋고 질도 좋네요. 꾸준히 구매중입니다.,5.0,역시 가격도 좋고 질도 좋네요 꾸준히 구매 중입니다
싼 가격에 반팔셔츠 살 수 있어서 좋은데 생각보다 보풀이 빨리 일어나네요 그거 말고는 다 만족합니다,4.0,싼 가격에 반 팔 셔츠 살 수 있어서 좋은데 생각보다 보풀이 빨리 일어나네요 그거 말고는 다 만족합니다
너무 좋아요 감사합니다 또 살게요 기본탬으로 아주 좋아요,5.0,너무 좋아요 감사합니다 또 살게요 기본탬으로 아주 좋아요
얇아서 여름에 입기 좋고 재질도 부드러워서 좋아용 배송도 빨라 좋습니다,5.0,얇아서 여름에 입 기 좋고 재질도 부드러워서 좋아용 배송도 빨라 좋습니다
"뿔테 안경 코디랑 찰떡, 캐주얼하게 입기에도 안성맞춤이에요",5.0,뿔테 안경 코디랑 찰떡 캐주얼하게 입기에도 안성맞춤이에요
색감도 딱생각했던 색상에 적당히 낙낙해서 여름에 입기좋아요.,5.0,색감도 딱 생각했던 색상에 적당히 해서 여름에 입기 좋아요
오버핏이지만 예쁘게 떨어지는 오버핏이라 슬랙스에도 츄리닝에도 휘뚤마뚤 입고 댕겨써요 ㅎㅎ,4.0,오버핏이지만 예쁘게 떨어지는 오버핏이라 슬랙스에도 츄리닝에도 휘뚤마뚤 입고 댕겨 써요
얇고 비치지는 않아서 단품으로도 입기 좋은거 같아요,5.0,얇고 비치지는 않아서 단품으로도 입기 좋은 거 같아요
패턴도 이쁘고 색감도 차분하니 이쁘고 기장감 팔길이 다 완벽합니다. 팔을 걷어도 괜찮고 실내에서 에어컨 바람이 좀 차가우면 팔 안 걷고 있어도 괜찮습니다 아주 이뻐요 굿굿,5.0,패턴도 이 쁘고 색감도 차분하니 이 쁘고 기장감 팔 길이 다 완벽합니다 팔을 걷어도 괜찮고 실내에서 에어컨 바람이 좀 차가 우면 팔 안 걷고 있어도 괜찮습니다 아주 이 뻐요
선물했는데 너무 맘에들어해서 선물한 저도 만족합니다 ㅎ ,5.0,선물했는데 너무 맘에 들어해서 선물한 저도 만족합니다
남자친구한테 선물하고나서 너무 이쁘길래 저도 구매했어요~ ,5.0,남자친구한테 선물하고 나서 너무 이쁘길래 저도 구매했어요
고민하다가 구매했는데 배송만 늦출 뿐입니다. 당장 구매하세요. 너무 예쁘고 두께도 적당하고 편하게 입을 수 있습니다~~,5.0,고민하다가 구매했는데 배송만 늦출 뿐입니다 당장 구매하세요 너무 예쁘고 두께도 적당하고 편하게 입을 수 있습니다
셔츠 잘 안입는데 너무 편하고 두께감 적당해서 지금 입기에 딱입니다. 파르티멘토 셔츠 애용할 거 같아요~,5.0,셔츠 잘 안입는데 너무 편하고 두께감 적당해서 지금 입기에 딱입니다 파르 티멘토 셔츠 애용할 거 같아요
생각보다 조금 컸는데 옷은 예쁩니다! 굿굿입니다,5.0,생각보다 조금 컸는데 옷은 예쁩니다 입니다
한여름에도 입을수있을정도로 얇아요 사이즈도 생각한만큼이네요,5.0,한여름에도 입을 수 있을 정도로 얇아 요 사이즈도 생각한 만큼 이네요
색감도 딱생각했던 색상에 적당히 낙낙해서 여름에 입기좋아요. ,5.0,색감도 딱 생각했던 색상에 적당히 해서 여름에 입기 좋아요
전체적으로 옷이 색감이 너무 이쁩니다 디자인도 사진보다 휠씬 이쁘고 배송도 아주 빨리 왔습니다!,5.0,전체적으로 옷이 색감이 너무 이쁩니다 디자인도 사진보다 휠 씬 이쁘고 배송도 아주 빨리 왔습니다
여름에 입으려고 사서 잘 입고 있습니다. 가격대비 만족해요.,5.0,여름에 입으려고 사 서 잘 입고 있습니다 가격 대비 만족해요
롤업 디테일이 몸이 좋아보이게 하고 기장감도 짧은 편이라서 좋습니다. 세탁 후 약간의 보풀이 생기는 단점이 있습니다.,5.0,롤업 디테일이 몸이 좋아 보이게 하고 기장감도 짧은 편이라서 좋습니다 세탁 후 약간의 보풀이 생기는 단점이 있습니다
재싈 시원하니 좋았구 오버핏도 좋았어요 스타일도 하기 무난한 어두운회색이라 잘입고 다닙니다.,5.0,재싈 시원하니 좋았구 오버핏도 좋았어요 스타일도 하기 무난한 어두운 회색이라 잘 입고 다닙니다
저는 다행히도(?) 잘 받았어요. 재질도 맘에 들고 색깔도 이뻐서 베이지색 바지랑 나시랑 같이 딱 입으면 힙마스터가 되는 느낌이라서 자신감이 생겨요,5.0,저는 다행히도 잘 받았어요 재질도 맘에 들고 색깔도 이 뻐서 베이지색 바지랑 나 시랑 같이 딱 입으면 힙마스터가 되는 느낌이라서 자신감이 생겨요
처음 받았을 땐 보풀 안생기는 재질인 줄 알았는데 빨래돌렸더니 보풀이 조금 생기네요ㅠ 그래도 어두워서 티가 안나요,4.0,처음 받았을 땐 보풀 안 생기는 재질인 줄 알았는데 빨래 돌렸더니 보풀이 조금 생기네요 그래도 어두워서 티가 안나요
가격도 저렴한데 포인트 주기 좋은 셔츠인겋 같아요,5.0,가격도 저렴한데 포인트 주기 좋은 셔츠인 겋 같아요
"생각보다 뭔가 얇은데 얇지만은 않다고 해야되나..? 롤업해서 입는게 너무 예쁘고 다 좋은데 단추부분 마감이 살짝 아쉬워용., 근데 너무 예쁨!",5.0,생각보다 뭔가 얇은 데 얇지만은 않다고 해야 되나 롤업해서 입는 게 너무 예쁘고 다 좋은데 단추 부분 마감이 살짝 아쉬워 용 근데 너무 예쁨
요즘 체크셔츠중에 가성비 좋게 입기좋은 옷 가볍고 얇아서 추천합니다,5.0,요즘 체크 셔츠 중에 가성비 좋게 입기 좋은 옷 가볍고 얇아서 추천합니다
가볍게 입고 다니고 있습니다 가격대비 가성비도 좋고 꾸며서 입기도 안에 안입고 편하게 입을때도 있어서 좋네요,5.0,가볍게 입고 다니고 있습니다 가격 대비 가성비도 좋고 꾸며서 입기도 안에 안 입고 편하게 입을 때도 있어서 좋네요
대박 이쁘네요 얇고 가벼워서 지금처럼 더울때 입기 좋은 셔츠..추천드려요,5.0,대박 이 쁘네요 얇고 가 벼워서 지금처럼 더울 때 입기 좋은 셔츠 추천 드려요
얇고 가벼워서 여름에 입기에도 괜찮은 옷이네요!,5.0,얇고 가 벼워서 여름에 입기에도 괜찮은 옷이네요
너무 이뻐요 사진처럼 그렇게 어둡지는 않고 딱 이쁜 남색 너무 좋아용,5.0,너무 이 뻐요 사진처럼 그렇게 어둡지는 않고 딱 이쁜 남색 너무 좋아용
겉에 입었는데 너무 이뻐요 단독으로만 입어도 이쁠 거 같아여,5.0,겉에 입었는데 너무 이 뻐요 단독으로만 입어도 이 쁠 거 같아 여
소재가 시원해서 여름에 여기저기 편하게 잘 입고 있습니다. 어깨선이 약간 부해보이긴 하는데 하의를 짧게 입어주면 괜찮은거 같아요,4.0,소재가 시원해서 여름에 여기저기 편하게 잘 입고 있습니다 어깨선이 약간 부해 보이긴 하는데 하의를 짧게 입어주면 괜찮은 거 같아요
얇아서 여름에 입기좋은데 클론을 마주칠확률이높습니다,3.0,얇아서 여름에 입기 좋은데 클론을 마주칠 확률이 높습니다
색감이랑 사이즈 모두 제 스타일입니다. 재질도 마음에 드네요.,5.0,색감이랑 사이즈 모두 제 스타일입니다 재질도 마음에 드네요
너무 깔끔하고 이쁜 핏의 옷입니다. 구매하고 싶었던 디자인과 같아서 좋네요.,5.0,너무 깔끔하고 이 쁜 핏의 옷입니다 구매하고 싶었던 디자인과 같아서 좋네요
운동을 해서 어깨가 넓어서 셔츠가 원하는 핏이 안나오는데 여기거는 너무 예쁩니다! 긴팔버전도 나오면 좋겠어오ㅠ,5.0,운동을 해서 어깨가 넓어서 셔츠가 원하는 핏이 안 나오는데 여기거는 너무 예쁩니다 긴 팔 버전도 나오면 좋겠어오
얇고 입기 되게 편했습니다 지금 날씨가 많이 더워서 손이 많이갈것 갔아요 너무 좋습니다!!,4.0,얇고 입기 되게 편했습니다 지금 날씨가 많이 더워서 손이 많이 갈 것 갔아요 너무 좋습니다
너무이뻐서 매일 입고있습니다. 시원하구요. 팔 접는부분이 포인트라 이뻐요. ,5.0,너무 이뻐서 매일 입고 있습니다 시원하구요 팔 접는 부분이 포인트라 이 뻐요
무난한 체크셔츠로인데 합리적인 가격이라 입기 좋네요,5.0,무난한 체크 셔츠로인데 합리적인 가격이라 입 기 좋네요
사이즈 정말 큽니다. 그래도 큼직하게 입는 게 더 예쁜 것 같아서 마음에 들었어요! 빈티지하면서도 튀지 않아서 여기저기 받쳐입기 좋아요. 얇아서 여름 내내 잘 입을 것 같아요~,5.0,사이즈 정말 큽니 다 그래도 큼직하게 입는 게 더 예쁜 것 같아서 마음에 들었어요 빈티지하면서도 튀지 않아서 여기저기 받쳐 입기 좋아요 얇아서 여름 잘 입을 것 같아요
진짜 싸고 이쁘긴한데 사람들이 너무 많이 입고다녀서 잘 안입게 되네요,5.0,진짜 싸고 이 쁘긴 한데 사람들이 너무 많이 입고 다녀서 잘 안 입게 되네요
원단 얇고 사이즈 다 맘에 듦. 근데 단추가 너무 잘 빠짐. 하나가 빠져서 보니 짧은 실로 단추를 꿰맨거라 튼튼할 수가 없는 것 같음. 이거 하나 빼면 대만족,4.0,원단 얇고 사이즈 다 맘에 듦 근데 단추가 너무 잘 빠짐 하나가 빠져서 보니 짧은 실로 단추를 꿰 맨 거라 할 수가 없는 것 같음 이 거 하나 빼면 대 만족
색감이 독특하여 특유의 분위기를 잘 살려입어야겠습니다. 얇아서 잘 입을 것 같습니다.,4.0,색감이 독특하여 특유의 분위기를 잘 살려 입어야겠습니다 얇아서 잘 입을 것 같습니다
넉넉한 품에 사이즈 오버하게 맞습니다 색감이랑 원단 여름에 딱좋네요~~ 밖에나가면 같은옷 한사람쯤 보게되네요 ㅋㅋ,5.0,한 품에 사이즈 오버하게 맞습니다 색감이랑 원단 여름에 딱 좋네요 밖에 나가면 같은 옷 한 사람쯤 보게 되네요
한 사이즈 크게 할 걸 조금 후회스럽지만…. 옷만큼은 정망 예쁨,5.0,한 사이즈 크게 할 걸 조금 후회스럽지만 옷만큼은 정망 예쁨
얇아서 반팔티 위에 걸쳐입어도 많이 안더울거같아요 시원시원할듯,5.0,얇아서 반팔티 위에 걸쳐 입어도 많이 안 더울 거 같아 요 시 원시원할 듯
엄청 얇아서 여름에 편하게 입기 좋은 원단입니다. 팔부분은 접어입는게 이쁘고 맘에 들어요,4.0,엄청 얇아서 여름에 편하게 입기 좋은 원단입니다 팔 부분은 접어 입는 게 이 쁘고 맘에 들어요
후기 작성 후기 작성 후기 작성 후기 작성 후기 작성,5.0,후기 작성 후기 작성 후기 작성 후기 작성 후기 작성
하늘하늘하고 시원해요 체크무늬지만 촌스럽지 않아요,5.0,하늘하늘하고 시원해요 체크무늬지만 촌스럽지 않아요
다른 후기처럼 실밥이 많긴한데 다른건 다 좋고 이뻐요,5.0,다른 후기처럼 실밥이 많긴 한데 다른 건 다 좋고 이 뻐요
"여름에도 입기 적당한 두께이고, 자체적으로 구겨져있어서 다림질 부담이 없습니다 촌뜨기될까봐 걱정했는데 너무 너무너무너무너무 맘에 들어여 덜 촌뜨기같음 길가다가 같은 디자인 사람을 만나서 민망하지만... 이쁘니까 괜찮아",5.0,여름에도 입 기 적당한 두께이고 자체적으로 구겨져 있어서 다림질 부담이 없습니다 촌 뜨기될까봐 걱정했는데 너무 너무너무너무너무 맘에 들어 여 덜 촌뜨기 같음 길 가다가 같은 디자인 사람을 만나서 민망하지만 이 쁘니까 괜찮아
너무 이쁘게 잘 입었습니다! 가성비 좋은 거 같아요😍,5.0,너무 이쁘게 잘 입었습니다 가 성비 좋은 거 같아요
요즘같은 여름 데일리로 ㅋ  카고팬츠 스커트 어디든 스타일리쉬하게 션하게 잘 입고 있어요,5.0,요즘 같은 여름 데일리로 카고 팬츠 스커트 어디든 스타일리쉬하게 션하게 잘 입고 있어요
여름 포인트로 잘입고 있어요 만족합니다 잘입을게요,5.0,여름 포인트로 잘 입고 있어요 만족합니다 잘 입을 게요
일단 매우 예쁘고 디자인적으로나 재질감이나 너무 만족스럽습니다. 매우 얇지만 어두운색이라 비치지는 않고 다만 단추구멍 하나가 손상이 좀 있는 상태였습니다. 아쉽지만 그거 말고는 다 만족합니다,5.0,일단 매우 예쁘고 디자인적으로 나 재질감이나 너무 만족스럽습니다 매우 얇지만 어두운색이라 비치지는 않고 다만 단추 구멍 하나가 손상이 좀 있는 상태였습니다 아쉽지만 그거 말고는 다 만족합니다
어우 가성비라고 말하기 민망할정도로 너무 마음에 듭니다 마감 이야기가 많아서 전체적으로 꼼꼼하게 봤는데 마감도 훌륭한 편이구요 사이즈 색감 원단 모든게 완벽합니다,5.0,어우 가성비라고 말하기 민망할 정도로 너무 마음에 듭니다 마감 이야기가 많아서 전체적으로 하게 봤는데 마감도 훌륭한 편이구요 사이즈 색 감 원단 모든 게 완벽합니다
엄청 커서 간단하게 걸치기도 좋고 힙해보여서 너무 좋습니다,5.0,엄청 커서 간단하게 걸치기도 좋고 힙해 보여서 너무 좋습니다
넘 이쁘네요 자주 입고 있어요 이 브랜드 자주 이용하겠습니다,5.0,넘 이 쁘네요 자주 입고 있어요 이 브랜드 자주 이용하겠습니다
소재가 얇아서 굉장히 편하고 시원해서 좋아요. 팔부분을 접어서 단추로 고정시킬 수 있는 디테일도 굉장히 좋습니다,5.0,소재가 얇아서 굉장히 편하고 시원해서 좋아요 팔 부분을 접어서 단추로 고정시킬 수 있는 디테일도 굉장히 좋습니다
무난무난하고 이뻐서 자주 입을 것 같습니다 좋아용,4.0,무난무난하고 이 뻐서 자주 입을 것 같습니다 좋아용
화면과 색상이 같아요. 디자인이 아주 마음에  들어요.,5.0,화면과 색상이 같아 요 디자인이 아주 마음에 들어요
화면과 동일한 색상이에요. 디자인이 아주 마음에 들어요,5.0,화면과 동일한 색상이에 요 디자인이 아주 마음에 들어요
가격이 싸고 기장이 살짝 짧지만 통풍도 잘되고 좋아요,5.0,가격이 싸고 기장이 살짝 짧지만 통풍도 잘 되고 좋아요
사이즈는 기장이 살짝 짧지만 시원하고 좋습미다,5.0,사이즈는 기장이 살짝 짧지만 시원하고 좋습 미다
오버핏이고 소매부분 단추가 귀여워요 후들거리는 재질이라 답답하지 않아서 여름에 잘 입고 다닐 수 있을 것 같아오,5.0,오버핏이 고 소매 부분 단추가 귀여워요 후들 거리는 재질이라 하지 않아서 여름에 잘 입고 다닐 수 있을 것 같아오
얇고 후들후들해서 지금 날씨에 딱이고 왕 오버핏입니다,5.0,얇고 후들 후들해서 지금 날씨에 딱이고 왕 오버핏입니다
디자인도 멋지고 데일리로 입기 너무 좋은거 같습니다 핏도 예쁘고 코디하기 너무 좋은거 같습니다 ,5.0,디자인도 멋지고 데일리로 입 기 너무 좋은 거 같습니다 핏도 예쁘고 코디하기 너무 좋은 거 같습니다
색감이나 핏이 아주 유니크하고 예뻐요 너무 시원해서 자주 입음,5.0,색감이나 핏이 아주 유니크하고 예뻐요 너무 시원해서 자주 입음
이야 가격대비 퀄리티가 말이 안되는 수준 예뻐요 굿굿,5.0,이야 가격 대비 퀄리티가 말이 안 되는 수준 예뻐요
남방 색이 정말 예쁘게 잘나왔습니다. 강추 입니다.,5.0,남방 색이 정말 예쁘게 잘나왔습니다 강 추 입니다
소재 시원하구 좋아요 마감은 좀 아쉬운데 가성비니까.. 기장은 살짝 짧아오,4.0,소재 시원하구 좋아요 마감은 좀 아쉬운데 가성비니까 기장은 살짝 짧아오
진짜 예쁩니다 굿굿 다른색상 구매도 생각해볼려구요,5.0,진짜 예쁩니다 다른 색상 구매도 생각해 볼려 구요
여름에 딱! 입기 좋은 시원한 아이템입니다! 고민중이시라면 구매 고고~,5.0,여름에 딱 입기 좋은 시원한 아이템입니다 고민중이시라면 구매
나풀나풀~~ 완전 시원하고 이쁘기까지해요!! 잘 입겠습니다,5.0,나풀나풀 완전 시원하고 이 쁘기까지 해요 잘 입겠습니다
여자친구가 사라서 고민하다가 샀는데 진작 살걸 그랬어요… 이뻐요…,5.0,여자친구가 사라서 고민하다가 샀는데 진작 살 걸 그랬어요 이 뻐요
너무 이쁘고 제스타일이미다 재구매 의사 있어요 !,5.0,너무 이 쁘고 제 스타일이 미다 재 구매 의사 있어요
두께 얇은데 이것만 단독으로 입어도 안비치고 좋습니다,5.0,두께 얇은 데 이것만 단독으로 입어도 안비치고 좋습니다
얇아서 시원하고 스타이링하기도 너무 좋아요 강추,3.0,얇아서 시원하고 스타이링하기도 너무 좋아요 강추
하늘하늘하고 막 꾸겨도 이쁘게 주름져서 여름에 휘뚜루마뚜루 입기 너무 좋아요!! 요즘 밖에서 자주 보이지만 너무 이뻐서 자주 입게돼요!!!,5.0,하늘하늘하고 막 꾸겨도 이 쁘게 주름져서 여름에 휘뚜루 마 뚜루 입 기 너무 좋아요 요즘 밖에서 자주 보이지만 너무 이 뻐서 자주 입게 돼요
얇아서 입기도 편하고 배송도 빠른 편이여서 아주 잘 입고 있습니다,5.0,얇아서 입기도 편하고 배송도 빠른 편이여서 아주 잘 입고 있습니다
옷 진짜 예쁘고 여름에 덥지 않게 걸치기에도 좋아요 사이즈도 적당합니다 같은 옷 입은 사람 몇 명 봤지만…ㅎ 아주 만족합니다 ,5.0,옷 진짜 예쁘고 여름에 덥지 않게 걸치기에도 좋아요 사이즈도 적당합니다 같은 옷 입은 사람 몇 명 봤지만 아주 만족합니다
오고나서 좀 입고 늦게 쓰는데 배송도 괜찮구 시원해서 입기 좋아요,5.0,오고 나서 좀 입고 늦게 쓰는데 배송도 괜찮구 시원해서 입기 좋아요
스탠다드하고 데일리룩으로 입기 정말 괜찮습니다,5.0,스탠다드하고 데일리룩으로 입 기 정말 괜찮습니다
생각보다 어두워요 핏이 되게 옙뻐요 같은옷입은사람이 넘많음 ㅠ,5.0,생각보다 어두워요 핏이 되게 옙뻐요 같은 옷 입은 사람이 넘 많음
음 생각했던 핏은 아니지만  휘뚜루마뚜루 입을만해요!,5.0,음 생각했던 핏은 아니지만 휘뚜루마 뚜루 입을 만해요
선물로 줫는데 마음에 들어해서 너무 좋네용!이뻐요,5.0,선물로 줫는데 마음에 들어 해서 너무 좋네용이 뻐요
사이즈도 박시하게 잘 나와서 좋고 시원한 재질이라 그냥 입어도 충분해요,5.0,사이즈도 박시하게 잘 나와서 좋고 시원한 재질이라 그냥 입어도 충분해요
매우 마음에 듭니다. 다른 제품도 구매하고 싶네요. 굳굳,5.0,매우 마음에 듭니다 다른 제품도 구매하고 싶네요
너무좋아요 무난하게 쓰기 너무좋아요 담에도 살까봐요,5.0,너무 좋아요 무난하게 쓰기 너무 좋아요 담에도 살까 봐요
원단이 얇아서 시원하고 지금 딱 입기 좋은 셔츠에요,5.0,원단이 얇아서 시원하고 지금 딱 입기 좋은 셔츠에요
체크 반팔셔츠 사고 싶어서 고민하다가 샀는데 맘에 들어요 ~.~ 휴가 때 입으려고요! 배송도 빠르고 만족합니다,5.0,체크 반팔 셔츠 사고 싶어서 고민하다가 샀는데 맘에 들어 요 휴가 때 입으려고 요 배송도 빠르고 만족합니다
이뻐요 엄청 얇아서 이너 입고 입어야 하긴합니다 ,5.0,이 뻐요 엄청 얇아서 이너 입고 입어야 하긴 합니다
증말 예뻐용~ 하지만 비슷한 디자인이 많으니 클론에 주의하세요~,5.0,증말 예뻐용 하지만 비슷한 디자인이 많으니 클론에 주의 하세요
여름에 입기 너무 시원한 재질이에요 살짝 크롭한 기장 이쁘네요,5.0,여름에 입 기 너무 시원한 재질이에 요 살짝 크롭 한 기장 이쁘네요
얇고 시원해서 지금날씨에 딱입니다 생각보다 사이즈가 오버하진 않아요,5.0,얇고 시원해서 지금 날씨에 딱입니다 생각보다 사이즈가 오버하진 않아요
엄청얇거 후들후들해서 좋아요 여름에 잘 입었습니다,5.0,엄청 얇거 후들 후들해서 좋아요 여름에 잘 입었습니다
너무 얇아서 더운 여름 입기 딱좋아요  자칫 잘못입으면 아저씨 옷 될거같아서  잘 찾아보고 코디해야겟어요 잘 코디하면 너무 이쁠거 같아요,4.0,너무 얇아서 더운 여름 입기 딱 좋아요 자칫 잘못 입으면 아저씨 옷 될 거 같아서 잘 찾아보고 코디해야 겟어요 잘 코디하면 너무 이쁠 거 같아요
한창 여름에 바쁠 때 주문해서 그런지 마감이 정말 최악입니다..예약배송으로 받았던 것 같은데 한 번 입고 벗으니까 단추 끼우는 부분에 마감이 제대로 안 되어 있어서 실이 다 걸리고 구멍 두 개 생기고..그냥 걸레짝이에요..ㅜ 단추 여러번 끼우면 옷 찢어질 것 같아서 단추 끼워둔 채로 입고 벗고 합니다..단추 구멍 부분 마감 좀 튼튼하게 잘 만들어주세요..,3.0,한창 여름에 바쁠 때 주문해서 그런지 마감이 정말 최악입니다 예약 배송으로 받았던 것 같은데 한 번 입고 벗으니까 단추 끼우는 부분에 마감이 제대로 안 되어 있어서 실이 다 걸리고 구멍 두 개 생기고 그냥 걸레짝이에 요 단추 여러 번 끼우면 옷 찢어질 것 같아서 단추 끼워둔 채로 입고 벗고 합니다 단추 구멍 부분 마감 좀 하게 잘 만들어 주세요
생각보다 엄청 크진 않네요 얇고 시원해서 요즘날씨에 딱입니다,5.0,생각보다 엄청 크진 않네요 얇고 시원해서 요즘 날씨에 딱입니다
일단 너무 시원하고 옷도 너무 이쁜 거 같아여 잘입을게여,5.0,일단 너무 시원하고 옷도 너무 이쁜 거 같아 여 잘 입을 게여
처음 입어봤을때 딱 내꺼다라는 생각이 들 정도로 너무 이뻤고 다른사람들도 많이 샀으면 하네요!,5.0,처음 입어봤을 때 딱 내꺼다라는 생각이 들 정도로 너무 이 뻤고 다른 사람들도 많이 샀으면 하네요
가성비 맛집으로 부담수럽지 않은 가격으로 다양한 스타일 즐겨볼 슈 있어 좋습니다. 체크 셔츠 사고 싶었는데 소매 단츄 디테일이 마음에 들어 구매하게 되었습미다 너무 맛있어용,5.0,가성비 맛집으로 부담수럽 지 않은 가격으로 다양한 스타일 즐겨볼 슈 있어 좋습니다 체크 셔츠 사고 싶었는데 소매 단츄 디테일이 마음에 들어 구매하게 되었습 미다 너무 맛있어 용
여름에 입기 좋아요~ 얇아서 시원하고 요즘 스탈일이에요,4.0,여름에 입 기 좋아요 얇아서 시원하고 요즘 스탈 일이에요
이뻐요 기본후룰루템으로 최고네요 색감은 약간 다크다크하네요,5.0,이 뻐요 기본 후 룰루템으로 최고네요 색감은 약간 다크 다크 하네요
무난하게 휘뚜루마뚜루 잘 입고 다닐꺼 같아서 좋아요,5.0,무난하게 휘뚜루마 뚜루 잘 입고 다닐 꺼 같아서 좋아요
배송이 진짜 빠르고 디자인이 너무 예뻐요 자주 입을것 같습니다,5.0,배송이 진짜 빠르고 디자인이 너무 예뻐요 자주 입을 것 같습니다
얇아서 아무대나 입기 좋아요~ 색도 무난해서 기본템으로 막 입고 있습니다,5.0,얇아서 아무 대나 입 기 좋아요 색도 무난해서 기본템으로 막 입고 있습니다
얇고 하늘하늘하니 시원해서 입기 좋아요. 그리고 기장이 그렇게 안 길어서 예뻐요,5.0,얇고 하늘하늘하니 시원해서 입 기 좋아요 그리고 기장이 그렇게 안 길어서 예뻐요
너무 이쁘고 편한하게 걸칠 수 있아서 좋아요 단점은 너무 많은 클론들,5.0,너무 이 쁘고 편한하게 걸칠 수 있아서 좋아요 단점은 너무 많은 클론들
조금 흔해서 아쉽지만 원단이 시원하고 이쁘긴 하네요!,5.0,조금 흔해서 아쉽지만 원단이 시원하고 이 쁘긴 하네요
편하게 입기 너무 좋고 가격도 너뮤 괜찮은데 클론이 되게 많은 단점,5.0,편하게 입 기 너무 좋고 가격도 너뮤 괜찮은데 클론이 되게 많은 단점
올 여름에 정말 마니 입었습니다.. 최고 편하고 시원함,5.0,올 여름에 정말 마니 입었습니다 최고 편하고 시원함
옷 이쁘고 잘 입고 있습니다 추천드려요 감사합니다,5.0,옷 이 쁘고 잘 입고 있습니다 추천 드려요 감사합니다
생각보단 약간크고어두운데 옷예브고가성비굳,5.0,생각보단 약간 크고 어두운데 옷 예브고가성비굳
체크셔츠 찾아보다가 샀는데 느낌좋아욤ㅎㅎ 버뮤다 데님에 입어도 예쁘고 워싱 들어간 데님에 입어두 예뻐요! 그리고 단추 잠그는 것보다 이너 입고 단추 푸는 게 훨씬 예뻐요 ,5.0,체크 셔츠 찾아보다가 샀는데 느낌 좋아 욤 버뮤다 데님에 입어도 예쁘고 워싱 들어간 데님에 입어 두 예뻐요 그리고 단추 잠그는 것보다 이너 입고 단추 푸는 게 훨씬 예뻐요
생갇보단 좀더어두운느낌 옷은좋급니다 그럼이만,4.0,생갇보단 좀 더 어두운 느낌 옷은 좋급니 다 그럼 이만
생각보다는 좀더 어둡네요 그래도잘입겟슺니다,4.0,생각보다는 좀 더 어둡네요 그래도 잘 입겟슺니다
여름에 입을 시원한 셔츠 찾다가 구매했습니다. 아주 만족해용,5.0,여름에 입을 시원한 셔츠 찾다가 구매했습니다 아주 만족해용
시원하게 입을 여름셔츠 찾다가 구매했는데 아주 만족합니다.,5.0,시원하게 입을 여름 셔츠 찾다가 구매했는데 아주 만족합니다
완전 오버핏이 아니라 딱 맞는 정도에서 살짝 큰 정도? 근데 이뻐요,5.0,완전 오버핏이 아니라 딱 맞는 정도에서 살짝 큰 정도 근데 이 뻐요
차르르한 얇은소재라 여름에 툭 걸쳐입기 좋아요,5.0,차 한 얇은 소재라 여름에 툭 걸쳐 입기 좋아요
옷은이쁜데 저에겐 좀더 밝은옷이 어울릴거같다는 그분의 지적 ㅎㅎ,5.0,옷은 이쁜데 저에겐 좀 더 밝은 옷이 어 울릴 거 같다는 그분의 지적
차르르한 소재에 과하지않은 빈티지느낌도 나서 예뻐요,5.0,차 한 소재에 과하지 않은 빈티지 느낌도 나서 예뻐요
"특이하고 이쁩니다, 만족하면서 입고 있습니다 다른색상도 구매하고싶네요",5.0,특이하고 이쁩니다 만족하면서 입고 있습니다 다른 색상도 구매하고 싶네요
"아빠 팬티 같다는 말을 좀 듣지만 ,, 편하구 이쁩니다 제 맘에 들면 됐죠 어디 갈때마다 입는거 같애요 굿 ㅎ",5.0,아빠 팬티 같다는 말을 좀 듣지만 편하구 이쁩니다 제 맘에 들면 됐죠 어디 갈 때마다 입는 거 같애요 굿
가끔 입고 나가면 마주치는 사람이 있다는건 빼면 만족..,5.0,가끔 입고 나가면 마주치는 사람이 있다는 건 빼면 만족
흔하지만 이뻐요. 얇아서 반팔위에 겹쳐입어도 안덥습니당,5.0,흔하지만 이 뻐요 얇아서 반팔 위에 겹쳐 입어도 안 덥습니당
생각보다 크긴 한데 시원하고 예쁜 거 같아 만족합니당,4.0,생각보다 크긴 한데 시원하고 예쁜 거 같아 만족합니당
너무 이뻐요 어디에 입어도 어떤 스타일에 입어도 입기 좋습니다,5.0,너무 이 뻐요 어디에 입어도 어떤 스타일에 입어도 입기 좋습니다
체크남방이 너무너무 갖고싶었는데 그 중 파르티멘토 체크남방이 눈에 들어와 구매했어요! 오버핏으로 입고싶던 거라 널널하게 잘맞고 입었을 땐 생각보다 통풍이 안되어 더워용,5.0,체크 남방이 너무너무 갖고 싶었는데 그 중 파르티멘토 체크 남방이 눈에 들어와 구매했어요 오버핏으로 입고 싶던 거라 하게 잘 맞고 입었을 땐 생각보다 통풍이 안 되어 더워용
여름에 시원한 시어서커라 굉장히 맘에들어서 가격도 싸서 한철입어도 이득일듯요,5.0,여름에 시원한 시어서커라 굉장히 맘에 들어서 가격도 싸서 한 철 입어도 이 득일 듯요
첨엔 롤업 어캐하나 싶었는데 대충 쓱쓱 접고 단추 묶으니 이쁘게 되네요 얇아서 여름에 좋습니다,5.0,첨엔 롤업 어 캐 하나 싶었는데 대충 접고 단추 묶으니 이 쁘게 되네요 얇아서 여름에 좋습니다
오버핏 원하시면 L 정사이즈 M 추천해요 검정코디에 잘 어울려요,5.0,오버핏 원하시면 정 사이즈 추천해요 검정 코디에 잘 어울려요
살랑살랑 거리니 여름에 입기 너무 좋을 거 같아요,5.0,살랑살랑 거리니 여름에 입 기 너무 좋을 거 같아요
받고 완전 만족해서 일주일동안 세번 입었어요 예쁘고 핏도 좋고 시원해요!,5.0,받고 완전 만족해서 일주일 동안 세 번 입었어요 예쁘고 핏도 좋고 시원해요
"이거 지나다니면서 진짜 많이봐요 다행히 내가 입은 날은 못봤지만,,, 세네번은 본듯  편하고 후리후리해서 대충입는날 슥 입기 좋음",5.0,이 거 지나다니면서 진짜 많이 봐요 다행히 내가 입은 날은 못 봤지만 세네 번은 본 듯 편하고 후리후리해서 대충입는 날 슥 입기 좋음
아이가 더운 여름 내내 이옷을 교복처럼 입고 다녔어요.  시원하고 편하다고 합니다. 가격도 적당하고 질도 좋고 넘 잘 산것 같아요.,5.0,아이가 더운 여름 이 옷을 교복처럼 입고 다녔어요 시원하고 편하다고 합니다 가격도 적당하고 질도 좋고 넘 잘 산 것 같아요
배송도 빠르고 무엇보다 옷이 너무 이뻐요 잘 입을게요,4.0,배송도 빠르고 무엇보다 옷이 너무 이 뻐요 잘 입을 게요
배송도 빠르고 옷도 너무 이뻤습니다 또 구매 의사 있어요,4.0,배송도 빠르고 옷도 너무 이 뻤습니다 또 구매 의사 있어요
나시만 입기 그럴때 하나 걸쳐주면 덥지도 않고 좋아요,4.0,나시만 입기 그럴 때 하나 걸쳐주면 덥지도 않고 좋아요
생각했덤거보다 더 만족스럽네요 얇고 박시하게 여름에 횔용도 굳,5.0,생각했덤거보다 더 만족스럽네요 얇고 박시하게 여름에 횔 용도 굳
옷 예쁘고 핏도 좋습니다 최고에용 특히 원단이 시원해서 좋습니다,5.0,옷 예쁘고 핏도 좋습니다 최고에 용 특히 원단이 시원해서 좋습니다
요즘 체크셔츠 유행인데 너무 좋네요~! 포인트 주기에도 너무 좋고 버뮤다 청바지에도 잘어울려요~! 얼른 구매하세요!,4.0,요즘 체크 셔츠 유행인데 너무 좋네요 포인트 주기에도 너무 좋고 버뮤다 청바지에도 잘 어울려 요 얼른 구매하세요
너무 편하게 잘 입는중 얇아서 시원하고 기장감도 좋음 가격대비 마감도 좋다고 생각함 편하게 입기 좋음,5.0,너무 편하게 잘 입는 중 얇아서 시원하고 기장감도 좋음 가격 대비 마감도 좋다고 생각함 편하게 입기 좋음
배송도 빠르고 타임세일때 저렴하게 샀습니다 좋어요,5.0,배송도 빠르고 타임 세일 때 저렴하게 샀습니다 좋어요
생각보다 통 넓고 얇고 중성적인 느낌이라 좋은 것 같아요,5.0,생각보다 통 넓고 얇고 중성적인 느낌이라 좋은 것 같아요
"정말정말 무난하게 어디에나 걸칠 수 있는 반팔 셔츠입니다 일단 얇아서 좋고, 에어컨 바람이 너무 추울 때 가방에서 꺼내기 딱 좋은 느낌이라 매일 가방에 넣어 다니고 있어요 구김이 가도 자연스러운 재질이라 편합니다!",5.0,정말 정말 무난하게 어디에나 걸 칠 수 있는 반팔 셔츠입니다 일단 얇아서 좋고 에어컨 바람이 너무 추울 때 가방에서 꺼내기 딱 좋은 느낌이라 매일 가방에 넣어 다니고 있어요 구김이 가도 자연스러운 재질이라 편합니다
옷 핏은 예쁜데 생각보다 엄청 큽니다! 참고하고 사세요,5.0,옷 핏은 예쁜데 생각보다 엄청 큽니다 참고하고 사세요
저한테는 좀 커서 아우터처럼 오픈해서 입어요. 잠궈 입으면 약간 포대자루핏… 이랄까 너드해보여서요 그래도 소재도 얇고 시원하고 색감도 예뻐서 요번 여름 잘 입고 있어요,5.0,저한테는 좀 커서 아우터처럼 오픈해서 입어요 잠궈 입으면 약간 포대 자루핏 이랄까 너드 해보여서 요 그래도 소재도 얇고 시원하고 색감도 예뻐서 요번 여름 잘 입고 있어요
