Processed_Review,keyword
진짜 기 본티 찾고 있었는데 좋아요 심플 이즈 베스트 넘흐예브 내형,"내형, 티, 베스트, 심플, 이즈, 넘흐예브, 찾다"
예일 티셔츠 너무 조아 요 천도 너무 좋고 맘에 들어 요 편하게 잘 입을 것 같아 요,"티셔츠, 편하다, 천도, 예일"
그냥 기 본티로 입 기 무난합니다 재질도 좋고 사이즈도 괜찮고 만족합니다,"만족하다, 사이즈, 재질, 티, 그냥"
개인적으로 티셔츠는 세탁 후 변형 정도가 중요하다고 생각해서 후기 작성까지 좀 기다렸어요 사진은 달 착용한 후 모습 구매일 작성일 약 달 착용하면서 세탁도 거의 번 넘게 한 것 같은데 목 부분 주름지는 거 거의 없고 처음 상태랑 비슷해 요 전 키에 비해서 상체가 긴 편인데 특히 팔 제 기준 팔꿈치 위 정도에서 소매가 끝나요 사이즈 특정할 때 참고하세요,"착용, 중요하다, 작성 일, 개인, 특정하다, 착용, 상체, 변형"
제 몸에 제 몸무게가 흔하지 않지만 혹시 계시면 보고 도움이 되면 좋겠습니다 얇기도 적당히 얇아서 더워지면 딱 입기 좋고 비침도 없어요 이렇게 편한 옷을 심지어 두장을 이 가격에 사게 돼서 놀랍네요 진짜 만족 중에 대 만족입니다,"만족, 적당하다, 더워지다, 만족, 흔하다, 몸무게, 도움, 비치다"
처음에 으로 구입했는데 몸통 둘레가 어벙하게 커서 로 재구입 했어요 약간 오버핏으로 사이즈 딱이에요 다음 페이지로 넘기시면 사이즈 착용 올린 사진 있으니 비교해 보세요 저와 키 몸무게 비슷하신 분 추천합니다,"추천, 넘기다, 비교, 벙하다, 재, 사이즈, 처음, 착용, 몸무게, 커서"
사이즈 구매했는데 생각보다 큼 흰색 컬러 생각보다 두꺼워 안에 나 시 입어도 잘 안비침 팔소매 부분 지름이 다른 옷보다 커 팔이 얇아 보임 안에 넣어 입어도 되고 밖으로 빼서 입어도 이쁨,"비치다, 컬러, 사이즈, 보임, 지름, 소매, 흰색, 팔이"
옷감이 좋고 편하고 동네 산책할 때나 스타일 내기 무난합니다 살이 비치지도 않고 정말 편하네요,"산책, 편하다, 편하다, 비치다, 스타일, 살이, 내기, 동네"
제 동생 사줬는데 키로는 는 정핏 같고 은 살짝 오버핏 느낌입니다 참고하세요,"참고, 동생, 키, 정핏, 오버핏, 사주다"
너무 조 하용 많이 클 까봐 걱정했는데 괜찮았어요,"하용, 걱정"
큼직하고 별로 안 두꺼운 옷이어서 자켓 안에 가볍게 입을 만 해요,"큼직하다, 가볍다, 별로, 자켓, 두껍다"
생각보다 사이즈가 작은 것 같아요 감 안하시고 평소 사이즈보다 한 치수 큰 거 선택하시는 게 좋을 듯 저는 좀 작네요,"선택, 사이즈, 사이즈, 평소, 작다, 작다, 치수"
너무 맘에 들어 용 무난하고 깔끔하고 재질도 만족합니당,"만족하다, 재질, 깔끔하다"
목이 찡겨요 이 정도면 암살 시도 각 긐데 목 나중에 늘어날 거 샹각하면 뭐,"목, 나중, 늘어나다, 시도, 암살, 샹각하, 긐데, 겨"
꾸안꾸로 가볍게 입 기 좋아요 로고할 디자인도 너무너무 깔끔하고 여름에 운동할 때도 편합니다 다들 여름 기본템 요거 강추,"운동, 편하다, 가볍다, 로고, 강추, 디자인, 기본, 여름, 여름"
완전 재질이 시원하고 원플원이라 가성비 좋아요,"가성비, 원 원, 시원하다, 재질"
으로 판매하길래 구매하였습니다 가성비도 좋고 기본에 포인트 주기에 좋아 구매하였습니다 추천합니다,"추천, 판매, 가성비, 기본, 포인트, 주기"
예일반팔티가 젖툭 튀가 없어서 진짜 좋은 거 같아요,"젖툭, 티, 없다, 튀다"
음 한 번 빨자마자 옷이 한 사이즈 줄었어요 다들 사지 마세요,"사이즈, 말다, 사지, 빨다, 줄다"
괜히 했나 고민했는데 로 하길 너무 잘한 거 같아 요 길이감이 약간 애매해 보이긴 한데 그래도 무난무난하게 잘 입을 거 같아 요 네이비 색깔로 사고 싶었는데 사이즈가 없어서 검정으로 걍 했는데 기 본템 느낌이어서 좋아요 로고도 포인트만 준 느낌이라 자주 입을 거 같습니당,"포인트, 보이다, 검정, 사이즈, 자다, 애매하다, 사고, 길이"
딱 제가 원하는 재질이 고 스타일인데 쵸큼 짧네 여 그래 두 좋아요 내 스탈,"스타일, 재질, 스탈, 원하다, 그렇다, 크다, 짧다"
사이즈는 정 사이즈 구매하시면 될 거 같습니다 정 사이즈 구매해도 예쁘게 떨어지는 오버핏 입니다 이다 보니까 가격 대비 너무 좋습니다,"사이즈, 사이즈, 가격, 대비"
일반 예일 티셔츠와 두께와 질감 모두 동일합니다 잘 입을 거 같아요,"동일하다, 티셔츠, 일반, 질감, 예일, 두께"
팔이랑 전체 기장이 생각보다 길어요 한 번 접고 입었어요 이 뻐요 굿,"기장, 전체, 팔이, 접다"
후리한 게 아주 이쁘네요 흰티가 구멍 나서 왔는데 바로 교환해 주셔서 기분이 좋아요 오늘부터 예일만 살게요,"희다 티, 교환, 주다, 오늘, 구멍, 살다, 기분, 후리, 나서다"
사이즈 하게 맞아요 로고가 깔끔하게 적당한 사이즈로 박혀 있어 좋아요 소재는 기존 다른 면티보다 하고 목 늘어짐도 없어서 만족해요 이미 여 회 세태한 후의 리뷰인데 색 감소 재 한결 같아서 큰 사이즈로 오빠도 구입한 다 하네요 사진상으로는 잘 안 느껴지는데 소재 감 단정한 라인이 소재가 흐물 대지 않는 두툼한 면티인데도 하거나 더운 느낌 없어 좋아요 사진은 강아지  안고 찍었더니 개털이 많이 묻어 있네요 가을에도 이너로 입을 생각입니다 대 개의 여름 소재 흐물거리는 싼티 느낌 안 나서 좋을 듯해요 흰색이 더 예쁜데 얼룩 묻으면 뜨거운 물에 과 탄산소 다 넣어 담가둬요 깜짝 깨끗해집니다,"만족하다, 흰색, 적당하다, 단정하다, 사진, 티보, 소재, 사진, 사이즈"
색상이 선명하고 사이즈가 오버핏이라 마음에 듭니다,"선명하다, 색상, 사이즈, 듭니, 오버핏"
이너로 입기에 정말 좋습니다 자주 입을 것 같네요,
일단 세미오버핏 느낌으로 떨어지고 원단이 도 톰한 게 흰색 옷이 여도 비치는 감이 적습니다 핏도 오버핏인데도 몸이 살짝 커 보이게 해주는 듯한 느낌도 주네요 로 입으면 더 오버하게 박시하게 입을 수 있고 로 입으시면 어느 정도 핏하면서도 세미오버핏으로 입을 수 있네요 무난해서 좋습니다,"적다, 비치다, 원단, 박다"
운동하러 갈 때 레깅스 위에 입으려고 구매했는데 궁둥이 가려주고 좋네요 면도 좋아요,"운동, 레깅스, 궁둥이, 가다, 면도, 위"
몸무게가 에서 왔다 갔다 합니다 대한민국 표준체형입니다 사이즈가 약간 크게 나온 듯합니다 구매하실 때 참고하세요 으로 넣입 빼 입 사진 첨부합니다,"표준 체형, 첨부, 대한민국, 참고, 몸무게, 사이즈, 나오다, 사진"
평범한 티셔츠입니다 사이즈는 조금 크게 나온 거 같네요,"티셔츠, 평범하다, 사이즈, 크게, 나오다"
진짜 싸게 티셔츠 개 구입했네요 이번 여름에 많이 입어야겠네요,"여름, 싸다, 티셔츠"
배송은 느려 요 상품 받고 원했던 한 재질이라 마음에 들었고 제 실수로 건조기 돌렸다가 사이즈가 조금 줄었어요 사실 오버핏 느낌보단 슬림핏을 좋아하는 저로 선 괜찮아요 한 재질이라 늘어날 염려없고 절대 건조기는 돌리지 마세요,"재질, 건조기, 사이즈, 건조기, 실수, 돌리지, 배송, 사실, 말다"
세탁하고 나니까 무슨 아기 옷이 되 버려서 한 번 입고버리네요,"버리다, 버리다, 세탁, 아기"
두툼하고 베이직하게 잘 활용해서 입을 수 있습니당,"베이직, 활용, 두툼, 니당다"
개인적인 리뷰입니다 정말 제가 샀던 반팔 중 베스트 템으로 뽑히고 있어요 먼저 면 재질이 너무 만족스럽습니다 약간 두꺼운 느낌이 있어 월까지 코디해서 입으려고 요 요즘은 이 거 하나 입고 반 바지 입고 맨날 다녀 요 다만 건조기 돌리실 분은 저도 돌리니까 작아져서 한 사이즈 크게 구매하시는 거 추천 드려 요 아무튼 무신사에서 너무 잘 산 거 같고 나중에 한 사이즈 크게 재구매 계 획입니다 너무 만족합니다,"만족스럽다, 만족하다, 사, 개인, 먼저, 코디, 리뷰, 작아지다, 건조기"
건조기 돌리면 여동생 옷 되네요 제스펙이신분은 무조건,"스펙 신분, 여동생, 무조건, 건조기, 돌리다, 되다"
옷은 되게 맘에 들어 요 배송도 빨랐어요 처음 입을 때 새 옷이지만 새 옷 냄새가 심하지 않아서 바로 입었는데 아주 만족했어요 후기에서 본 거처럼 빨았더니 줄어서 일부러 사이즈샀는데 줄어드니까 사이즈 같네요 확실히 줄어드는 게 맞네요 그래도 옷 재질이 맘에 들고 가격도 괜찮아서 전반적으로 만족해요 검정은 기본 빨래하고 건조기 돌리지 않았어요 흰거는 새 옷이고요,"만족하다, 전반, 건조기, 사이즈, 검정, 줄다, 재질, 확실하다, 가격, 희다"
블랙 화이트 구성도 좋고 큼직해서 편하게 입을 수 있어요,"큼직하다, 구성, 편하다, 화이트, 블랙"
넘 깔끔하고 마음에 듭니다 목도 하네요 자주 입을 듯,"듭니, 목도, 깔끔하다"
땀 흡수 잘 되고 운동할 때 입 기 편합니다 건조기 해도 줄지 않아요,"건조기, 운동, 편하다, 줄, 해도, 흡수, 되다"
무난한 기 본템이에요 어디에 받쳐 입든 기본 이상은 하는 가성비 아이템입니다,"아이템, 이상은, 가성비, 기본, 받치다"
원단도 얇고 가볍고 핏도 편안해서 한 여름에도 자주 이용할 듯 합니다,"편안하다, 가볍다, 이용, 원단, 여름, 핏, 얇다"
오버한 거 싫어하시는 분은 제스펙 기준 엘사이즈가 면 딱 맞네요 엑스라지도 오버핏으로 이쁘게 입고는 있습니다 예일은 전 상품 믿고 사는 편이네요,"엘사 이즈, 엑스, 편이, 오버, 살다, 기준, 상품, 스펙, 분"
칼 하트 포켓 티셔츠 너무 좋아해서 옛날에 있던 것 버리고 새로 샀어요 넘 좋아용,"티셔츠, 버리다, 새롭다, 하트, 포켓, 좋아하다, 옛날"
무난하게 입 기 좋아요 목은 다른 옷들이랑 비슷하게 늘어나요,"늘어나다, 목"
후기가 없어서 고민했는데 로 사길 잘한 거 같아 요 는 단독으로 입기에 적당한 사이즈인데 으로 했으면 레이어드 이너로만 입었을 거 같네요 그만큼 가 적당하다는 뜻이랍니다,"적당하다, 로만, 적당하다, 사이즈, 단독, 레이어 드, 자다"
사이즈는 잘 맞고 무엇보다 디자인이 너무 맘에 들어요,"사이즈, 디자인, 맞다"
쿨 코튼 제품이랑 고민하다가 너무 얇을 거 같아서 이 제품으로 시켰는데 두께 적당하고 더워서 못 입거나 그러진 않네요 예쁜 오버핏으로 잘 떨어지고 소매 두단 접어 입으면 포인트 되고 좋습니다 가을에 이너로 입어도 예쁠 거 같아요,"적당하다, 접다, 제품, 그렇다, 고민, 포인트"
핏과 길이 모두 애매한 옷입니다 사놓고 안 입게 되네요,"애매하다, 길이, 핏, 되다"
사이즈로 사기를 잘 한 것 같아요 사이즈도 마음에 들고 면도 하게 두꺼운 부분이 정말 좋습니다 세일할 때 잘 샀네 여 또 사고 싶어서 조만간 애 또 사러 올게요,"사이즈, 사이즈, 면도, 사기, 조만간, 일, 사고, 오다"
스펙 여잔 데 시켰더니 너무 박시해서 오히려 해 보이는 핏이라 동생 줬어요 아 살 걸 암튼 사진 찍으려고 하루 종일 사 정해서 찍었네요 쥐 콩만한 게 뒤지려 구 동생 스펙은 에 요 많이 날씬하구 이쁜 아이랍니다 암튼 키가 있어서 그런지 저보다 얇은 데 잘 맞더라구 요 그래서 동생 주고 저는 로 다시 시 킬래용,"정해, 박 시해, 동생, 킬래용, 콩, 그렇다, 종일, 사진"
상품이 딱 적당한 사이즈에 제품 질도 좋은 것 같아요 추천 드립니다,"상품, 적당하다, 사이즈, 추천, 드리다, 질도, 제품"
여름에 편하게 입 기 좋은 티 약간 얇은 편이지만 사이즈 였어도 될뻔,"편이, 편하다, 사이즈, 여름, 얇다, 되다 뻔"
딱 원했던 사이즈에 스타일이에 요 생각보다 많이 안 비쳐요,"스타일, 사이즈, 비치다, 원하다"
흰색 한번 빨았는데 줄었어요 검정색 걱정이네요,"걱정, 검정색, 흰색, 한번, 줄다, 빨다"
평소 무난한 스타일을 선호하는 편이라 너무 얇지 않고 예일 로고도 크지 않아 마음에 들어 요 사이즈이지만 남녀 공용 핏에 이라 박시하게 멋스럽네요 세일할 때 잘 구매한 거 같아 요 배송도 빨리 와서 입고 나갈 타이밍에 딱 맞췄네요 만족스런 구매였어요,"사이즈, 선호, 만족스럽다, 오다, 박다, 타이밍, 스타일, 공용"
사이즈 작을까봐 걱정했는데 남녀 공용이라 그런지 사이즈도 잘 맞았고 재질도 적당히 두껍고 좋아서 오래 입을 수 있을 것 같아 요 키 대면 웬만하면 무조건 사는 게 좋을 듯 여름 잘 보낼 수 있겠어요,"사이즈, 무조건, 사이즈, 그렇다, 살다, 적당하다, 공용, 남녀, 재질, 보내다"
기준 엉덩이 절반 덮이는 길이입니다 무난무 난 이 뻐요,"길이, 엉덩이, 무, 기준, 절반, 덮이다"
두께감도 있고 깔끔하고 좋아요 예일 상품 자주 구매하고 있어요 건조기 돌리니까 사이즈 줄어들어요 참고하셔서 사이즈 선택하세요,"선택, 줄어들다, 건조기, 참고, 사이즈, 상품"
여름용 옷 장만 하려고 알아보다가 구매한 건데 가성비도 너무 좋고 옷 재질도 좋아요 핏도 하게 딱 떨어져서 마음에 듭니다,"알아보다, 듭니, 여름, 가성비, 장만, 재질"
기본 티로 아무데나 입 기 좋습니다 재질도 해서 목 늘어날 일도 없을 것 같습니다,"늘어나다, 재질, 일도, 기본, 티, 없다"
커플로 입기 너무 좋아요 두께감도 좋도 재질도 너무 좋습니다,"커플, 재질, 두께 감다"
목이 짱찡한 게 너무 맘에 들어 요 예일 처음 사보는데 다른 것도 구매할 의 향 있어요,"사보다, 목, 처음, 찡하다"
길이도 적당하고 두께도 적당해서 많이 입고 다닐 것 같아요,"적당하다, 적당하다, 길이, 두께"
사이즈는 좀 큰데 옷 소재도 좋고 심플하고 예뻐용,"심플, 소재, 사이즈, 크다"
여름엔 입기엔 조금 두껍긴 한데 깔끔하고 좋네요 배송도 빨라요,"여름, 배송, 빨르다, 두껍다, 깔끔하다"
전에 있던 티들이 전부 브랜드 로고가 킹 왕짱 크게 붙어 있던 것들 밖에 없어서 이번에 깔끔하고 괜찮은 티를 찾고 있었는데 로 고 작고 깔끔하게 붙어 있어 눈에 띄어 보게 되더라구 요 마침 세일 오프를 하고 있기도 하고 제일 깔끔한 거 같아 주문했습니다 스몰로 샀는데도 엄청 큰 거 같아 요 제 질도 되게 부드럽습니다 흰티는 청바지랑 조합이 제일 무난하고 검정티는 반바지랑  되게 잘 어울리는 거 같아요,"부드럽다, 검정 티, 청바지, 마침, 어울리다, 조합, 반바지, 티"
편하게 입 기 좋습니다 싼데 질도 괜찮아서 이번에도 믿고 잘 구매했습니다,"편하다, 싸다, 질도, 믿다"
여름 옷 싸게 사려고 세일 중에 구매했는데 재질도 좋고 정말 여름에도 시원할 것 같고 로고가 생각보다 더 이쁘게 박혀 있어서 마음에 드네요,"사려, 여름, 시원하다, 재질, 일, 로고, 박히다"
배송은 빨라서 좋았고 스몰로 고 이쁩니다 다 맘 세탁하고 나서 수축율이 심해져서 잠옷 행으로 갔습니다,"배송, 수축 율, 심해지다, 행, 세탁, 스몰, 나서다, 잠옷"
세미오버핏에 옷에 각이 잡혀서 이 쁘네요 싼 가격에 기 본템 잘 입겠습니다,"잡히다, 가격, 세미 오버핏, 쁘네"
두 가지 반 팔을 저렴하게 구입할 수 있어서 좋아요 로고 포인트로 기본 티로 자주 입을 수 있을 거 같아요,"포인트, 저렴하다, 가지, 기본, 로고, 티, 팔"
초등 딸아이가 입으니 적당히 여유 있고 좋아요 적당히 도 톰해서 모양 변형도 없고 잘 입어질 거 같아요,"변형도, 적당하다, 톰해, 여유, 초등, 없다"
이너로 입을 생각으로 샀는데 생각보다 질이 너무 좋아요 후들 거리는 면 티가 아니고 한 면이라 몸매 부각도 없고 괜찮은 거 같아 요 사이즈도 하고 질도 괜찮고 다른 색도 더 사야겠어요,"아니다, 사이즈, 거리, 부각, 몸매"
남자친구 사줫는데 제가 입고 있네요 면도 가격 대비 하고 사이즈가 저한테도 뭔가 자연스럽게 박시한 느낌이라 자주 뺏어 입을 듯료,"자연, 테, 사이즈, 남자친구, 면도, 박 시한, 가격, 대비"
저렴한 가격에 잘 구매했습니다 너 무너무 만족합니다 디자인도 기본템으로 입 기 좋아요,"만족하다, 저렴하다, 디자인, 가격, 무"
덩치 좋은 편인데 잘 맞아요 사이즈도 잘 맞고 두께감도 좋고 택배도 빨리 와서 최고였습니댜,"덩치, 사이즈, 오다, 편, 택배, 최고 댜, 맞다"
하나씩은 가지고 있으면 무조건 너무 잘 입는 기 본 무지 티 흰색이랑 검은색 시켰어요 질도 괜찮고 레이어드해서 입거나 그냥 이 거 하나만 입어도 충분히 예뻐용,"하나, 레이어 드, 흰색, 무조건, 하나, 충분하다, 무지"
옷 재질도 하고 이너로 기장도 딱이 고 넥 라인도 해서 좋아요 두께도 만족,"기장, 재질, 만족, 라인, 딱이다, 두께"
엑스라지가 딱 정 사이즈 느낌 주름이 많이 가는 소재인 듯,"엑스 라지, 소재, 사이즈, 주름, 가다"
사이즈 잘 맞고 길이 감도 적당해서 아무 바지나 잘 어울려요,"적당하다, 어울리다, 사이즈, 길이, 바지, 감다, 맞다"
하니 아주 입 기 좋습니다 심플하기도 하고요,심플
디자인이 이 쁘고 사이즈도 적당합니다 다른 상품들도 살 예정입니다,"사이즈, 적당하다, 상품, 디자인, 예정"
기장이 쬐 금 짧아 한 치수 큰 거 해도 되겠어요 흰색 검정 기본이라 배송 빠르구요,"기장, 검정, 기본, 흰색, 배송, 해도, 치수, 짧다, 빠르다, 되다"
라이브 방송 때 싸게 샀는데 맘에 듭니다 편하게 입 기 좋아요,"방송, 편하다, 라이브, 싸다, 듭니"
두꺼운 줄 몰랐는데 꽤 두껍더라구 요 여름에 입기에는 땀 배출도 안 되고 넘 더울 거 같아 요 산 거 후회 중 그치만 귀여운 스티커가 있기에 이걸로 만족합니다,"만족하다, 스티커, 그치다, 걸, 배출, 덥다, 여름, 후회"
샀으면 클 뻔 했는데 사서 딱 맞고 너무 좋네요 목 부분도 해서 늘어날 일은 없을 것 같아요,"일, 늘어나다, 사서, 없다, 맞다"
목 부분 약간 크고 그거 땜에 목잘 안 늘어나 요 글고 비침 조금 있어요,"목 자다, 크다, 그거, 비치다, 늘어나다, 땜"
여름에 입기엔 살짝 더 운감이 있는데 오버사이즈로 입을 때 팔 소매 두 번 접고 입으면 정말 귀욤귀욤해요,"오버 사이즈, 접다, 여름, 운감, 소매"
천은 하고 색상도 선명합니다 다 만 목 둘레와 통이 가 전체 길이에 비해 커요 중딩 아들 냄이 입었는데 조금 추레해 보여 속상하네요,"선명하다, 속상하다, 색상, 천은, 내다, 중딩, 아들, 통, 크다, 전체"
이번 시즌 오프 기간에 제가 좋아하는 브랜드인 에서 대규모 할인을 진행한다는 소식을 듣고 바로 주문했습니다 역시 믿고 사는 이라 그런지 배송도 빠르고 하고 재품은 앞면에 있는 자수 로고가 작게 박혀 있어서 약간의 포인트가 되고 재질도 좋고 세미 오버핏이라 체형 보완이 되어서 좋았습니다 남은 여름 기간 동안 입을 수도 있고 가을에는 아우터 이너로도 활용이 가능해 서 오래 입을 거 같네요 감사합니다,"보완, 진행, 재질, 활용, 소식, 수도, 로고"
교환 받은 상품은 세탁 후 변형 없습니다 동네 마실용으로 잘 입겠습니다,"마 실용, 변형, 상품, 교환, 세탁, 동네, 없다, 받다"
땔램이 요즘은 예일이 대세라네요 면이 하고 참 좋아요 세탁 후 변형 없구요 다만 박스핏이라 길이도 길고 해서 키 기준 바지에 살짝 넣어 입어야 예쁘네요,"바지, 세라, 길이, 변형, 기준, 길다, 세탁"
도톰해요 사이즈 스몰이라도 박시해요 로고 사이즈 손가락 크기로 가늠하시구요 목 둘레가 다른 일반티보다 작은 것 같아요 가성비 좋습니다,"가성비, 박 시해, 크기, 스몰, 티보, 도톰하다, 손가락, 사이즈, 가늠, 둘레"
흰색 검정색 두게 샀어요 번 걸아가면서 잘 입을 게요,"걸다, 검정색, 흰색, 두다"
옷 얇고 시원하고 정말 좋습니다 여름에 잘 입을 게요,"시원하다, 여름, 얇다"
키가 작은 편이라 샀는데 살짝 크게 입을 수 있을 정도 두께감 좀 있음,"편이, 키, 작다, 크게"
휘뚜루 마뚜루 입 기 편하고 좋아용 구냥 푠하게 입구 있어요,"편하다, 입구, 푠하, 휘뚜루, 마뚜루, 구"
몸에 딱 맞는 사이즈였고 사이즈 사서 좀 하게 입을 걸 그랬음 교복 치마랑 입으면 이 쁠 핏임,"사이즈, 사서, 치마, 몸, 교복, 핏임, 사이즈, 맞다"
벌써 두 번째 구매해 요 여자친구도 같이 사서 이쁘게 입어 요,"벌써, 여자친구, 사서"
정 사이즈로 맞게 주문했는데 잘 맞아요 면이 살짝 도 톰해서 너무 축 쳐지는 느낌 없이 핏이 예쁘고 봄부터 입 기 좋아요 왼쪽 작은 로고도 깔끔하고 예쁩니다 색상도 두가지 구성이라서 가성비도 좋네요,"구성, 가성비, 색상, 사이즈, 가지, 톰해, 봄, 치다, 작다"
여름 티 얇으면 흐느적 거리고 몇 번 입지도 못하잖아요 이건 적당히 도 톰하고 해서 너무 만족이 요 다른 색상으로 더 구매할까 싶네요 예쁘고 깔끔해요,"적당하다, 색상, 만족, 입지, 거리, 이건, 톰, 흐느적"
옷은 편하고 좋습니다 다 만 세탁기에 사탁하지 마세요 바로 반토막 납니다 큼직했던 옷이 작아졌네요,"편하다, 세탁기, 사 탁하다, 말다, 반토막, 나다, 큼직하다, 작아지다"
재질이 생각보다 좋아서 놀랬어요 합니다 사이즈는 딱 맞아요,"사이즈, 재질, 맞다, 놀래다"
전체적으로 깔끔하고 신발이 잘 어울려서 여친이 좋아해요,"전체, 어울리다, 여친, 신발, 좋아하다, 깔끔하다"
아주 가볍게 입 기 좋아 여 근데 라지 샀어도 됐을 듯 엉덩이 반만 가려주네여,"엉덩이, 가볍다, 가다 주네, 라지, 돼다"
남녀 공용이라 확실히 여자가 입었을 때 핏이 예쁘진 않아 요 덩치가 더 커 보이긴 합니다 그리 구 목 부분이 타이트해서 화장을 해야 한다면 무조건 입고 나서 해야 할 것 같아 요 그래도 저렴하게 두 가지 색 티셔츠 구매할 수 있어서 좋아요,"덩 치가, 무조건, 타이 트, 확실하다, 공용, 화장, 여자, 티셔츠"
디자인 사이즈 다 마음에 듭니 당 단독으로 입기도 좋고 안에 입는 것도 괜찮아용,"디자인, 사이즈, 단독, 듭"
믿고 사는 예일인 것 같아 요 적당히 두께감 있어서 비치지도 않고 시원하네요,"시원하다, 비치다, 살다, 적당하다, 예일, 믿다, 두께"
할인할 때 사 서 가볍게 입 기 좋은 것 같습니다 단독으로 입을 수 있는 적당한 두께입니다 다 만 넥라인이 좁은 편이라 살짝 불편한 감이 있어서 목 두께 평균 이상인 남자분은 재고해보시길 바랍니다,"적당하다, 재고, 이상인, 바라다, 좁다, 불편하다, 할인, 평균, 편이"
네 우선 모자이크는 제방이 돼지 우리라서 가려 봣구요 저 붉은 물체는 몽 대형 인형이네요 암튼 제품 소개를 하자면 굉장이 엘레강스하면서도 하네요 엘레강스는 스 펠링몰라서 영어로 안 한 거 맞습니다 아니 아무튼 제국 보급 다리도 물론 한 몫하긴 했지만 옷이 매우 깔롱지구 요 흰색이 밝아서 그런 가 제 안색도 덩달아 밝아 보이는 효과가 있네요 그냩 나갈 때마다 톡 집어서 쓱 입고 척 나가 기 좋아요 근데 실밥이 좀 붙어 잇고요 그래서 잘 떼고 가셔야 합니다 그리고 또 남이 교환하거나 환불한 상품이 올 수도 잇어요 저 같은 경우엔는 검은색이 그런 거 같구 요 아니면 드냥 생긴 차이일 수도 있긴 한데 흰색이랑 다르게 목이 좀 늘어져 잇더라고요 그래도 괜찮아요 착용감은 둘 다 안경 쓰고 입어도 고 보드라워요 일단 살까 말까 고민되면 사세요,"흰색, 엘레 강스, 흰색, 모자이크, 엘레 강스, 교환 거나, 인형, 검은색, 착용 감다, 안색"
입었는데 저와 체형이 비슷하신 분들은 시키시는 게 좋을 것 같아요,"체형, 분"
티셔츠 옵션을 보다 가 가장 무난한 디자인의 블랙과 화이트 색상의 로고로 구매했습니다 두 색상 모두 일상에서 입기에 편안하고 여러 룩에 잘 어울리네 요 착용 시 블랙 티셔츠는 크게 특이사항 없고 요 화이트 티셔츠는 두꺼운 소재 덕분에 비침 걱정 없이 단독으로 입을 수 있습니다 핏으로 보면 소매가 해서 캐쥬얼하게 오버핏으로 연출할 수 있을 것 같고 요 대충 몸매 를 커버하면서도 너무 해 보이지 않는 점이 마음에 듭니다 종합적으로 무난하게 계절을 가리지 않고 다양하게 활용할 수 있을 것 같아 추천 드리고 싶습니다,"색상, 디자인, 종합, 커버, 소매, 연출, 특이 사항, 일상, 블랙, 대충"
디자인도 예쁘고 핏도 살짝 크긴 하지만 막 큰 건 아니라 음 근데 두꺼움 얇지 않아서 그거 고려하고 사시 길 굿,"크다, 디자인, 고려, 그거, 아니다, 사시, 핏, 얇다"
핏이나 착용 감도 너무 좋고 여름이는 든 품으로 가을이나 겨율에는 이너티로 입어도 좋을 거 같아 요 각 격대비 퀄리티도 좋아서 매우 만족 스러워요 다음에도 또 구매할 거 같아요,"스럽다, 여름, 티, 가을, 퀄리티, 격 대비, 겨율, 만족"
이 뽀요 좀 크긴 한데 건조기 돌리면 줄어 듦 나이스,"건조기, 돌리다, 줄다, 크다, 나이스, 뽀"
무난한 가성비 반팔티입니다 로고도 딱 예쁘게 작게 들어가서 맘에 드네요,"티, 들어가다, 가성비, 로고, 작다"
흰티인데도 많이 비치지 않아서 좋아요 재질이 해요,"희다 티, 재질, 비치"
사계절에 입 기 좋을 것 같아 요 살까 살까 고민 많이 했는데 저와 같은 신체 조건인 사람들은 딱 맞게 입고 싶으시면 조금 오버핏으로 입으실 분은 가 좋을 것 같아 요 할인 많이 받아서 좋은 제품 기분 좋게 구매합니다,"신체, 조건, 사람, 할인, 고민, 기분"
아들 사줬는데 생각보다 크네용 오버핏으로 입혀야겠어요 그래도 무난해서 막 입기 좋아요,"크다, 아들, 입히다, 오버핏, 사주다"
가격 대비 가성비가 너무 좋아요 재질도 하고 기 본템으로 부족함이 없어서 완전 추천해요 예일이 옷이 크게 나와서 으로 해도 조금 오버핏이에 요 옷 길이가 긴 편이라 넣입해도 좋을 거 같습니다,"추천, 가성비, 부족함, 길이, 재질, 편이, 나오다, 대비"
생각보다 길이가 길어서 크게 입는 거 안 좋아한다면 한 사이즈 작은 거 추천합니다 오버핏 좋아하시면 이 사이즈도 충분합니다 옷도 예쁘고 데일리로 입 기 좋아요,"추천, 충분하다, 사이즈, 길이, 사이즈, 일리, 작다"
재질도 적당히 도 톰하고 좋아요 재구매 의사 있습니다,"적당하다, 재다, 재질, 의사, 톰"
팔은 많이 안 크면서 길이는 길어서 입기 좋습니다 엄청 시원한 소재인지는 모르겠으나 구김이 안 져서 하게 입습니다 길에서도 많이 보입니다 만족,"소재, 길이, 보이다, 크다, 시원하다, 길, 구김"
세일할 때 저렴하게 구입해서 흰 티셔츠는 레이어드용으로 검정색 티셔츠는 평소에 편하게 자주 입고 있어요,"레이어 드용, 평소, 티셔츠, 일, 편하다, 검정색, 저렴하다"
순면이라 착용감이 좋고 가 벼워서 세일할 때 저렴하게 잘 구매한 거 같아요,"착용, 저렴하다, 일, 순면, 벼워"
근래 산 티셔츠 중 두께감 재질 가격 모두 원탑인 거 같아요,"티셔츠, 탑인, 재질, 가격, 근래, 두께"
저랑 신체 사이즈 비슷하신 분들은 보다는 사이즈가 더 나을 거 같아 요 팔 길이가 조금 긴 거 빼고는 팔 부분은 접으시면 될 듯 사이즈도 너무 잘 맞고 예쁘네요,"접다, 사이즈, 사이즈, 사이즈, 길이, 신체, 나다"
사이즈가 살짝 커 보이고 여름에 입기에 소재가 조금 두꺼워요,"사이즈, 소재, 보이, 여름, 두껍다"
하고 두께감 있어서 너무 좋습니다 국민티가 돼서 흔하지만 그만큼 가성비 좋아여,"국민 티, 가성비, 흔하다, 두께"
기본 티이지만 작은 로고 때문에 하지 않아요,"티, 기본, 작다, 로고, 때문"
여름이니까 무지 티셔츠가 몇 개 필요해서 예일꺼 구매했습니다 믿고 사는 예일 무신사에서 할인해서 덕분에 싸게 샀네요 퀄리티는 말할 거 없고 심플하고 로고도 예쁘네요 잘 입을 게요,"사, 필요하다, 할인, 티셔츠, 무지, 말, 심플, 퀄리티, 덕분"
에일 옷은 처음 구매 햇는데 사이즈도 잘 맞고 편안해서 잘 입을 꺼 같습니다,"편안하다, 사이즈, 에일, 처음, 햇 늘다, 맞다"
디자인 깔끔해서 막 입 기 좋아요 도톰한 편이라 많이 더운 여름 날엔 비추 청바지에 요거 하나 걸쳐도 이쁩니다,"걸치다, 청바지, 편이, 도톰하다, 디자인, 덥다, 여름, 날, 비추다"
옷은 예쁜데 기장이 많이 길어서 바지 매칭할 수 있는 게 좀 제한적임,"매칭, 기장, 제한 적임, 바지"
무지 반팔 필요해서 샀는데 너무 좋네용 근데 키 작으신 분들은 사이즈 작게 하셔도 좋을 것 같아 요 너무 길어서 줄여 입었어요,"필요하다, 사이즈, 작다, 무지, 줄이다, 팔, 작다"
예일이라 그런 가 옷 좋아요 잘 입고 다닐 거 같아 요,"그렇다, 예일"
기본 반팔티로 입으려고 샀는데 무난해서 딱 좋습니다,"티, 기본"
딸 냄꺼로 샀고 제가 입어봤어요 박시한 것만 입 다 핏되는 사이즈라 사보았어요 원단 하고 좋아요,"사이즈, 원단, 박 시한, 핏되, 입어보다, 사보다"
왕 크니까 왕 맛있다 밑 위 충분히 덮는 한 기장에 비침도 거의 없어서 자기 주장 강하신 분들도 무리 없이 입을 수 있을 것 같아 요 저랑 비슷한 스펙 가지 신 분들 중 오버핏으로 입으실 분들 사이즈 추천 드려욥,"충분하다, 강하다, 추천, 기장, 사이즈, 비치다, 드리다 욥"
고 아들이 교복 안에도 입고 평소에도 잘 입고 다닙니다 좋아요,"평소, 아들, 교복"
반팔 길이감이 긴 거 싫어해서 사이즈 시켰는데 핏도 이쁘구 길이도 맘에 드네 영 가격도 굿,"사이즈, 길이, 가격, 길이, 팔, 핏, 싫어하다"
운동할 때 편하게 입으려고 샀어요 두꺼워서 좀 덥긴 한데 비치는 거 보단 나아요,"운동, 편하다, 덥다, 나다, 비치다, 두껍다"
편하고 좋아요 이번 여름 잘 입을 수 있겠습니다아,"편하다, 여름"
오버핏 느낌나네요 제가 키가 작고 말랐는데도 이 뻐요 색상도 진합니다 목도 잘 쪼여주고 여요 잘 입을께요,"색상, 진하다, 작고, 목도, 키, 여요, 쪼이다, 오버핏"
크게 입고 싶었는데 오버핏으로 딱인 거 같아 요 색깔도 무난하고 로고도 간단해서 휘뚤마뚤 입을 수 있을 거 같아 요 여름 애착템이 될 거 같습니다,"애착, 간단하다, 로고, 여름, 크게, 휘뚤마뚤"
사이즈는 적당한 데 옆으로 통이 조금 넓어요 할인해서 잘 샀네요,"할인, 적당하다, 사이즈, 통, 옆, 넓다"
저는 이너 말고 기본템으로 입으려고 샀는데 하고 여름에 입기에 두께도 딱 적당해 요 제가 키가 좀 있는 편이라 키 작아 보이고 싶어서 보통 루즈하게 입는데 사니까 딱 루즈핏 나오고 좋아요 흰색은 살짝 비쳐요,"비치다, 흰색, 적당하다, 보이, 나오다"
이너도 좋고 데일리로 입어도 좋아요 하네요,일리
을 할지 를 할지 정말 오래 고민하고 라지로 결정했는데 제가 원하는 핏이에 요 오버핏으로 입고 싶어 주문했는데 딱이 네용 작은 로고 덕분에 하지도 않아서 마음에 쏙 듭니다,"고민, 라지, 듭니, 원하다, 덕분"
무던하고 깔끔한 느낌입니다 그리고 소재가 해서 너무 좋습니더,"무덥다, 소재, 깔끔하다"
핏도 예쁘고 스몰로고라서 휘뚜루마 뚜루 입 기 좋아요,"스몰 로고, 핏, 휘뚜루 마, 뚜루"
와 이건 머리를 집어 넣으라는 건지 머리에 그냥 쓰라는 건지 모를 정도로 목이 좁아요 이 옷은 입고 머리 만져야 함 근데 이 쁨 기본 티로 채고,"머리, 머리, 머리, 모르다, 집다, 목, 이건, 좁다"
오버핏 아니고 세미오버도 아니면서 살짝 애매한 기장이지만 기 본룩으로 이만한 거 또 있나요 커버낫 같은 너무 급식 느낌 안 나면서 무지는 너무 할 때 가볍게 포인트 주기 좋습니다 에어리즘 입고 위에 입으면 한 여름에도 어느 정도 버틸 수 있어요,"아니다, 나다, 기장, 애매하다, 무지, 세미 오버, 이만, 아니다"
원단이 꽤 도톰한데 여름에 입기에도 적당합니다 적당히 반팔 모양을 잡을 수 있을 정도의 두툼한 정도입니다 깔끔하고 단순해서 평소에 잘 입어요,"적당하다, 단순하다, 적당하다, 잡, 원단, 도톰하다"
어깨 쪽은 넓고 총장은 그만큼 길지가 않아서 딱 이 쁘게 떨어지네요 원하던 핏입니다,"총장, 길다, 원하다, 핏입니, 쪽, 어깨, 떨어지다"
옷 핏이 예쁘고 디자인이 최고에 요 예일은 남녀한테는 인기 많은 브랜드죠,"브랜드, 디자인, 남녀 늘다, 인기, 최고, 예일, 많다, 핏"
오버핏으로 입기에 기장이 살짝 작지만 품이 커서 이상하진 않아 요 센치만 더 길 엇으면 하는 작은 소망,"이상하다, 기장, 센치, 작, 소망, 커서, 작다, 품"
회사에 입고 다니려 삿어요 키 에 몸무게 너무 크지도 않고 딱 좋아요,"크다, 몸무게, 삿어, 회사"
바지 안에 넣어 입어도 내놓고 입어도 예뻐요 두껍지 않고 적당한 두께의 면이라 입 기 편하구요 트레이닝 복에 막입어도 청바지에 입어도 다 깔끔해서 예쁩니다 사은품으로 흰색 한 장 더 받아 기분 좋아요,"막, 청바지, 적당하다, 사은 품, 흰색, 편하다, 트레이닝, 바지"
기장 클까봐 걱정했는데 그렇게 안길어요 잘 입을 게요,"안다, 기장, 크다, 걱정"
흰티 안 비쳐서 좋은데 제 키에는 좀 많이 큰 것 같아요,"비치다, 키, 희다 티"
넣입을 애매하게 해서 좀 이 상해 보이는데 핏 정말 예뻐요 키 때문에 고민하다가 스몰로 했는데 딱 적당합니다 컬러가 쨍한 에 이포 흰색이라서 맘에 들어 요 요즘 매일 데일리로 입습니다,"적당하다, 흰색, 고민, 매일, 보이다, 애매하다, 컬러, 상해"
심플하고 무난해서 예쁘고 영어로 포인트가 있어서 좋다,"영어, 심플, 포인트"
기본으로 입기에도 좋고 옷이 너무 얇지도 않아서 심플하게 입 기 좋았습니다,"심플, 기본, 얇다"
그냥 저냥 기본 티셔츠로 입기에 무난하고 세미오버핏인 게 마음에 드네요,"티셔츠, 기본, 세미 오버핏, 그냥"
오버핏 말고 레귤러 핏으로 가려고 한 사이즈 낮췄는데 딱 잘 어울립니 다 정 사이즈가 면 기장이 넘 길거 같아요,"어울리다, 기장, 사이즈, 사이즈, 레귤러, 가다, 핏, 오버핏"
색감 좋고요 핏 괜찮아요 냄새가 좀 나서 한 번 빨 고 입어야 할 듯,"냄새, 색감, 나서다"
여자가 오버핏으로 입기 좋아요 가격도 저렴하고 배송도 빨라요,"저렴하다, 여자, 배송, 가격, 오버핏, 빨르다"
사이즈 예쁘게 잘 맞고 얇아서 더운 여름에 입고 다니기 딱이에요 로고 포인트도 있고 깔끔해서 좋습니다,"포인트, 사이즈, 덥다, 로고, 여름, 얇다"
많이 덥지도 않고 무난하게 이 뻐요 입었을 땐 가벼운 편이라 편해서 어딜 가나 이 쁘게 입을 수 있는 것 같습니다,"편하다, 덥다, 편이, 가볍다, 가나"
목이 좁아서 오히려 좋고 이 가격에 무난하게 이 쁘네요,"좁다, 목, 가격, 쁘네"
깔끔한 게 이 뻐요 무난하게 입을 수 있는 기본 티셔츠입니다,"티셔츠, 기본, 깔끔하다"
티셔츠가 무난하고 이 뻐서 광장히 마음에 들어 요 사이즈는 아래 부분이 길어서 조금 아쉬웠어요 그래도 넣입해서 입으면 괜찮을 것 같네요,"티셔츠, 광장, 사이즈, 부분, 아래"
포장이 되게 하게 와서 좋았어요 두께감도 적당한 것 같아서 비치지 않아 보여 용 핏은 딱 떨어져서 기 본템으로 편하게 입고 나가기 좋아요,"포장, 적당하다, 편하다, 비치, 오다, 보이다"
깔끔 그 자체 이너로도 좋고 겉에 입기도 좋고 요즘 유니폼이에요 완전 강추,"유니폼, 강추, 자체, 깔다 끄다, 겉"
제게 딱 맞는 티셔츠를 찾았습니다 원하는 핏감을 여기서 찾았네요 앞으로 티셔츠 사이즈 기준은 이걸 기준으로 하기로 했습니다 촉감도 부들부들 하니 딱 좋고 로고도 조그만하게 있어 좋네요 전체적으로 밸런스가 좋은 티셔츠 입니다,"밸런스, 전체, 조그만, 티셔츠, 원하다, 티셔츠, 걸, 사이즈"
옷이 두껍고 해서 세탁 후 변형 크게 없을 것 같습니다 얇다는 평이 있어서 고민했는데 이만한 가격에 이 정도 퀄리티면 훌륭 한 것 같습니다 기본티로 위에 남방이랑 같이 입으면 이 쁘고요 키 여성인데 길이도 적당히 길어서 맘에 듭니다 덩치가 있는 편인데 사이즈 딱 좋았어요 더 큰 사이즈 입으면 몸이 더 부해 보여서 저 정도 덩치이신 분들은 사이즈로 가세요 사이즈는  몸을 더 크고 부하게 만듭니다,"덩치, 덩 치가, 적당하다, 여성, 변형, 보, 이만, 사이즈"
디자인이 심플해서 여름에 잘 입고 다닐 것 같아요,"심플, 디자인, 여름"
가격 대비 퀄리티 좋고 일교차 심한 때 입기 좋은 것 같아요,"교차, 퀄리티, 대비, 가격, 심하다"
옷 재질도 좋고 편하게 입기에 좋은 옷 같습니다 만족해요,"만족하다, 편하다, 재질"
옷이 두껍고 해서 세탁 후 변형 크게 없을 것 같습니다 얇다는 평이 있어서 고민했는데 이만한 가격에 이 정도 퀄리티면 훌륭 한 것 같습니다 기본티로 위에 남방이랑 같이 입으면 이 쁘고요 키 여성인데 길이도 적당히 길어서 맘에 듭니다 덩치가 있는 편인데 사이즈 딱 좋았어요,"여성, 적당하다, 덩 치가, 변형, 평이, 퀄리티, 이만, 편"
중학생입니다 귀엽게 봐주새 욤 일단 옷 너무 이쁘네용 하지만 아쉬운 점이라면 키가 작아서 기장이 살짝 길었습니다 재질을 얇고 좀 한 면 소재 고 빨래해도 변형이 없어서 좋네요 기 본템이 필요해서 반팔티 구매를 결정했는데 사기를 잘한 것 같아요 예일 화이팅,"변형, 중학생, 화이팅, 필요하다, 기장, 재질, 티, 새, 자다"
가볍고 무난하게 입을 수 있게 디자인이 깔끔하고 좋아요,"가볍다, 디자인, 깔끔하다"
예일 상품 자주 구매해서 입고 있어요 겉으로 입기 좋고 이너로 입기도 좋아요 두께감이 있어서 선호하는 더 좋아요,"선호, 상품"
적당히 크고 기장감도 딱 좋아서 잘 입고 있습니다 너무 얇지도 않고 두껍지도 않아서 편해요,"적당하다, 편하다, 기장 감다, 크다, 얇다"
몇 번 빨래해 사 옷이 별로 안 예뻐 보일 수도 있지만 되게 잘 입고 있습니다,"보이다, 별로, 수도, 빨래"
가성비 있게 잘 구매했습니다 이너로 입기에도 좋고 그냥 입어도 핏이 너무 좋습니다,"가성비, 그냥, 핏"
목이 좀 잘 늘어나는 거 같아 요 오버핏이라 사이즈 잘 감안하시길,"감안, 사이즈, 목, 늘어나다, 오버핏"
사이즈 딱 맞습니다 제가 원하던 핏이에 요 세탁 후 변형도 없고 가격도 합리적이고 만지면 재질이 좋은 개 느껴집니다,"합리, 변형도, 지면, 재질, 사이즈, 가격, 원하다, 세탁"
생각보다 너무 딱 맞아서 아쉬웠지만 작진 않아서 다행이었어요 두께감도 적당하고 재질도 좋고 착용 감도 좋았습니다,"적당하다, 재질, 작다, 착용, 감다"
오버칫으로 입으려고 샀는데 는 너무 커요 옷 전체적인 상태는 좋아요,"전체, 상태, 크다, 오버칫"
이너로 나 단품으로 나 입기 너무 좋아요 세일할 때 사소 한 벌가격으로 두 벌을 기장감도 딱입니다 고민말구 질러욤,"벌 가격, 기장 감다, 질러욤, 품, 고민 말다, 일, 벌, 사소"
세미 오버핏 정도 핏 좋습니다 완전 맘에 들고 다른 티보다 맨날 이것만 입어요 건조기 돌려도 변형 없이 잘 입고 있습니다,"건조기, 돌리다, 변형, 티보"
적당한 크기에 두께감이 좋고 색 빠짐이 적어 요 상체근돼인데도 커버가 잘 되네요 마르신 분은 사이즈 줄이시고요 와이드 팬츠랑 잘 어울려요,"어울리다, 줄이다, 마르다, 팬츠, 적당하다, 커버, 사이즈, 크기, 와이드, 적다"
옷이 일반 반팔에 비해 두께감이 있는 편이여서 여름 초가을 까지 입을 수 있을 거 같아 요 색감은 밝은 편입니다,"편이, 편입, 팔, 일반, 초가을, 색감, 여름, 비다"
이 거 올해 너무 잘 샀다고 생각하는 템 재질이 너무 좋아요 기장도 적당하고 통도 적당해서 핏도 예쁨 짱 좋어요,"적당하다, 적당하다, 기장, 재질, 올해, 통"
사이즈는 은 한 오버핏으로 나옴 기장이 좀 긴 편인데 뭐 넣입 하명 되고 레귤러 세미오버핏으로 입고 싶으면 로 사도 될 듯 깔끔하고 속에 입어도 되고 이 거 하나 입고가고 되고 기 본템으로 좋음 내가 사진을 잘 못 찍어서 그렇지 이쁘긴 함,"나오다, 사이즈, 사진, 하나, 내, 기장, 하명, 사도"
옷이 두꺼워서 밤에 나갈 때 입어도 춥지 않습니다,"추다, 밤, 두껍다"
사이즈는 오버핏으로 이쁘게 나왔습니다 질도 엄청 좋아 영,"사이즈, 질도, 오버핏, 나오다"
배송도 빠르고 합리적인 가격이며 세탁 후 변형이 없는 듯합니다,"변형, 합리, 가격, 배송, 세탁, 없다, 빠르다"
살짝 오버핏으로 편하게 입기 딱 좋습니다 맘에 드네요,"편하다, 오버핏"
재질도 부드럽고 로고도 작게 있어서 만족스러워요 두 가지 색을 한 번에 가성비 있게 구매할 수 있어서 좋네요,"만족스럽다, 가성비, 재질, 부드럽다, 색, 번, 가지, 로고, 작다"
요즘 같은 날씨에 입고 다니기 좋은 옷입니다 옷감도 좋네요,"날씨, 옷감"
전부터 티셔츠 하나 가지고 싶었는데 이번에 저렴하게 구입하게 되었습니다 살짝 크게 입는 걸 좋아하는 편이여서 그런지 를 시켰는데 딱 마음에 드는 핏이 나왔습니다 엄청 얇은 편은 아니라 한 여름에 임기는 좀 힘들 것 같았어요 딱 입자마자 살짝 함이 느껴졌거든요 개인적으로는 검정보다는 흰색이 마음에 들지만 흰색 옷 특성상 상대적으로 변색이 나타나기 쉽다는 점이  아쉽네요,"개인, 검정, 흰색, 상대, 변색, 특성, 흰색, 티셔츠"
재질 좋고 디자인도 예뻐요 기본티로 정말 최고에요,"재질, 티, 디자인, 최고"
평소에 예일 티셔츠 좋아하는데 기본 티셔츠 더 사고 싶어서 샀어요 다른 브랜드 티셔츠랑 다르게 두께감이 있어서 옷 변형이 적어서 오히려 마음에 들고요 사이즈 조금 큰 듯 하지만 요즘은 좀 크게 입는 다고 하니까 좋습니다 저렴한 가격에 장 사서 매우 만족입니다,"만족, 티셔츠, 변형, 티셔츠, 적다, 사이즈, 저렴하다"
살짝 두꺼운 면이 있지만 부드럽고 편해서 좋아요,"편하다, 부드럽다, 두껍다"
그냥 막두면 잘 구겨만 디자인이 이쁘니까요 굿,"막 두다, 디자인, 구기다, 그냥"
사이즈도 크고 편하게 여기저기 입 기 좋네요 재 구매 의사 잇음,"여기저기, 편하다, 사이즈, 크다, 의사, 잇다"
옷도 이 쁘고 사이즈도 잘 맞고 너무 좋습니다 구매 추천,"추천, 사이즈, 맞다"
사이즈는 딱 맞고 착용 감 좋아요 배송 빠르게 오고 재질도 무난합니다,"사이즈, 착용, 재질, 배송, 오다, 빠르다, 맞다"
너무 괜찮은 상품인 거 같아 요 가격 대비 디자인도 좋고 배송도 색감도 가격도 너무 합리적이네요,"합리 적다, 상품, 배송, 가격, 디자인, 색감, 가격, 대비"
음 이렇게 클 줄 몰랐어요 그리고 생각보다 너무 두꺼웠어요 너무 커서 단독으로 입으면 좀 부해 보이고 너무 커서 이너로 입지도 못하고 있어요,"커서, 입지, 보이, 단독, 부다"
예쁘고 좋습니다 이라 저렴한 것도 좋아요,"저렴하다, 이르다"
여름 흰 반바지랑 매칭하면 좋을 거 같아 요 잘 입을께요,"매칭, 반바지, 여름"
진짜 이 정도 가성비 없습니다 절 때 후회 없습니다,"가성비, 후회, 없다"
저와 비슷한 체격이라면 추천드립니댜 예일이 워낙 오버사이즈라 스몰로 구매했는데도 사이즈 해요,"오버 사이즈, 체격 라면, 사이즈, 스몰, 워낙, 예일"
핏 적당하니 전투용으로 딱입니다 여름에도 딱 입니다,"적당하다, 전투, 여름, 딱이다"
검정 바지를 제외하면 어느 옷에 나 잘 어울리는 티서츠입니다,"티 츠, 어울리다, 바지, 검정, 제외"
착용감 좋은 면입니다 바느질이나 마감이 잘 돼 있고요 사이즈 약간 크게 나오는 게 요즘 추세인가 봐요,"바느질, 추세, 마감, 착용, 사이즈, 나오다"
기장이 약간 짧아요 검은색은 먼지가 좀 잘 붙어요 예일 로고가 귀여워요,"검은색, 먼지, 기장, 로고, 짧다, 예일, 붙다, 귀엽다"
칼 배송에 치였습니다 월욜에 시켰는데 오늘 도착했네요 엄청 얇은 면은 아니지만 실내에서 입 기 좋을 것 같습니 당 로고도 예쁘고 티셔츠도 기준 적당히 한 핏이라 맘에 들어요,"실내, 아니다, 티셔츠, 적당하다, 오늘, 배송"
크게 입으려고 일부러 사이즈 샀어요 핏이 예뻐요,"일부러, 크게, 사이즈, 핏"
사이즈가 생각보다 살짝 크긴 한데 깔끔해서 입 기 좋아요,"사이즈, 크다, 깔끔하다"
맨날 입으려고 데일리로 샀습니다 맘에 들어 요 두께도 꽤 두깝거요,"일리, 두께, 깝거"
그냥 막 입을 만한 여름 티셔츠 필요해서 삼 진심 막입을 수 있을 정도로 편한데 소재는 함 흰색도 안비쳐서 생각보다 사이즈는 한 듯,"흰색, 막입, 비치다, 사이즈, 필요하다, 소재, 진심"
화이트 블랙 각 장씩이라 자주 손이 가는 티입니다 여름엔 흰티 검은 티 하나씩은 필수잖아요 추천 평소 입구 요 오버핏 원하시면 입으면 됩니다 이 하니 입 기 좋은 거 같아 요 보단 추천,"추천, 하나, 원하다, 티, 가다, 입구, 손"
화이트 블랙 각 장씩이라 자주 손이 가는 티입니다 여름엔 흰티 검은 티 하나씩은 필수잖아요 추천,"하나, 추천, 티, 화이트, 검다, 가다, 희다 티, 여름, 손"
잘 입고 있어요 올 여름 반팔티는 예일로 통일해서 여러 벌 샀어요,"통일, 티, 여러, 여름, 예일로"
사이즈 착용했습니다 예일 티셔츠는 한 사이즈 낮게 사시는 게 보통 맞아요 저도 한국 사이즈 입는데 예일은 사도 여유 있는 오버핏 나와요,"사시, 사이즈, 티셔츠, 나오다, 여유, 사도, 한국, 보통"
배송도 빠르고 옷감이 다른 면 티랑 비교했을 때 살짝 두꺼운 느낌은 있지만 그래도 부드러운 면 소재라 편안히 잘 입을 것 같습니다,"소재, 배송, 편안하다, 부드럽다, 티, 옷감"
두툼해서 안 비치고 좋음요 팔도 하지 않고 괜찮아요,"비치, 두툼해, 팔도"
오버핏 티셔츠를 사고 싶었는데 때 마침 행사를 하길래 구매해봤어요 두께는 얇지는 않고 그냥 딱 좋아 여 사이즈는 좀 크니까 여성분들은 추천합니다,"추천, 여성, 사이즈, 티셔츠, 마침, 행사, 사고, 그냥, 두께"
괜찮아요 애한테는 살짝 큰데 애아빠는 딱 보기 좋네요,"크다, 애 늘다, 보기, 애 아빠"
저번에 예일 반팔티 산 적이 있는데 만족하면서 입어서 이번에 또 구매했는데 역시나 좋아요,"만족하다, 티, 저번, 예일"
에스인데 생각보다 사이즈가 커요 특히 어깨 부분 이상하게 넓어 보이고 크네요 편하게 입기는 좋아요,"이상하다, 크다, 에스, 사이즈, 편하다, 보이, 크다"
사이즈 잘 맞고 깔끔하게 편하게 입고 다니기 좋아요,"사이즈, 편하다, 맞다, 깔끔하다"
포장을 처음 뜯고 불쾌한 새 옷 냄새가 좀 납니다 이건 당연한 거라 괜찮지만 빨래하고 나니 많이 줄어들었네요 처음 받고 이 뻐서 엄청 만족했는데 아쉽습니다 사진 상 흰티가 빨래 한 거고 밑에 검은 티는 동일 제품 동일 사이즈의 세탁 전입니다 구매하실 거면 수축 고려하고 구매하세요,"사이즈, 전입, 희다 티, 당연하다, 이건, 사진, 나다"
제가 사보고 여자친구 선물로 주려고 다시 주문했습니다 기본티 짱 이 뻐요 저는 에 라지에요,"여자친구, 라지, 기본 티, 려고, 선물, 사보다, 다시, 주문"
좋은 가격으로 득 템했어요 사이즈는 크지도 작지도 않은 정 사이즈에 요 두께도 더운 여름에 입기에 적당한 사이즈에 요 다만 검정색은 먼지가 붙으면 잘 안 떼져서 주의가 필요할 것 같아요,"검정색, 먼지, 적당하다, 사이즈, 필요하다, 가격, 사이즈, 크다"
수라 전혀 꼭 쥐스 비치는 것도 없고 옷도 해서 무난하게 잘 입고 있습니다,"전혀, 비치다, 수라, 쥐스, 없다"
색감 좋고 재질도 좋아서 재구매 구매 하고 있어요 가격 대비 만족도 최상입니다,"만족도, 재질, 색감, 재다, 가격, 대비, 최상"
너무 얇지도 두겁지도 않아서 좋습니다 기본템으로 입 기 좋아요,"겁, 얇다"
이 가격에 대 만족입니다 싼 재질도 아니고 두께도 보통이라 더 좋습니다,"만족, 아니다, 재질, 보통, 가격, 두께"
목이 진짜 하고 원단이 해요 천년만년 입을 수 있을 것 같아 요 청바지에 입었을 때 핏도 예뻐요,"원단, 천년 만년, 청바지, 목, 핏"
굉장히 좋고 예일 로 고 가리면 걍 무지티 같음 글고 목 졸림,"무지 티, 가리다, 졸림, 예일, 굉장하다"
원단도 좋고 길이도 적당합니다 이너 해서 입어도 되고 많이 입어질 거 같습니다,"적당하다, 길이, 원단, 되다"
면 재질도 좋고 기장도 딱 원하는 오버핏이라 좋아요,"기장, 재질, 원하다, 오버핏"
핏 이 쁘고 총장이 길어서 레이어드해도 이쁠 거 같아요,"총장, 레이어 드 해도"
옷 핏도 이 쁘고 목도 해서 오래 입고 다닐 수 있을 것 같아요,"목도, 핏"
기본 티로 편하게 입 기 좋아요 덩치가 있어서 가슴 둘레 사이즈 한 게 제일 맘에 들어요,"덩 치가, 편하다, 사이즈, 제일, 기본, 가슴, 티, 둘레"
옷 재질이 해서 체형을 잘 잡아줘서 좋은 거 같아요,"잡다, 체형, 재질"
가성비 좋게 입기 좋아요 지금 날씨에 반 팔에 겉옷 입고 다니면 좋아요,"날씨, 가성비, 팔, 지금, 겉옷"
재질도 좋고 해 보여 요 로고 큰 거 안 좋아하는데 작아서 귀엽네요,"재질, 작다, 보이다, 로고, 귀엽다, 좋아하다"
옷이 한 옷이라 웬만한 여자분들은 로 사면 될 거 같아요,"여자, 사면, 웬만하다"
배송 가격 만족합니다 예 일반팔티 대박이 쁘고 좋아요,"티, 만족하다, 배송, 대박, 가격"
무난무난한 기본티에 요 예일로 고가 포인트가 되긴 해요 근데 검은색은 먼지가 좀,"먼지, 포인트, 티, 검은색, 고가, 예일로, 되다"
배송도 빠르고 세일할 때 샀어요 재질도 좋고 아이가 맘에 들어해서 좋아요 많이 파세요,"일, 배송, 재질, 파다"
기본 티셔츠 어디에도 다 잘 어울립니 다 세일할 때 구매해서 좋네요 색감도 좋고 사이즈 딱입니다,"일, 티셔츠, 어울리다, 사이즈, 색감, 기본, 딱이다"
깔끔하게 라인과 핏이 너무 좋아요 너무 이 뻐요 어느 코 디든 다 잘 어울립니 다 감사합니다 잘 입을께요,"어울리다, 라인, 디, 깔끔하다, 핏"
예일 처음 샀는데 기본티로 활용하기 나쁘지 않네 요데일리로 굳,"일리, 티, 활용, 처음, 예일, 나쁘다"
완젼크고 완젼편함 면도 좋고 두꺼움 여름에 이 너나 그냥 단품으로도 좋음,"완젼크, 완젼편함, 품, 면도, 여름, 두껍다, 그냥"
옷이 커서 팔소매 부분은 접어서 입어요 사이즈가 커서 편하게 입기 좋아요,"접다, 커서, 편하다, 사이즈, 소매, 부분"
일 상품 재질도 좋고 두툼하니 넘 조아 여 가성비 최고오,"가성비, 재질, 상품, 툼, 최고 오"
옷 재질 하고 좋아요 데일리로 잘 입고 있습니다 재 구매 의 향 있어요,"일리, 재질"
나뿌지 않아 요 그냥 딱 기 본티 그 잡채 기준 가 딱 좋은 것 같아 요 시켰으면 컸을 듯,"잡채, 티, 기준, 크다, 나뿌, 그냥"
예일 티셔츠 아들 사줬는데 잘 입고 다녀 요 천도 해서 좋아요,"티셔츠, 천도, 아들, 예일, 사주다"
사이즈 잘 맞아요 편하고 좋아요 만족 만족 재질 좋아요,"편하다, 사이즈, 만족, 재질, 맞다"
배송 빠르고 좋아요 목이 좁아서 입고 벗기가 좀 힘드네요,"좁다, 배송, 힘드다, 목, 빠르다, 벗기다"
저렴하게 구매한 거 치고 배송도 빠르고 원단도 해서 좋았네요,"저렴하다, 배송, 원단, 빠르다"
정도에 키로 사이즈 여유 있게 잘 맞네요 두께가 약간 있어서 지금 입 기 좋아요,"사이즈, 여유, 지금, 맞다"
그냥 가볍게 입 기 편하네요 작업할 때도 자주 입을 거 같아요,"작업, 가볍다, 편하다, 그냥"
배송도 빠르고 사이즈도 정 사이즈라 딱 좋습니다,"사이즈, 사이즈, 배송, 빠르다"
무난하지만 생각보다 좀 박시한 느낌입니다 참고하세오,"참고, 박 시한"
사이즈로 하면 더 이쁘게 잘 맞았을 텐데 사이즈라 크긴 크네요 그래도 박시하게 이쁘게 잘 입겠습니다,"크다, 사이즈, 박다, 사이즈, 크다, 맞다"
가볍게 입 기 좋아요 두껍진 않고 기본티로 적당합니다,"적당하다, 가볍다, 티, 두껍다"
후드티안에 입으려고 구매했는데 잘 산 거 같아 요 사이즈도 잘 맞고 천도 좋아요,"후드 티안, 사이즈, 천도, 맞다"
이너로 입 기 좋아서 구매했눈 데 그냥 이것만 입어도 이 쁘네요,"쁘네, 그냥, 눈"
둘 다 괜찮게 만족입니다만 흰색은 쬐 금 속 이 비치는 거 같네요 니플 패치 쓰시던 분은 쓰셔야 할 거 같아요,"만족, 흰색, 비치다, 쓸다, 패치, 분, 쓸다"
정말 편하게 입고 다닐 수 있는 기장입니다 근데 로고가 작아서 그냥 면 티 처럼 보일 수도 있어요,"기장, 로고, 작다, 보이다, 편하다, 수도, 처럼"
예쁩니다 블랙 흰색 조합으로 사서 데일리룩으로 입기 딱 좋아용,"일리, 조합, 흰색, 블랙, 사서"
재질 한데 목이 좁아요 박시하게 입으려면 이나 았을 듯한 데 도 딱 맞음,"좁다, 박다, 목, 재질, 이나, 았, 맞다"
제품 아주 훌룡합니다 가격도 저렴하고 재질도 너무 좋고 아주 마음에 들어요,"훌룡합니, 저렴하다, 재질, 가격, 제품"
사이즈 잘 맞고 어떤 옷이랑 입어도 잘 어울리고 무난합니다,"사이즈, 어울리다, 어떻다, 맞다"
옷 너무 만족합니다 다 만 기장이 살짝 짧아요 옷 재질은 해서 체형 보완 되고 옷이 잘 안 늘어날 거 같아 요 세미오 버핏 느낌입니다,"만족하다, 늘어나다, 기장, 재질, 세미 오, 보완, 체형, 짧다"
옷이 안 비치고 좀 한 느낌이라 구겨 않아서 좋아요 제가 샀는데 동생도 자기 계정으로 들어가서 따라 사더라구요,"동생, 들어가다, 비치, 구기다"
목 부분이 좁아서 입고 벗을 때 머리통이 끼긴 끼는 데 재질도 좋고 예쁨,"머리 통, 좁다, 재질, 부분, 벗, 끼다, 끼다"
처음 사면 괜찮은데 입가보면 약간 짧아져요 좋음,"입가, 처음, 사면, 짧아지다"
그렇게 하늘하늘한 소재는 아니고 두깨감이 있어서 안 비칩니다 그냥 무난하게 입 기 좋아요,"하늘하늘하다, 아니다, 비치다, 소재, 깨감, 그냥"
무난하고 편해서 아무 옷이나 다 잘 어울려 요 여름 이것만 신어요,"신어, 어울리다, 편하다, 여름"
로고가 작아서 옷이 깔끔해요 두께도 좋구요 편하게 입고 다니기 좋아요,"로고, 작다, 편하다, 두께, 깔끔하다"
사이즈도 딱 적당하고 소재도 한 느낌이라서 너무 좋네요,"적당하다, 사이즈, 소재"
저 정도 신체되시는 분은 사셔 요 목도 좀 쪼이네요 옷은 예뻐요,"목도, 쪼이다, 신체 되다, 분"
딱 스타일이 깔끔해서 좋아요 시원하고 다른 티랑 잘 어울려요,"어울리다, 스타일, 시원하다, 티, 깔끔하다"
너무 이쁘고 좋아서 편하게 외출할 때 입기 좋아요,"편하다, 외출"
와 원래는 라지 구매했었는데 빨래 하니까 작아지네요 엑라로 재구매했어요,"작아지다, 엑라, 원래, 라지, 재다, 빨래"
살짝 두께감이 있어서 비침이 전혀 없어요 편한 차림 때 많이 입을 것 같아요,"전혀, 편하다, 비치다, 없다, 두께"
가성비 좋아서 괜찮네요 나쁘지 않아 요 휘뚜루 마 뚜루,"가성비, 휘뚜루, 뚜루, 나쁘다"
원단이 너무 얇지 않고 해서 좋아요 그냥 입기에도 좋고 이너로 활용해도 좋을 것 같아요,"원단, 활용, 얇다"
생각보다 이쁘고 핏이 좋아요 기장이 좀 길 긴 하지만 한 번씩 사보는 거 추천,"기장, 번, 추천, 사보다, 핏"
원래는 사이즈 입는데 오버핏이라 으로 주문했습니다 오버핏보다 어느 정도 작당하게 딱 맞는 느낌을 좋아하시면 본래 입던 사이즈보다 한 치수 작은 것으로 구입하시는 걸 추천합니다 저는 매우 만족하고 입고 있어요,"추천, 만족하다, 원래, 사이즈, 사이즈"
길이 적당하고 마음에 들어 요 이쁘게 잘 입을 거 같아요,"적당하다, 길이"
오버핏 생각하고 샀는데 살이 많이 쪄서 정 사이즈 느낌이네요 옷은 너무 이쁩니다 제가 하체비만이 고 상체는 한 키로 정도 체형인지라 엑스라지 기준 키로 정도 되시면 정 사이즈 나올 거 같고 키로 중반 정도면 오버핏 괜찮게 나올 거 같애요 그리고 왜 인진 모르겠는데 검정보다 흰색이 한 느낌입니다,"체형 인지, 흰색, 엑스, 하체 비만, 사이즈, 검정"
옷이 좀 두껍고 세탁하면 옷이 좀 많이 줄어 들어서 몇 번 입고 안 입게 돼요,"세탁, 줄다, 들어서다, 두껍다, 돼다"
가성비 젛구요 그렇다고 꼬도 않네 여 좋아 영,"가성비, 젛구, 꼬"
상체 발달형 엑스라지 하고 깔끔하게 여름 준비 완료,"엑스, 상체, 발달, 완료, 준비, 여름, 깔끔하다"
색이 선명하고 밝아요 시원해서 여름에 입 기 좋을 거 같아요,"선명하다, 시원하다, 색, 여름, 밝다"
후기 작성만 한다고 대충 입고 사진 찍었더니 스타일이 이 상한 데 굉장히 편하고 스타일 하기 편할 것 같습니다,"편하다, 스타일, 작성, 상한, 스타일, 편하다, 사진, 대충"
로고 크기 적당하고 두깨도 얇아서 여름에 입 기 너무 좋아요 마감도 좋고 전반적으로 만족합니다,"만족하다, 적당하다, 전반, 마감, 로고, 여름, 크기"
엠 사이즈라 조금 클까 걱정했는데 기장도 원하는 엉덩이 다 덮는 정도로 오고 핏도 박시한 게 제가 원하던 느낌이라 마음에 들어 효,"엉덩이, 사이즈, 박 시한, 원하다, 기장, 오다, 원하다"
하나만 사는 거라고 생각했는데 두개와 서 오히려 좋았고 막 집어 입기에 무난하고 딱 좋아요,"하나, 살다, 개, 집다"
깔끔하고 가성비가 좋습니다 원단도 좋습니다 굿,"원단, 가성비, 깔끔하다"
고민하다 했는데 총장이 조금 아쉽지만 팔이 워낙 길게 나온 터라 이었으면 팔꿈치까지 닿을 뻔 했네요 옷 품질은 좋습니다,"총장, 품질, 고민, 팔이, 길다, 터, 나오다, 워낙"
옷이 어떤 옷에 든 맞아 입기 좋고 색깔이 깔끔해 어디서든 입고 싶습니다,"서든, 어떻다, 싶다, 색깔, 맞다"
티셔츠 자체도 예쁜데 예일 로고가 예뻐서 샀어요,"자체, 티셔츠, 로고, 예일"
좋아 용 완전 휘뚜루 마 뚜루템 할인할 때 후딱 사 서 넘 좋아 여,"할인, 휘뚜루, 뚜루템"
원단 하고 가볍게 입 기 좋아용 안에 비침도 없습니당,"가볍다, 비치다, 원단, 없다 니당다"
단색으로 깔끔하고 입을 때 느낌도 좋네요 흰색 옷은 구김이 살짝 보이긴 합니다 사이즈는 딱 맞았습니다,"사이즈, 단색, 흰색, 구김, 보이다"
큰 사이즈로 샀는데 생각했던 것과 같아서 좋았어요,사이즈
기본템으로 좋습니다 배송도 빨랏고 핏 좋아요 길이 통 도 적당합니다,"적당하다, 배송, 길이, 빨랏"
일단 핏은 은 거 같습니다 다음에도 많이 구매하겠습니다,핏
처음 예일 제품 구매한 이후로 믿고 샀는데 만족입니다,"만족, 이후, 처음, 제품, 예일, 믿다"
반팔이지만 조금 두껍습니다 여름에 통이 큰 바지랑 입우면 잘 어 울릴 것 같슺니 다,"팔이, 바지, 통, 울리다, 여름, 두껍다, 같슺"
총장 길이가 안길 고 적당하니 예쁘네요 또 사고 싶네요,"적당하다, 길이, 총장, 안길, 사고, 싶다"
그냥 기 본티로 가성비 좋은 거 가타요 면이라 한번 빨래하니까 줄더라고요 담엔 한 사이즈 업해서 사야 할 듯,"가성비, 주다, 업, 티, 한번, 사이즈, 가타, 담"
봉제도 깔끔하고 비치는 소재도 아니여서 편하게 잘 입고 다닐 거 같아 요 가성비,"가성비, 아니다, 봉제, 소재, 비치다, 편하다, 깔끔하다"
여름 티셔츠 구비 완료 큰 기 대 안 했는데 만족하고 갑니다,"티셔츠, 만족하다, 완료, 구비, 가다, 여름"
첨에 싸이즈 때문에 고민했는데 하길 잘했어요 길이 품 목 둘레 다 적당하고 잘 맞아요 체육복 안에 입어도 괜찮습니다 잘 입을 게요,"적당하다, 체육복, 싸이, 길이, 첨"
사이즈랑 핏이 너무 예뻐요 여름에 하나만 딱 입으면 예쁠 옷,"사이즈, 여름, 하나, 핏"
여름 때까지 편하게 입을 수 있을 것 같아 요 일반 사이즈 보단 오버핏입니다,"편하다, 사이즈, 일반, 여름, 오버핏"
싸게 잘 산 거앝아요 심플하고 사이즈도 딱 맞고 좋아요,"심플, 사이즈, 싸다, 맞다, 거앝아"
예일 반팔티는 언제나 이 뻐용 잘 입고 다니겠습니다,"티, 예일, 뻐용"
크기 적당하고 넣어 입기도 빼서 그냥 입어도 좋아요,"적당하다, 크기, 빼다, 넣다, 그냥"
기준으로 사진처럼 기장 나옵니다 입기 좋은 기본티예요,"사진, 기준, 기장, 나오다, 티"
로고나 캐릭터 없이 이 쁘고 레터링도 꽤 이 뻐서 마음에 드네요,"레터 링, 캐릭터, 로고"
재질도 한 거 같고 뮤난하게 코디하기 좋은 거 같아 요 솔직히 가성비 갑인 거 같아요,"솔직하다, 가성비, 재질, 코디, 뮤 난하다, 갑인"
생각보다는 큰데 남여 공용 사이즈라고 생각하면 나쁘지 않아 요 편합니당,"편하다, 공용, 사이즈, 남여, 크다, 나쁘다"
무난무 난합니다 하얀 티는 앙저 꼭 띠가 좀 보이긴 하는데 안에 이너로 입어야겠네요,"난하다, 무, 보이다, 티, 하얗다"
옷도 예쁘고 사이즈도 잘 맞고 좋습니다 추천합니다,"추천, 사이즈, 맞다"
너무 이 뻐서 자주 입고 있습니다 좋아요 최고에요,최고
제 체형에 딱 맞는 사이즈네요 길이는 생각했던 거보다 조금 길어요 바지 안에 입으면 상관없을 듯해요,"체형, 사이즈, 길이, 바지, 상관없다"
색도 맘에 들고 일단 원단 퀄리티가 남 다르네요 정말 하고 얇은 느낌이라 여름에 입기 좋을 거 같아요,"퀄리티, 원단, 여름, 다르다, 색도"
세일로 저렴하게 잘 산 거 같아 요 핏이나 질 모두 만족합니다,"만족하다, 저렴하다, 일로, 핏"
박시하게 입을 수 있어 좋아요 너무 예뻐서 만족합니다 기준 엉덩이 다 덮어요,"엉덩이, 만족하다, 박다, 기준, 덮다"
코튼이라 샀는데 만족스러워요 질도 좋고 예일 영어가 자수로 박혀 있어서 더 예쁜 거 같네요,"영어, 만족스럽다, 코튼, 자수, 질도, 박히다, 예일"
두께감도 좋고 핏이 예뻐용 가격도 저렴해서 완전 추천입니당,"추천, 저렴하다, 가격, 핏, 두께 감다"
여름에 반 팔 사야 할 때 한번 사봐도 나쁘지 않음 배송도 빨라서 굿,"배송, 사보다, 한번, 여름, 나쁘다"
나쁘 지 엑스 해용 싼데 셔츠 두장이고 핏도 해서 가성비 지대루,"가성비, 엑스, 셔츠, 대루, 싸다, 핏, 나쁘다"
실물로 보니 옷이 생각보다 큽니 다 어깨 좁으신 분들은 옷이 많이 늘어질 수 있을 것 같습니다 하지만 옷 자체는 검은색 흰색 둘 다 이 쁘기 때문에 사이즈 선정만 잘 한다면 이쁘게 입을 수 있겠습니다,"선정, 실물, 사이즈, 좁다, 늘어지다, 흰색, 검은색"
적당히 얇고 소매 두께도 적당해서 튀어나오지 않고 핏이 좋아요 팩이라 가성비도 매우 좋은 거 같고 만족 중입니다,"적당하다, 적당하다, 가성비, 중, 만족, 팩, 소매, 핏, 튀어나오다"
원단이 하고 비침 없이 가 벼워서 좋아요 포인트 로고가 귀엽고 어디에나 매칭하기 쉬운 기 본티라서 입고 다니기 좋아요,"매칭, 원단, 티, 벼워, 로고, 포인트, 비치다"
화이트 색상으로 단품샀다가 넘 이 뻐서 셋트로 또 구입했어요 깔끔하니 너무 이쁘네용,"색상, 화이트, 셋트, 품, 깔끔하다"
기장감이 좀 길긴 한데 전체적으러 예쁘고 자주 입어요,"전체 적다, 기장, 길다"
세탁 후 많이 줄어 들긴 하는데 가격 대비 좋은 상품인 거 같습니다,"상품, 가격, 세탁, 줄다, 대비"
가격도 너무 싸고 옷도 너무 이 쁘고 편하고 좋네요 만족합니다,"만족하다, 편하다, 가격, 싸다"
인데 크기 적당하고 비침도 생각보다 별로 없고 소재도 좋아용,"적당하다, 소재, 비치다, 별로, 크기, 없다"
일단 제방이 돼지 우리라서 가렷 구요 옷 설명할게요 일단 이뿝니다 이 뻐요 특히 흰색 안색이 밝아 보이게 해주는 군요 그리고 두개 다 아무 때나 입을 수 있습니다 매우 좋아요 그리고 저 쬐깐 한 예일 가 매우 치명적입니다 조 거팬츠랑도 어울리고 데님도 어울리고 다 잘 어율려요 그냥 다 해 아 근데 리를 빗 주의할 점은 남이 환불하거나 교환한 옷 받을 수도 있고 실밥 조금 붙어서 옵니다 람쥐 그 래서 저도 검은색은 목이 좀 하고 흰색은 목이 하더라구 용 근데 이쁘니까 괜찮구요 세탁은 아직 안 해봣는데 줄어들 거 같긴 한데요 하지만 이 가격이면 재구매도 해볼 만해서 괜찮습니다 일단 사고 안 맞으면 환불하면 되자나요 그니까 사고 생각하십쇼,"치명, 만해, 쇼, 안색, 어울리다, 흰색, 가격 이면, 검은색, 환불 거나, 팬츠"
속안비치고 무난해 요 근데 흰색이 흰색이랄까 그런 느낌이라 인상이 환해 보임 여 기본템으로 아주 좋습니 두 개에 이 정도면 담에도 또 살 듯 세탁은 아직 안 해봤어요 아그리고 특이점이 있다면 흰색은 목이 좀 한데 검정은 이미 늘어져 있는 느낌 그리고 실밥도 리를 빗 나오긴 합니다 아마 누가 입 다가 환불한 거 받은 듯해 여 그래도 머 입겠습니다,"흰색, 안비, 흰색, 특이점, 목, 인상, 검정, 실밥"
옷 사이즈 딱 알맞게 예쁘게 맞아요 요즘 오버핏 많아서 정 사이즈로 입 기 어려웠는데 알맞게 맞아서 너무 좋아요,"사이즈, 사이즈, 오버핏, 어렵다, 알맞다, 맞다"
원래 사려다가 리뷰 보고 좀 커 보이길래 샀는데 딱 맞고 크지 않아서 좋아요,"보이다, 크다, 원래, 리뷰, 보고, 맞다"
오버핏 느낌 나 고 흰색은 좀 비침이 있어요 기본티로는 그냥 무난해요,"티, 흰색, 비치다, 오버핏, 그냥"
그냥 입기에 좋네요 그리고 옷도 비치지 않아서 좋은 거 같아요,"비치, 그냥"
크기가 클거 같았는데 입고 나니까 그다지 크게 느껴 않았어요,"크다, 크기, 크게, 그다지, 느끼다"
깔끔하고 예쁩니다 할인해서 싼 가격에 얻어서 좋았고 예약 배송이라서 늦게 받았지만 만족스러워요,"만족스럽다, 배송, 할인, 가격, 얻다, 받다, 늦다, 깔끔하다"
한 체형에도 여성분이면 사이즈 해요 네이비 색상 보유 중이라 세일하면서 화이트 블랙 재 구매했는데 만족합니다,"성분, 세, 체형, 만족하다, 색상, 사이즈, 중이, 네이비, 보유"
면수라서 세탁해도 보풀 안 생겨요 그러나 자연 건조로 말렸는데도 조금 줄기는 해요 첫 세탁 시 옷은 검정 흰색 세트로 편하게 입기 좋아요,"생기다, 수라, 세탁, 건조, 검정, 편하다, 흰색, 세트, 자연, 줄기"
옷이 이 뻐서 좋지만 사이즈가 조금 큰 것 같아서 아쉬웠네요,"사이즈, 아쉽다"
면 소재는 좋습니다 다 만 사이즈가 꽤 크네요 평소 사이즈 입으시면 으로 충분할 거 같습니다 전 그냥 교환 귀찮아 박시하게 입을 려구요,"박다, 크다, 사이즈, 려구, 사이즈, 충분하다, 평소, 소재"
블프 행사 기간이라 배송이 많이 느릴 줄 알았는데 배송도 괜찮고 좋은 가격에 좋은 제품 잘 받았습니다,"배송, 배송, 행사, 가격, 기간, 느리다, 블프, 제품, 알다"
면재질이고 기본티 입니다 그냥 막 입 기 좋고 가격도 착해서 좋아요 여름엔 거추장 한 거 싫어해서 주구장 창 기본 데일리 옷 즐겨 입을 거 같아 요 저번에 구매 했는데 실용적이라 또 구매 재구매 했어요,"재질, 실용, 추장, 구장, 착하다, 재다, 저번, 기본 티, 가격"
믿고 사는 예일산 다음날 할인해서 뼈 아픈 거 말곤 최고,"살다, 날, 할인, 말다, 아프다, 최고, 일산, 믿다"
단정하게 입고 나가거나 편하게 입을 때 쓰면 좋아요 두께감이 조금 있는 편이다 저렴한 가격에 고급스러운 재질을 보여준 다 핏이 딱 떨어져 깔끔하다,"단정하다, 고급스럽다, 편하다, 저렴하다, 재질, 보여주다, 편이, 가격"
저렴한 가격으로 산 옷처럼 보이지 않아 요 어깨까지 쭉 되어 있는 백넥테이핑으로 많이 세탁하면서 변형될 걱정은 안 해도 될 것 같아요 두께감은 조금 있는 편이라고 느꼈어요,"백넥테이핑, 걱정, 세탁, 편이, 저렴하다, 가격, 보이지, 해도"
별 기대 안 했는데 너무 예뻐요 일반 반팔 티보다는 약간 한 소재 같았어요 사이즈는 좀 작게 사는 게 좋을 것 같아 요 평소 사이즈 입어서 로 구매했는데 좀 커요,"사이즈, 티, 사이즈, 살다, 일반, 크다, 소재, 기대"
사이즈는 생각했던 거 보다 컸어요 완전 얇은 소재는 아니고 반팔치고는 조금 두께감이 있었어요 여름에 휘뚤마뚤 입을 수 있는 기본티가 없어서 급 구매했는데 알바할 때나 운동 갈 때 나 잘 입고 다닐 거 같아 요 세일할 때 잘 구매한 거 같아 요 이 가격에 티 개는 아주 좋은 거 같습니다 그리고 배송도 하루 만에 바로 와서 아주 만족입니다,"만족, 팔, 사이즈, 소재, 운동, 아니다, 오다, 배송"
좋은 가격에 기 본템 잘 받았습니다 깨끗하고 좋네요,"가격, 받다, 깨끗하다"
일단 생각보다 크고 그렇게 두껍지 않아서 좀 흘러내리는 느낌이에요 참고하 세용,"참고, 흘러내리다, 세용, 크다, 두껍다"
걍 그래요 보 세티랑 다를 거 별로 없고 목이 조금 더 넓엇으면 예뻣을 거 같아요,"세티, 목, 그렇다, 다르다, 별로, 예뻣, 없다, 넓엇으"
항상 반팔 목 늘어나는 것 때문에 엄청 고민하고 시켰는데 너무 만족해요 빨래를 하고 건조기를 돌려도 크게 변형되지 않고 목도 안 쭈굴해지고 하고 해서 정말 좋아 욥 재구매 해야겠어요,"만족하다, 고민, 건조기, 항상, 목도, 재다"
투펙이라 가격도 합리적이고 깔끔한 핏도 맘에 드네요,"합리, 투펙, 가격, 핏, 깔끔하다"
너무 얇지도 두껍지도 않습니다 배송 빠르고 가격도 맘에 드네요,"가격, 배송, 빠르다, 두껍다, 얇다"
덩치가 커서 할까 고민했는데 하면 살짝 큰 정도입니다 한 여름에도 가능할 듯 합니다,"가능하다, 덩 치가, 커서, 여름, 고민"
딱 핏되게 맞아서 좋아요 기장도 크롭 아니라 좋아요,"크롭, 아니다, 기장, 맞다, 핏되"
면재질이고 기본티 입니다 그냥 막 입 기 좋고 가격도 착해서 좋아요 여름엔 거추장 한 거 싫어해서 주구장 창 기본 데일리 옷 즐겨 입을 거 같아 요,"재질, 추장, 구장, 기본 티, 가격, 착하다, 일리, 즐기다, 기본"
로고가 딱 적당하게 있어서 이 쁘고 사이즈도 크지 않고 딱 적당합니다 잘 산 것 같네 여,"적당하다, 적당하다, 사이즈, 로고, 크다"
예일티만 계속 입어 요 깔끔해요 이 뻐요 두말 않고 재구매 합니다,"재다, 말, 티, 깔끔하다, 계속"
기본 티인데 하고 적당히 두께감도 있어서 모양 유지도 잘 되고 비침도 없어요 사이즈도 한 편입니다,"편입, 적당하다, 유지, 사이즈, 비치다, 티, 기본, 없다"
여자 신체 스펙 저랑 비슷하면 젤 작은 사이즈로 가는 게 젤 이 쁜 거 같은데요 루즈핏 말고 스탠다드 핏 좋아하면 추천입니닷,"사이즈, 스탠다드, 신체, 여자, 작다, 가다, 추천 닷, 좋아하다"
이번에 무신사 반팔 많이 샀는데 제일 재질이 좋은 것 같아 요 해서 세탁해도 많이 안 늘어남 제 기준 엉덩이 다 덮고 적당한 오버핏이어서 조아 요 대신 팔 부분이 제 팔꿈치 덮을 정도로 길어서 접어 입으먼 더 예쁜 편인 것 같아 요 세트로 팔아서 덕분에 반 팔 쟁엿어요 많이 파세요,"엉덩이, 접다, 적당하다, 멀다, 재질, 세탁, 파다"
아주 옷이 이 뻐요 사이즈도 괜찮고 옷감도 좋아요,"사이즈, 옷감"
비침 없고 좋습니다 단독으로 입기도 좋고 안에 이너티로 입어도 좋아요 만족합니다,"만족하다, 티, 단독, 비치다, 없다"
마른 체형인데 그래도 살짝 오버 사이즈에 요 참고하 세용,"체형, 세용, 사이즈, 오버, 마르다, 참고"
전처적으로 만족 합니다 크기도 좋구 색감도 선명하고 배송도 매우 빨라서 너무 좋습니다,"선명하다, 처, 크기, 만족, 배송, 색감"
원단도 괜찮고 할인해서 구매했는데 만족합니다,"만족하다, 원단, 할인"
사이즈도 꽤 해서 여성분들은 웬만 하면 사이즈 입는 게 좋을 거 같아 용 두께도 너무 드껍지 않고 딱 젛습니당,"여성, 사이즈, 사이즈, 젛습니당, 웬"
기본 티 구입하고 싶어서 투팩이라 당장 구매했어요 일단 저는 키에 가슴 컵 뇨자인데 히 잘 맞습니 당 길이도 길고요 루즈해서 위에 남방 걸쳐 입으니 이 쁘더라고요 재질도 적당히 두꺼워서 오래 입을 것 같습니 당 몇 장 더 구입하고 싶어요,"적당하다, 걸치다, 루즈, 재질, 투팩"
사이즈가 딱 맞는 것 같아 요 흰색 티가 살 비치는 것도 없고 가성비 있게 팩으로 예일 티 사서 여름 잘 입을 것 같아 요,"가성비, 사이즈, 비치다, 사서, 흰색, 티, 팩, 여름"
천도 적당하고 여름 내 잘 입을 거 같아 요 세탁 후 변형만 없다면 최고가 될 듯해요,"적당하다, 변형, 세탁, 천도, 여름, 없다, 최고"
두께도 얇지 않으면서 부드러워요 길이도 너무 길지 않아 키가 작은 사람에게도 잘 맞아요,"사람, 부드럽다, 길이, 길다, 키, 작다, 얇다"
역시 믿고 사는 예일이네요 좀 오버핏 한 느낌이 있어서 크긴 해서 원래 입던 사이즈보다 한 치수 낮춰서 사면 좋을 듯요,"사이즈, 사면, 크다, 살다, 원래, 치수"
건조기를 돌렸더니 옷이 줄었네요 건조기 절대 돌리지 마세툐,"건조기, 건조기, 돌리지, 마세툐, 절대, 줄다, 돌리다"
핏 색상 디자인 이 박자가 잘 어울려 너무 만족합니다,"만족하다, 색상, 디자인, 박자, 어울리다"
말할 것도 없이 정말 이쁩니다 그냥 기 본티로 입 기 무난합니다 재질도 좋고 사이즈도 괜찮고 만족합니다,"만족하다, 말, 사이즈, 재질, 티"
기본으로 받쳐 입는 티셔츠로 괜찮음 여름부터 가을까지 신나게 입고 다녔는데 역시 몇 번 빨고 나니까 색감이 좀 빠지는 건 어쩔 수 없지만 가격 대비 이 정도면 년 입고 다니기에는 부족함이 없음 사이즈 정 사이즈,"신나다, 사이즈, 색감, 부족함, 티셔츠"
옷 가성비 좋고 예뻐요 어떤 말이 더 필요할지 모르겠는데 암튼 무난하고 예쁨,"필요하다, 가성비, 말, 어떻다, 모르다"
디자인이 상당히 이뻤 다 색감은 되게 선명했다 합리적인 가격이다,"합리, 상당하다, 디자인, 가격, 색감, 선명하다"
넘 큰티들만 많아서 핏한 티가 필요해서 구매했는데 면도 좋고 이너로 입기에 안성맞춤 입니다,"필요하다, 크다 티, 면도, 티, 핏, 안성맞춤"
전번에 블랙 화이트로 구입하고 너무 맘에 들어 추가로 구매했어요 원단이 해 너무 맘에 들 구요 두깨감 있는 원단이라 레이어드용으로 딱입니다 한 여름엔 더워 못 입구 간절기엔 단독으로 입어도 참 멋으러 운 티셔츠입니다,"티셔츠, 원단, 원단, 레이어 드용, 덥다, 간절, 단독"
여기저기 코디해서 입기 좋아요 만능 티셔츠 입니다 면 재질도 아주 좋아요,"여기저기, 코디, 티셔츠, 재질, 만능"
옷의 품질이 너무 좋습니다 옷도 하구요 감사합니다,품질
적당히 색감 좋고 사이즈도 딱 맞습니다 특히 디자인이 맘에 듭니다 가 성비,"적당하다, 사이즈, 성비, 디자인, 색감, 듭니, 맞다"
반팔티가 목이 해서 세탁해도 변형 없을 것 같은데 장점입니다 그리고 색감도 노란끼 없는 화이트라 좋네요,"티, 세탁, 장점, 화이트, 변형, 목, 색감"
무난하게 입 기 좋은 거 같아 요 크지도 작지도 않고 적당해요,"적당하다, 크다"
이너로 받쳐 입기 좋아요 옷도 한 원단 임 잘 입고 다닙니다,"원단, 받치다"
배송도 빨랐고 두장을 같이 사는 거라서 더 맘에 드네요 변형 없구 옷도 하고 좋았어요 많이 입을 것 같아요,"변형, 배송, 살다"
제가 원래는 패션에 관심이 없었는데 요즘 관심이 생겨서 기 본탬으로 입문하려고 이 상품을 샀습니다 사서 입어보니 너무 잘 어울리고 다른 와이드 청바지나 카고 팬츠랑도 잘 어울렸습니다 혼자 써도 되지만 후드티에 레이어드를 하면 좋을 것입니다,"입문, 팬츠, 와이드, 생기다, 어울리다, 관심, 입어보다, 상품, 청바지, 패션"
사이즈도 무난하고 이쁩니다 가격 대비 너무 좋아요 여러 벌 쟁여두려 구요,"쟁 두다, 사이즈, 여러, 가격, 대비"
어디에나 받쳐 입 기 좋은 디자인의 반팔이어서 좋습니다 여름에 특히 잘 입을 수 있을 것 같아 요 목이 한 편이라 잘 늘어나지 않을 것 같아요,"팔, 디자인, 늘어나다, 편이, 목, 여름"
가성비 세미 오버핏 두팩에 너무 잘 입고 있습니다,"가성비, 팩, 세미, 오버핏"
예일 로고만 깔끔하게 적혀 있는 기 본 티라 휘뚜루 마 뚜루 입 기 너무 좋아요 제가 물건 아무리 좋아도 똑같은 거 안 사는 편인데 이 티는 작년 여름에 사고 올해 여름에도 재구매한 제품이랍니다 남자친구한테까지 선물해줬는데 잘 입고 다니더라구 요 기 본티 찾으신다면 추천드려요,"제품 랍니, 추천 드리다, 물건, 재, 구, 살다, 올해, 작년"
크게 입으려 삿는데 생각보다 너무 커요 반품비 땜시 걍입고 사이쥬 작은 걸로 주문하려니 품절 언제 입고되려나,"쥬, 크다, 크게, 반품 비, 걸, 주문, 품절"
소매길이가 제일 아쉬워요 루즈도 스탠다드도 아닌 너낌,"길이, 스탠다드, 루즈, 아니다, 제일, 아쉽다, 낌"
디자인도 예쁘고 핏도 조금 크긴 엄청 큰 건 아니라 괜찮음 근데 두꺼웁니 당 얇지 않아서 그거 생각하고 사시 길 좋아 영,"디자인, 크다, 그거, 사시, 아니다, 핏"
사이즈 딱 엉덩이 선 까지 옵니닷 팔이 많이 깁니 닷 그냥 질 좋은 반팔티 같슴닷,"엉덩이, 티, 사이즈, 팔이, 옵 닷, 그냥"
싸게 잘 샀어요 여름 다 지나가지만 이너로도 활용 가능할 꺼 같아 요 이쁩니다,"가능하다, 지나가다, 싸다, 여름, 활용"
기본 티 필요해서 구매했는데 사이즈 생각보다 해서 좋았고 색상도 흰 검으로 무난해서 좋았습니다,"필요하다, 색상, 사이즈, 검, 기본"
기본템으로 자주 입을 거 같습니다 심플 이즈 베스트,"심플, 베스트, 이즈"
세일할 떄 삿습니다 믿고 쟁여놓는 에 일 기본 티셔츠라 말할 것 없이 너무 만족합니다,"만족하다, 일, 티셔츠, 말, 기본, 쟁 놓다, 삿습니, 믿다"
저렴하게 잘 샀어요 휘뚤마뚤 잘 입을 게요 재질이 좋아요,"저렴하다, 재질, 휘뚤마뚤"
사이즈는 한 치수 작게 사도 은데 이 사이즈도 아요 디자인은 무난 쓰 근데 생각보다 살짝 두거워서 더울 수도,"사이즈, 사이즈, 거워, 디자인, 덥다, 사도, 수도"
옷 별 루 완 전 별 루 핵벼루 한 번 빨었던 니 못 다 늘어져 있고 한 번 입으면 바지에 옷 털들이 다 묻어 있고 팔 들면 진짜 겨드랑이 다 보이고 팔을 들 수가 없는 디자인입니다 레이어드 용도 안 됩니다 싼 값 하네요,"디자인, 겨드랑이, 늘어지다, 바지, 털, 보이, 레이어 드, 용도"
소매는 큰데 기장이 짧아요 랑 중에 고민했는데 어느 정도 가리는 기장이 좋으시면 구매하세요 사진 속 얼룩은 카메라에 뭐가 묻은 거에요,"얼룩, 기장, 카메라, 소매, 가리다, 사진, 크다"
마음에 딱 들어 요 색깔도 괜찮고 사이즈도 괜찮고 착용 감도 편하고 무게도 가볍습니다 스타일링은 무난하게 다 어울리는 편입니다,"어울리다, 가볍다, 편입, 사이즈, 무게, 스타 일링, 편하다"
너무 만족했습니다 좀 커서 속상했지만 좀 작은 사이즈로 재구매 할 생각이 있습니다 고민 말고 사세요 진짜 이건 갓성비,"사이즈, 이건, 고민, 재다, 커서, 작다"
한여름 반팔 옷 치고는 생각보다 두꺼운 편 이었어요 그러나 그냥 집 앞에 간편하게 나갈 때나 급히 대충 입을 때는 정망정 말 좋은 옷 이에 요 예일 로고도 많이 크지도 작지도 않아서 딱 좋고 원단도 해서 속 비침이 크거나 하지도 않구 요 사이즈도 딱 적당했습니다,"사이즈, 크다, 정 망정, 비치다, 간편하다"
배송 빨라 요 아이 주려고 산거에 요 사이즈 잘 맞네요 잘 입겠습니다,"사이즈, 려고, 배송, 빨르다, 맞다"
전체적으로 좋았어요 포장도 포장돼 어 있었어요 어떤 코디에도 괜찮은 거 같네요 번창하세요,"번창, 전체, 포장, 코디, 포장 돼다, 어떻다"
진짜 맘에 들고 이 가격에 이 정도면 너무 이득이네요 또 구매할 예정입니다,"이득, 가격, 예정"
사이즈 생겼길래 구매해봤는데 저렴하게 잘 산거 같아 요 딱 깔끔한 기 본티라 편하게 입 기 좋아요,"저렴하다, 편하다, 사이즈, 티, 생기다, 깔끔하다, 해봤다"
여름에 입을 긴 셔츠가 필요 했는데 사이즈도 적당하고 핏도 좋고 시 원합니다스타일링 하기에도 좋아요,"원하다 스타 일링, 적당하다, 셔츠, 사이즈, 필요, 여름, 핏"
포장 합니다 배송 빠릅니다 가격 괜찮습니다,"포장, 가격, 배송, 빠르다"
변형 진짜 심하고 건조기 돌리지 마세요 진짜 다시는 못 입을 옷이 됩니다,"건조기, 변형, 돌리지, 심하다, 말다, 다시다, 되다"
좋아요 적당한 크기의 로고와 부드러운 원단이에요,"원단, 크기, 부드럽다, 적당하다, 로고"
인데 하고 이 쁘고 이 뻐요 다음에 또 재구매 할 거 같은 그런 옷,"그렇다, 재다"
편하게 입고 있어요 하게 입고 있구요 면도 해요 약간 두깨감 있어요,"편하다, 면도, 깨감"
아들이 사달라고 해서 사 줬습니다 만족하고 입고 다니네 요핏도 이 쁘긴 한데 여름옷치곤 약간 두꺼운 느낌이랄까요,"아들, 만족하다, 달라, 주다, 요핏, 여름 치다"
할인행사해서 샀는데 사이즈도 적당하고 이 뻐요,"할인 행사, 적당하다, 사이즈"
예일 반팔 으로 받았는데 색감이나 원단 등 굉장히 좋은 것 같습니다 가격도 저렴하고 기본티로 추천 합니다 배송도 굉장히 빠르고 좋은 것 같아요,"색감, 가격, 저렴하다, 배송, 추천, 원단, 티, 팔"
딱 생각했던 핏 그대로 나오고 정 사이즈 가시면 될 것 같아요,"가시, 사이즈, 나오다, 그대로"
큐티 해용 남친이랑 커플 커플로 맞췃거 등 요 이면 조금 클 고에 용 다들 커플티로 마추세,"커플티, 커플, 커플, 큐티, 남친, 마 추세, 이면"
일단 옷은 좋다 색감도 밝고 검은색 하 양색 그리고 사이즈도 내가 원하던 사이즈 다 디자인도 예쁘다,"사이즈, 디자인, 색감, 사이즈, 원하다, 검은색, 내"
면이 일반 티 보다 두꺼워서 한 여름엔 입지 마세융 옷 변형도 잘 안 되서 좋구 염 남찡구랑 커플로 맞췃는데 조아용,"말다 융, 변형도, 커플, 입지, 여름, 일반, 맞췃는데"
색깔이 사진보다 실물이 훨씬 선명합니다 두께도 얇지는 않아서 비치 지도 않아 요 가격도 할인할 때 사서 가성비도 좋았어요,"가성비, 선명하다, 사진, 실물, 할인, 가격, 사서, 비치"
기본템으로 갖기 좋은 흰색 옷과 검은 옷 여기서 사세요 가 성비 좋아연,"성비, 흰색, 검다, 아연, 갖다"
원단도 하고 편하게 입을 수 있어서 정말 강 추하는 티셔츠입니다 재구매할 정도로 만족도가 높습니다,"티셔츠, 만족도, 원단, 재다, 추하다, 편하다"
오버핏으로 편하게 입을 수 있어서 좋아요 그런데 주변에 이 옷 산 사람이 너무 많아서 좀 민망해요,"민망하다, 편하다, 주변, 사람, 오버핏"
색깔도 이 쁘고 배송도 빠르고 사이즈도 적딩해요,"적딩해, 사이즈, 배송, 색깔, 빠르다"
이 뻐용 근데 세탁하고 건조기 돌리면 목 쪽이 쪼그라듬 근데 핏이 어 정쩡 해서 저는 별로 에 여 근데 가성비는 좋음 배송도 생각보다 빨리 와서 좋았어요,"건조기, 세탁, 가성비, 배송, 돌리다, 오다, 별로"
조금 한 편인데도 핏이 좋고 디자인 깔끔하고 무난해서 어느 때나 입어도 좋아 요색감도 선명하고 배송도 빠르고 세탁 후 변형도 없어서 추천해요무엇보다 가격이 저렴하지만 원단이 좋아요,"저렴하다, 선명하다, 색감, 원단, 변형도, 가격, 펴다, 디자인"
몇 번 세탁해도 합니다 흰색 검은색 둘 다 잘 입고 다녀요,"세탁, 검은색, 흰색"
여름에 입기엔 살짝 더 운감이 있는데 오버사이즈로 입을 때 팔 소매 두 번 접고 입으면 정말 귀욤귀욤해요,"오버 사이즈, 접다, 여름, 운감, 소매"
너무 편안하고 색도 좋고 사이즈도 좋습니다 구매를 고민하신다면 무조건 구매하라고 추천할 것입니다,"고민, 편안하다, 무조건, 추천, 사이즈, 색도"
그냥 딱 기 본티로 깔끔하니 편하게 손 믾이 가는 옷인 거깉아요 심플이즈 더 베스트 이 말이 딱 어울리는 옷인 거 같아요,"어울리다, 심플 이즈, 티, 말, 편하다, 가다, 믾, 깔끔하다, 그냥"
일단 두께는 두꺼운 거 같구 이니 가성비는 좋은 거 같아 요 그리고 크게 나왔으니 한 사이즈 적게 사시면 좋을 거 같네용,"가성비, 사이즈, 사시, 적다, 크게"
색도 사이즈도 다 좋은데 입을 때 머리 넣는 부분이 왜 케작아 여 내 머리가 큰 건가 머리 넣기 힘들어 여 화장하고 입으면 난리 날 듯 겨드랑이 부분에 실밥이 뜯어져 있더라구 여 한 번 빨구 확인해서 걍입을 게여,"확인, 화장, 겨드랑이, 실밥, 머리, 사이즈, 머리, 색도"
제가 원하 눈 것보다 기장이 조금 짧게 느껴 저서 다시 사면 을 사고 싶네요 그래도 이 쁘고 무난하게 입기 좋습니다 아 그리고 조금 두께감이 잇어서 흰색 티도 거의 안 비쳐요,"기장, 비치다, 흰색, 저서, 사면, 사고"
두께가 꽤 있어 여름에 입기는 더울 것 같습니다 저렴한 가격에 잘 구매했습니다,"저렴하다, 가격, 여름, 덥다, 두께"
그냥 아무 바지랑 입어도 잘 어울리고 목도 한 게 딱 제가 원했던 스타일입니다,"스타일, 어울리다, 바지, 목도, 원하다, 그냥"
색은 완전 검은색 그 자체 구요 살까 살까 고민하다가 샀는데 좀 크네요 팔 길이는 적당한 데 밑 기장이 좀 많이 길었어요 그래도 깔끔하고 이 뿌여,"적당하다, 고민, 기장, 검은색, 색, 길이, 자체"
믿고 입는 예일 디자인도 심플하고 배송도 빨랐습니다 원단도 좋고 여러모로 만족합니다,"만족하다, 디자인, 원단, 심플, 배송, 모로, 예일, 빨르다"
옷이 생각보다 두툼해요 저는 얇은 여름 옷이라고 생각하고 구매했는데 살짝 덥긴 했어요 봄 가을에 입어도 좋을 것 같아 요 색감은 화면이랑 똑같고 디자인은 깔끔하고 사이즈는 딱 적당했어요 장에 이 가격이면 브랜드 옷 치곤 꽤 합리적이지 않나 무지 티라서 스타일링은 무난하게 가능합니다 배송은 금요일에 시켜서 화요일에 왔어요,"화면, 가격 이면, 화요일, 두툼해, 가능하다, 배송, 합리"
너무 편하고 로고도 작으면서 심플해서 진짜 마음에 들어서 몇 벌 더 사려고 합니다 여름에 가볍게 입고 다니기 좋아요,"심플, 작다, 들어서다, 사려, 편하다, 가볍다"
무난무난하게 입 기 좋은 티고 아무 바지나 매칭해도 잘 어울려 요 구겨짐이 좀 있지만 아주 좋습니다 다음에도 사고 싶네요,"매칭, 어울리다, 구기다 짐, 사고, 바지, 티"
아주 한 재질이고 더운 여름 날에도 달라붙지 않게 펑 퍼짐하게 입을 수 있어서 좋아요 세탁해도 줄어 듦이 없고 잘 입고 다닙니다,"재질, 덥다, 줄다, 퍼지다, 세탁, 날"
디자인도 무난하고 이여서 가성비도 좋습니다 잘 산 거 같아요,"가성비, 디자인"
세일할 때 사 서 기존 가격보다 싸게 살 수 있어 좋았습니다 예일티 처음 사보는데 재질도 좋고 정말 괜찮네요,"일, 가격, 재질, 사보다, 기존, 처음, 싸다"
무난하게 예쁘고 깔끔합니다 로고가 작게 박혀 있어 아무옷에 나 괜찮을 듯 합니당,"로고, 박히다, 작다, 깔끔하다"
소재 라인 두꺼운 정도 가격까지 만족스러운 최애 면티예요 한 달 여 입으며 세태 십 수 번 했는데도 늘어 딤이나 색 바램 없어요 강아지 털 묻은 사진이라 지저분해졌는데 옷은 아주 만족스럽습니다 가을 이너로도 강추해요 사이즈 예쁘게 맞네요,"만족스럽다, 만족스럽다, 사진, 강추, 사이즈, 강아지, 소재, 딤"
두께감 살짝 있도 핏음 예쁩니다 두 장이라 여름에 좋네요,"여름, 핏음, 두께"
아주 프리하게 입 기 좋은 것 같습니다 옷도 가볍 구요,"가볍다, 프리"
평소에 그냥 입으려고 샀어요 디자인이랑 길이 감 딱 원하던 대로여서 마음에 들고 가격도 넘 착해여,"대로, 디자인, 평소, 원하다, 가격, 착하다, 길이"
진짜 예쁘고 무난한데 검은색은 세탄을 한 번 정도 하면 히 물이 빠지는 걸 볼 수 있어요 그래도 핏도 마음에 들고 심플한 게 나름 만족합니다,"만족하다, 물이, 검은색, 심플, 세"
하고 기본 티라 손이 자주 가요 잘 입고 있습니다,"손, 기본, 가요, 티"
가성비 생각하며 딸아이가 예일 브랜드 골라 주문했는데 벌 가격이었다 해도 만족했을 것 같네요 소재가 하고 각 잡혀서 여러 번 빨래해도 변형 없고 적당히 두툼해 고급스럽습니다 역시 에 일,"고급스럽다, 적당하다, 잡히다, 변형, 가성비, 소재, 여러, 고르다"
기본템으로 입기에 좋아요 마감도 깔끔하고 색감도 잘 빠졌어요,"색감, 마감, 빠지다, 깔끔하다"
좋아요 원단도 하고 적당히 두께 있습니다,"원단, 적당하다, 두께"
개인적인 리뷰입니다 정말 제가 샀던 반팔 중 베스트 템으로 뽑히고 있어요 먼저 면 재질이 너무 만족스럽습니다 약간 두꺼운 느낌이 있어 월까지 코디해서 입으려고 요 다만 건조기 돌리실 분은 저도 돌리니까 작아져서 한 사이즈 크게 구매하시는 거 추천 드려 요 아무튼 무신사에서 너무 잘 산 거 같고 나중에 한 사이즈 크게 재구매 계획입니다 너무 만족합니다,"만족스럽다, 사, 개인, 코디, 만족하다, 먼저, 작아지다, 건조기"
너무 예뻐요 데일리하게 잘 입고 있습니다 다 만 건조기 돌리실 분은 한 사이즈 크게 구매 추천 드립니다 너무 상품은 맘에 들어 여,"돌리다, 데일 리하, 건조기, 사이즈, 상품, 드리다, 추천"
정 사이즈 옷이라 길이 감도 적당하고 입었을 때 불편하거나 끼는 곳 없이 편해서 좋아요,"불편하다, 적당하다, 편하다, 사이즈, 길이, 감다"
배송은 빠르고 하게 잘 도착했으나 옷이 두께감이 생각보단 두껍 워서 요즘 날씨에는 좀 입기가,"날씨, 배송, 워, 빠르다, 두께"
여름에 입 기 좋은 흰티 입니다 기장이 조금 길어요 재질은 부드럽습니다,"부드럽다, 기장, 재질, 여름, 희다 티"
사이즈가 크게 나온 건 아니고 정 사이즈 느낌으로 나왔어요,"사이즈, 사이즈, 아니다, 나오다, 나오다, 크게"
기본 티셔츠로 입 기 딱입니다 핏도 적당히 루즈해서 너무 좋아요,"티셔츠, 적당하다, 루즈, 기본, 핏, 딱이다"
배송도 빠르고 가격 대비 착장감이나 편하고 좋습니다 재구매 의사 있습니다,"착, 배송, 편하다, 재다, 가격, 의사, 대비, 빠르다"
여름에 편하게 입으려고 샀어요 근데 생각보다 두꺼워서 한 여름에는 못 입을 듯 하게 하니까 적당해요,"적당하다, 편하다, 여름, 여름"
생각보다 밝아서 살짝 비칠랑 말랑해서 조금 아쉽고 생각보다 좀 크네요,"말랑하다, 비치다, 크다, 아쉽다, 밝다"
사이즈도 오버핏으로 딱 좋고 아무데나 잘 어울 랴요,"사이즈, 어울, 오버핏, 랴"
무난하고 깔끔해요 원단도 한 느낌이고 가성비 좋은 아이템이네요,"아이템, 원단, 가성비, 깔끔하다"
기본 아이템을 저렴한 가격에 구입해서 만족합니다 디자인 핏 모두 좋아요 시원하고 편안해서 자주 손이 가네요,"만족하다, 편안하다, 시원하다, 아이템, 손, 저렴하다, 디자인, 가격"
배송 빠르고 옷 재질도 너무 좋아요 사이즈도 해서 편하게 입을 수 있어요,"사이즈, 배송, 재질, 편하다, 빠르다"
사이즈도 딱 맞고 심플해서 어떤 옷이랑 입어도 잘 어 울릴 것 같아요,"심플, 사이즈, 울리다, 어떻다, 맞다"
착용감 좋고 예일 꽤 괜찮은 브랜드네요 담해도 입겟습니다,"착용, 브랜드, 담하다, 예일"
옷 너무너무 맘에 들고 싸게 잘 산 거 같아 기 분 좋네요,싸다
배송 빨라서 빨리 받아서 좋고 입었을 때 편하고 이 뻐서 좋아요,"편하다, 배송, 받다"
반팔티 없어서 샀는데 저렴하고 이 뻐서 너무 좋아요,"저렴하다, 티, 없다"
무난하고 딱 예일스러운 제품입니다 무지티 필요하면 굳,"필요하다, 제품, 무지 티, 예일"
색이 밝고 사이즈가 딱이며 올 여름 무난하게 입고 다닐 거 같아용,"사이즈, 색, 여름, 밝다, 딱이다"
가성비 갑 가 입으면 그냥 딱 오버핏 티셔츠에용,"티셔츠, 가성비, 오버핏, 그냥"
아주 좋은 상품 감사합니다 데일리로 아주 좋아요 잘 입겠습니다,"상품, 일리"
가성비 좋고 깔끔하게 잘 입겠슴니다 추천해요 벌에 이 가격이라니,"추천, 가성비, 가격, 벌, 입겠슴니, 깔끔하다"
동네 마실 가거나 편하게 오버핏 으류 입으려고 주문했어요 크고 편해서 운동할 때 입어도 괜찮습니다 흰색은 흰색 치고 많이 비치는 편은 아니며 두께는 살짝 두꺼워요 나름 만족,"아니다, 비치다, 편하다, 흰색, 말다, 운동, 만족, 크다"
로고도 크기가 적당해서 무난무난하게 언제든 입을 수 있는 옷이예요 입을 게 없을 때 트레이닝 바지랑 입거나 청바지에 입으면 이 뻐요,"적당하다, 청바지, 트레이닝, 크기, 바지"
비침은 좀 있는 편이 구 주름 되게 잘 잡히는 편 구래도 이 쁘고 편하게 입 기 좋아서 잘 입구 있어요 너무 좋고,"편하다, 편이, 입구, 잡히다, 비치다, 구래, 주름"
사이즈 잘 맞고 세탁 후에도 변형이 없어서 오래 입을 수 있을 듯 합니다,"변형, 사이즈, 세탁, 후, 없다, 맞다"
목은 진쩌 안 늘어나 눈 데 주름이 너무 잘 잡힙니다 진짜 그래도 편하게 휘뚜루 마 뚜루 잘 입고 더니 고 있어요 팩이라 너무 조코,"잡히다, 늘어나다, 더니, 목, 팩, 주름, 코"
배송 빠르고 좋아요 사이즈는 좀 큽니다 오버핏으로 생각하면 될 듯 해요,"사이즈, 크다, 배송, 오버핏, 빠르다"
타 브랜드 랑 같은 재질인 줄 알았는데 아니였네요,"재질, 브랜드, 알다, 아니다"
처음 착용했을 때는 저한테 정 사이즈로 맞았는데 세탁 후에 줄어서 여자친구 줬습니다 아쉽네요,"여자친구, 사이즈, 줄다, 세탁, 처음, 착용, 주다, 아쉽다, 맞다"
시원하고 정 사이즈네요 오버핏 하게 살 껄 그랬나 싶기도 하고 얇아서 흰색은 비치다 보니 패치 붙이고 입고 있습니다,"사이즈, 시원하다, 흰색, 비치, 패치"
조금은 마른 중 딸 아이 오버핏 입고 십다고 해서 로 구매 사이즈 하네 여 흰색 검정 두루두루 잘 입을 듯합니다 맘에 들어해서 다행,"십다, 마르다, 사이즈, 다행, 검정"
크게 입는 걸 좋아해서 젤 크게 삿는데 키가 잇어서 딱 적당한 거 같아 요 재질은 얇진 않은데 막 입을 만해 요,"크게, 재질, 키, 적당하다, 만해, 좋아하다, 잇다, 얇다"
할인 기간에 잘 구매한 거여서 배송이 조금 느리긴 했지만 나름 만족합니다,"만족하다, 배송, 거여, 기간, 할인, 느리다, 나름"
편합니다 사이즈 딱 맞고 좀 두껍기는 함 그래도 잘 입을 게요,"편하다, 사이즈, 맞다, 두껍다"
이쁩니다 정 사이즈 옷이 변형이 없음 가격이 정말 착함,"변형, 가격, 사이즈, 착하다, 없다"
타이트히거 정핏이에 여 길이도 짧아서 좋아 여 편해여,"타이 트히, 편하다, 길이, 짧다, 정핏이"
흰 검 색상 티셔츠만 원해서 두개 저렴한 듯 해서 구매했어요 조금 크긴 한데 오버핏으로 입음됩니다,"티셔츠, 원하다, 저렴하다, 크다, 색상, 개, 되다"
기본템으로 좋아요 가격 대비 질도 좋고 만족합니다,"만족하다, 가격, 대비, 질도"
두께감도 적당하고 예일도 자수로 박혀 있어서 너무 이 뻐요 다른 옷들하고 맞춰 입기도 좋아요,"적당하다, 자수, 박히다, 예일"
로고가 예뻐서 구매 했는데 옷 자체 내구성도 그렇고 생각보다 가성비 제품인 것 같아 요 디테일도 좋고 오버사이즈 느낌으로 입기에도 좋고 전반적으로 만족합니다 잘 입을 게요 감사합니다,"만족하다, 구성, 오버 사이즈, 가성비, 전반, 디테 일도"
옷이 퀄리티 좋고 싸고 맘에 들어 요 가성비 좋습니다,"퀄리티, 가성비, 싸다"
착용감 낟 베드하고 재질 이 잘 안비침 요 사이즈 굳,"비치다, 사이즈, 착용, 베드, 재질"
사이즈는 제 스펙 정도 분들한테 적당한 거 같아 요 휘뚜루 마 뚜루 입 기 좋습니다,"분, 적당하다, 사이즈, 스펙, 뚜루, 휘뚜루"
일단 배송이 정말 빨랏고 쿠폰 등으로 할인 받아서 합리적인 가격에 구매할 수 있어서 좋았어요 해서 여름 잘 입을 거 같아요,"합리, 배송, 쿠폰, 가격, 할인"
빠른 배송과 좋은 가격에 합리적인 제품을 구할 수 있어서 너무 좋습니다 와이드 핏 바지들이랑 무난하게 잘 어울려서 이번 여름 제일 잘 산 반팔티 같습니다,"바지, 배송, 어울리다, 합리, 티, 와이드, 가격, 구"
크게 입는 거 좋아해서 큰 거 시켰더니 크긴 해요 근데 어깨선도 같이 넓어서 아쉬운 상태고 두께감 좀 있어서 좋아요,"크다, 크게, 상태, 좋아하다, 어깨 선도, 아쉽다"
아무 옷에 나 잘 어울려 요 편하게 입을 수 있어서 좋아요 재질도 부드러워서 좋아요 청바지에 잘 어울릴 거 같아요,"청바지, 어울리다, 어울리다, 재질, 편하다, 부드럽다"
재질이 해서 후줄근한 느낌이 적어 요 맘에 드네여,"재질, 후줄근하다, 적다"
가격이 넘 훌륭하고 이 가격에 이핏과 재질이 나오다니 싸 보이지 않는 가성비 갑 임,"훌륭하다, 가성비, 가격, 재질, 가격, 보이지, 나오다, 이핏"
너무 크지도 않고 가격 대비 입고 다니기 좋은 거 같습니다,"크다, 대비, 가격"
디자인도 심플하고 딱 제가 원하던 핏이라서 좋은 것 같아요,"심플, 디자인, 원하다, 핏"
너무 너무 사이즈도 딱 맞구 요 색감 좋구요 요즘 기본템으로 딱 좋아요,"사이즈, 색감, 맞다"
저렴하게 샀는데 원단도 하고 너무 예뻐요 회사 갈 때 주구장 창 입음,"저렴하다, 구장, 원단, 회사"
한 소재라서 비침 거의 없고 사이즈도 적당해서 데일리로 매일 입고 다녀 요,"적당하다, 소재, 사이즈, 일리, 매일, 비치다, 없다"
두께는 얇지 않고 두꺼운 편이라 화이트 색상은 비침이 없습니다 두꺼워서 그런지 반 소매 옷치곤 한 게 보여 요 이전에 사이즈를 샀다가 너무 크고 이 상한 오버핏이라 로 바꾸었는데 는 완전 정핏도 아니고 해서 딱 좋네요 한 옷이 필요했는데 삼만원 안 되는 가격으로 괜찮은 반소매티 두 벌 사서 완전 좋아요,"색상, 매티, 이전, 비치다, 그렇다, 사이즈, 소매, 가격"
가격적인 면에서 볼 때 퀄리티 너무 좋아요 두깨감 적당하며 핏도 너무 좋아요,"가격, 적당하다, 퀄리티, 핏, 깨감"
가격이 굉장히 저렴해서 구매 했는데 매우 만족합니다 제가 왜소 해서 옷이 조금 크기는 한데요 그럼에도 불구하고 매우 만족합니다 솔직히 시켰으면 작았을 거 같아요,"만족하다, 크기, 불구, 솔직하다, 가격, 저렴하다, 그렇다"
몸이 살짝 해서 반바지와 입 기 딱입니다 키로 기준 딱입니다,"반바지, 기준, 몸, 딱이다"
기본적인 반팔로 너무 좋아요 재질도 생각보다 꽤 하네요,"기본, 재질, 팔로"
가성비가 좋고 하니 목 늘어짐 없어요 기본템으로 쟁여두 기 좋은 티셔츠입니다,"티셔츠, 가성비, 쟁여, 늘어지다, 없다"
옷 입었는데 가볍고 깔끔했습니다 여름이라서 갈끔하게 입을 려고 샀는데 잘 샀다고 생각들었습니다,"가볍다, 여름, 려고, 깔끔하다, 갈다 끄다"
대충 입 기 좋아요 기본티 없으면 사는 거 나쁘지 읺은 데 넣입 헤서 입기에는 조금 짧았어요,"기본 티, 대충, 헤, 살다, 짧다, 읺, 없다"
색감은 하얀색이라 비슷하고 가격 대비 만족하는 재질입니다 세탁 후 구김이 조금 있지만 변형은 없는 거 같아여,"만족하다, 재질, 변형, 색감, 구김, 가격, 대비, 세탁, 하얀색"
사이즈 검정은 정상이고 흰색만 기장이 너무 길게 와서 교환 요청했는데 둘 다 보내야 한다고 해서 보냈는데 교환까지 무려 보름가량 걸리고 이번에 온건 심지어 둘 다 보란 듯이 두개 다 저번보다도 좀 긴 기장으로 보내주셨네요 원래 후기는 잘 달지 않지만 기장이 길어서 교환 요청 한 고객한테 보란 듯이 더 긴 걸로 둘 다 교체해서 보내주신거에 감격해서 후기 남깁니다 교환 한 번  더 신청하긴 귀찮으니까 걍 집에서 운동할 때나 입으려 구여 수고하세요,"정상, 신청, 운동, 온건, 보 내주다, 요청, 사이즈, 감격"
두께도 적당하고 사이즈도 작거나 크지 않아서 좋아요,"적당하다, 사이즈, 크다, 작다, 두께"
조금 두꺼운 소재라 여름에 입기에 더울 것 같지만 합리적인 가격에 구입했네요,"합리, 소재, 가격, 여름, 덥다, 두껍다"
사이즈도 딱 맞고 오버핏으로 입으려고 샀는데 엄청 만족 중이네요 갑자기 두 개가 오길래 배송 실순줄 알았는데 팩인 걸 이제 알았네요 만 원에 팩 가격 엄청 착 하네요 앞으로 잘 입고 댕기겠습니다,"실 줄, 사이즈, 갑자기, 중이, 만족, 오다, 이제"
기본 티라서 구입했어요 재질 좋아요 올 여름 잘 입을 게요,"재질, 티, 기본, 여름"
깔끔한 티셔츠 필요했는데 로고도 작고 귀여워요 할인 금액에 득템,"티셔츠, 금액, 작고, 로고, 득템, 할인, 필요하다, 깔끔하다, 귀엽다"
진짜 검은색 흰색 둘 다 개꿀템이에요 어느 곳이든 잘 어울리고 사이즈도 딱 좋구,"어울리다, 사이즈, 검은색, 흰색, 곳, 개꿀템"
원단 질 좋고 중딩 아들이 좋아 하네요 아들과 아빠랑 같이 커플로 입네요,"아들, 커플, 중딩, 아들, 원단, 아빠"
사이즈는 보통 라지에 비해 살짝 커요 오버핏으로 입으면 되니까 상관없고요 흰색은 살짝 비친다는 상품평이 있어서 걱정했는데 제 기준으로는 안 비쳐 요 그 정도로 얇지 않아요,"기준, 비치다, 사이즈, 상품 평이, 크다, 라지, 흰색, 비치다"
일부러 오버핏으로 샀는데 이 뻐요 그리고 생각보다는 길어서 원피스로 입으려고용,"고용, 원피스, 일부러, 오버핏"
여름에 매우 두꺼워서 월까지 그리고 가을부터 입을 수 있겠어요,"가을, 여름, 두껍다"
색상이랑 핏이 좋네요 두께감도 좋아요 자주 입을 수 있겠어요,"색상, 핏, 두께 감다"
운동 갈 때 레깅스 위에 입으려고 구매했는데 딱이에요,"레깅스, 운동, 위, 딱이다"
원단이 중간 정도의 두께는 되어서 흰티임에도 비침이 커버됩니다,"희다 티임, 중간, 원단, 비치다, 커버 되다, 두께, 되어다"
재질은 기본 합니다 막 입기 딱 좋은 재질인 거 같습니다 사이즈는 조금 오버사이즈로 나온다는 댓글을 봐서 평소 라지를 입지맘 미디움으로 사니 딱 맞는 기장감이었습니다 너무 마음에 들었습니다 착용감은 보들 보들하니 너무 좋습니다 부 드러워요 무게 같은 경우는 가볍습니다,"보, 사이즈, 가볍다, 나오다, 미디움, 경우, 착용 감다, 살다, 오버 사이즈"
배송은 빨랐고 세탁 후 변형이 있네요 수축감이 장난아닙니다,"장난 아니다, 수축, 배송, 변형, 세탁, 빨르다"
통이 커요 사이즈 살 껄 그랬습니 당 근데 건조기 돌리고 빨으니까 길이는 좀 줄어들었어요 핏이 그닥 예쁘진 않음,"건조기, 통, 사이즈, 돌리다, 길이, 크다, 그닥, 핏, 줄어들다"
여름에 가볍게 입 기 좋습니다 무난하게 입고 다니기 좋아요,"가볍다, 여름"
싸게 잘 입었습니다 싸다고 품질이 나쁘지는 않아요,"싸다, 싸다, 품질, 나쁘다"
저렴한 가격에 두 벌 살 수 있어서 좋아요 여름 잘 입을 거 같아요,"저렴하다, 가격, 여름"
사이즈도 딱 좋고 질도 좋아요 저렴한 가격에 득템했어요,"사이즈, 저렴하다, 가격, 질도, 득템"
여름 반팔티가 필요해서 구매했는데 재질 핏 정말 마음에 드네요 벌을 저렴하게 득 템해서 올 여름 반팔티 걱정은 없을 듯 합니다 감사합니다,"필요하다, 티, 걱정, 티, 저렴하다, 벌"
딱 맞아 요 여름에 입 기 좋아요 너무 얇지 않고 적당히 두께감이 있어요,"적당하다, 여름, 얇다, 맞다, 두께"
진짜 기 본템이네요 휘뚜루 마뚜루 잘 입을 것 같습니다,"휘뚜루, 마뚜루"
변형 없구 약간 도 톰 해용 완전 좋아요 가성비 최고,"변형, 가성비, 최고, 없다"
옷 이 쁘고 사이즈도 괜탄 고 좋아요 하나씩은 가지고 있으면 좋을 거 같아요,"하나, 가지, 사이즈, 괜탄"
초 아들에게 잘 맞네요 다른 티셔츠들보다 옷 태가 해 보여서 만족합니다,"티셔츠, 만족하다, 보, 아들, 태, 맞다"
사이즈 적당하고 옷이 덥지 않아서 여름에 입 기 좋습니다,"적당하다, 덥다, 사이즈, 여름"
선물주려고 샀는데 이라길래 별 기대는 안했는데 역시 심플이 제일 무난하게 예쁜 거 같아 요 특히 흰색이 깔끔해서 잘 입고 다니더라구여,"구, 선물 려고, 이르다, 기대다, 흰색, 심플"
얇고 가성비 좋고 편하게 입 기 좋아요 흰 옷이 좀 비치는 것만 조심하면 될 거 같아요,"조심하다, 편하다, 가성비, 비치다, 얇다"
검 흰 기본 두가 얇지 않은 천이고 흐트러짐 없이 입을 수 있는 스타일입니다 여름 한철 입는 색상이라 기본으로 구입했는데 핏 여유 있고 잘 입을 듯 함요,"스타일, 한철, 흐트러짐, 함, 여름, 색상, 천이, 여유"
편하게 오버핏스럽게 입다고 해서 스몰했더니 원하던 핏 이래요 얇지 않은 원단이고 나름 해 보여서 마음에 듭니다 블랙이랑 세트로 했는데 블랙과 함께 인 구성이 선택 폭이 너무 없어서 아쉬웠어요,"원단, 원하다, 블랙, 구성, 보, 선택, 블랙"
사이즈는 정 사이즈이고 착용감이 정말 편안하네요 오버핏이고 옷 디자인도 너무 마음에 듭니다,"사이즈, 사이즈, 착용, 디자인, 편안하다, 듭니, 오버핏"
입을 때는 몰랐는데 두 개 겹쳐놓고 보니 블랙이 화이트보다 좌우 상하로 크네요,"화이트, 블랙, 상하, 크다, 좌우, 모르다, 겹 치다"
적당히 도 톰하고 각도 잡혀 있어서 마음이 들어 요,"적당하다, 잡히다, 톰, 각도"
재질맘에 들고 딱이에요 추천합니다 더 살 예정이에요,"추천, 재질, 예정, 딱이다"
생각보다 괜찮아요 올 여름에 입으려고 샀습니다,여름
사이즈도 적당해서 편하게 자주 입 기 좋아요 출퇴근용 휘뚜루마 뚜루 개꿀,"적당하다, 사이즈, 편하다, 휘뚜루 마, 출퇴근, 뚜루, 개꿀"
배송 빠르고 옷 퀄리티도 좋습니다 여름에 자주 입고 다닐 것 같습니다,"퀄리티, 배송, 여름, 빠르다"
약간 큰 듯 했지만 괜찮아요 한 치수 작은 거면 딱 맞을 거 같기도 해요,"작다, 치수, 맞다"
생각보다 조금 큰 느낌이었지만 그래도 괜찮아요 좋아요,느끼다
오버핏 싫어하는 아이가 맘에 든다네요 세탁 후도 괜찮을지 모르겠네요,"세탁, 후, 오버핏, 싫어하다, 모르다"
사이즈는 매우 만족하고 착용 감도 너무 좋습니다 특히 부드러운 느낌이 좋아요,"만족하다, 사이즈, 부드럽다, 착용, 감다"
사이즈 해서 오버핏으로 입어야 될 것 같아 요 다른 반팔티에 비해 두껍더라구요,"티, 사이즈, 비다, 오버핏, 두껍다"
기본 티지만 예뻐요 로고가 작아서 더 마음에 들어 요 하나만 입어도 예쁘고 남방이랑 레이어드해서 입어도 예뻐요 잘 샀습니다,"레이어 드, 남방, 작다, 로고, 티, 기본, 하나"
옷이 얇아서 아주 시원하게 잘 입고 다닐 수 있을 듯 해료,"시원하다, 해료, 얇다"
한 느낌 좋아하시면 아주 만족하실 듯 만족합니다,"만족하다, 만족하다, 좋아하다"
다가오는 올 여름 이 녀석들과 함께라면 이겨낼 수 있겠네요,"녀석, 이기다 낼, 다가오다, 여름"
하니 굿입니다 자주 입을 것 같습니다 감사합니다,굿
이너로도 괜찮고 단품으로도 잘 입을 거 같아 요 로고도 과 하지 않고 적당해서 좋네요,"적당하다, 품, 로고"
주 정도 입어 본 결과 살짝 한 느낌이 들어 요 핏이 예쁘긴 한데 더운 날에 입으면 더 더울듯 합니다,"덥다, 결과, 날, 핏"
레깅스 위에 입을 려고 사이즈로 했는데 조금 많이 크긴 하네요 하지만 타 브랜드 보다 원단 훨씬 맘에 듭니다 입어도 축 처지는 원단이 아니고 더 하네요 이제 이 브랜드로 살까합니다,"원단, 처지다, 아니다, 원단, 듭니, 사이즈"
다 좋은데 세탁하면 좀 줄어드네요 옷은 예쁜 것 같습니다,"세탁, 줄다 드"
옷이 좀 크긴 하지만 건조기 한 번 돌려 입으면 괜찮을 꺼 같아 요 옷 이 쁘네요 잘 입겠습니다,"건조기, 크다, 돌리다, 쁘네"
예일 옷은 처음이 엇는데 실 측 사이즈 열심히 재보고 삿습니다 하게 챙겨서 그런지 사이즈 너무 좋앗어요 거기에 옷의 재질 디자인 두께감 모두 너무 만족합니다 또 사고 싶어요,"챙기다, 만족하다, 처음, 사이즈, 그렇다, 거기, 디자인, 사고"
아주 매우 정말 좋습니다 다음에 또 구매하고 싶어요,싶다
가격 대비 깔끔하고 편하고 좋아 여 흰색 또한 좋습니 닿 감사히 잘 입을 게요 뱍스하게 입기도 좋으니 구매 추천,"편하다, 흰색, 가격, 추천, 대비"
학교에서 입으려고 샀는데 너무 예쁘고 단정하고 소재가 너무 맘에 들어요,"단정하다, 학교, 소재"
옷 사이즈도 좋고 예쁜데 이 가격에 두 벌이나 주는 게 말이 안 돼요 최고,"사이즈, 벌이, 말, 가격, 주다, 돼다, 최고"
남편 사이즈로 구매했는데 건조기 돌리니 한 사이즈 정도 줄어드는 거 같아 요 그래서 제가 입어요 건조기 사용하시는 분들 참고하세요 상품은 너무 좋아요,"사용, 사이즈, 참고, 상품, 사이즈, 줄어들다, 건조기, 남편"
가격도 싸고 검흰 해서 잘 입고 다녀 요 굿이에 요 아주,"가격, 검 희다, 싸다, 굿"
잘 입고 있습니다 하지만 몇 번 빨았더니 목이 늘어나서 아쉬워 요옷은 정말 예뻐요,"목, 늘어나다, 아쉽다, 빨다"
아주 좋음 어느 옷에나 잘 어울리고 무난하게 입을 수 있음,어울리다
핏도 이 쁘고 두께감도 좋아요 글씨포인트 크기도 딱 좋아요,"글씨 포인트, 크기, 핏, 두께 감다"
조금 어 정쩡한 오퍼핏인거 같은데 마실용으로 가격 좋네요,"마 실용, 가격, 정쩡, 오퍼핏"
아버지 사드렸는데 무난하면서 포인트 되는 게 괜찮더라구요,"아버지, 포인트, 사 드리다, 되다"
적당히 여름에 입 기 좋습니다 비치지도 않고 적당히 얇아요,"적당하다, 비치다, 여름, 얇다"
사이즈 적당하고 가격도 좋아서 잘 입고 있습니다,"적당하다, 가격, 사이즈"
박시한 오버핏 옷이라 정말 편해 요 하나 더 구매하려고요,"박 시한, 편하다, 하나, 오버핏"
작년에 한 번 사 서 입어보고 맘에 들어서 다시 구매했어요 하고 목도 잘 늘어 않고 맘에 들어요,"들어서다, 입어보다, 목도, 늘다, 작년, 다시"
색감도 화면색과 동일하고 사이즈도 딱 맞고 편해서 좋아요,"동일하다, 편하다, 화면 색, 사이즈, 색감, 맞다"
생각보다 두꺼워서 놀랬어요 목 부분이 엄청 해서 잘 안 늘어날 것 같아서 너무 좋아용 디자인도 무난하고 깔끔해서 여기저기 잘 입을 것 같아요,"여기저기, 디자인, 늘어나다, 부분"
그냥 무난한 기 본티로 입기에 좋은 거 같아 요 추천,"추천, 티, 그냥"
딱 기 본 무지 옷으로 입 기 좋아요 한 여름엔 좀 더울 거 같은 두께긴 해요,"여름, 덥다, 무지, 두다"
키에 키로 중 등 남아 오버핏으로 괜찮아요,"키, 남아, 오버핏"
목 부분이 커서 헐렁거리는 거 말곤 무난하니 좋아요,"헐렁거리, 말다, 커서, 부분"
옷이 하고 되게 편해 요 편하게 막 꺼내 입기 좋아요,"편하다, 편하다, 꺼내다"
색상도 너무 마음에 들고 사이즈도 생각한 거랑 너무 잘 맞아서 좋아요 굿,"색상, 사이즈, 맞다"
회사 단체복으로 몇 개 구매 가격 좋고 배송 빠름 천 얇지도 두껍지도 딱 좋음,"단체 복, 배송, 가격, 얇다, 빠르다, 두껍다, 회사"
면이 도톡하고 사이즈는 조금 크게 나온 것 같습니다,"사이즈, 도톡, 나오다, 크게"
옷 재질이 해서 좋아요 마른 사람이 입으면 체형 보완 효과도 있는 것 같아요,"효과, 보완, 재질, 체형, 마르다, 사람"
사이즈도 딱이 고 생각보다 핏이 좋아서 또 구매하고 싶어요,"사이즈, 핏, 싶다, 딱이다"
기장이 짧은 편이예요 한번 빨고 나니 좀 더 짧아진 듯 해용,"기장, 한번, 나니, 편이, 짧다, 짧아지다"
너무 맘에 드누옷이예요 두 벌세트로 편안하게 입을 수 있어 요 두께도 흐느적 거리지 않아서 더 맘에 들어요,"편안하다, 벌 세트, 거리, 흐느적"
믿고 입는 예일 반팔입니다 여름 대비 하나씩 마련하 세여,"팔, 마련, 하나, 세, 대비, 여름, 예일, 믿다"
가성비 좋은 옷 재질도 괜찬고 아주 예쁨니다 강추,"가성비, 강추, 재질, 괜찬"
사이즈로 하니 잘 맞고 좋아요 깨끗한 티셔츠 입고 싶어 했는데 딱이네요 원단도 면로 하니 좋아요,"사이즈, 원단, 면로, 티셔츠, 싶다, 맞다"
핏 재질 너무 좋습니다 건조기 돌리실 거면 한 치수 크게 하면 좋을 거 같아요,"건조기, 돌리다, 재질, 크게, 치수"
로고 심플하고 소재 하고 너무 예뻐요 중학생 키에 키로에 키로 둘 다 잘 맞아요,"중학생, 심플, 키로, 키, 소재, 로고"
너무 얇지도 않고 두께 적당하네요 품이랑 길이도 적당해서 여름 잘 입을 거 같아 요 작은 로고가 포인트가 되어 이쁘네요,"적당하다, 적당하다, 포인트, 길이, 품, 로고, 작다, 여름"
남편은 기 본티 가지고 있는데 같은 걸로 살까 하다가 예일로 구매했어요 여름에 편하게 동네 다닐 때 입으려고 샀습니다 생각보다 재질이 해서 오래 입을 꺼 같아요,"남편, 재질, 가지, 편하다, 여름"
적당히 얇고 안비쳐서 좋음 크게 나와서 딱 입을 거면 한 사이즈 작게 사는 게 좋을 듯,"비치다, 적당하다, 사이즈, 나오다, 작다, 크게, 살다"
옷핏 굉장히 마음에 들고 무난무난한 옷이라 매일 입 기 좋아요,"매일, 옷핏, 굉장하다"
생각보다 두껍고 해서 맘에 들어 요 여름 입을 게요,"여름, 두껍다"
배송도 빠르고 품질 재질이 좋아요 자주 입을 것 같고 사길 잘한 것 같아요,"재질, 배송, 자다, 품질, 빠르다"
예일 기본 티 가볍게 입 기 너무 좋네요 가성비 굿 이용,"가성비, 가볍다, 이용, 기본, 예일"
예일은 솔직히 후기 안 봐도 괜찮아 여 믿고 사셔도 됩니다,"솔직하다, 후기, 예일, 믿다, 되다"
예일 제품 처음 사보는데 품질도 좋고 입기 딱 좋네요 만족합니다,"만족하다, 사보다, 품질, 처음, 제품, 예일"
예뻐요 에겐 좀 많이 길 긴 하지만 편하게 입 기 좋을 것 같아요,편하다
정말 무난무난해서 예쁩니다 정말 입 기 좋읗 것 같아 요 생각보다 두껍고 편합니다 가성비가 너무 좋아요,"가성비, 편하다, 좋읗, 두껍다"
스몰 사이즈인데도 통이 매우 넓고 해요 한 소재에 질은 좋고 가성비 좋게 입기 좋은 반팔티입니다 어깨가 좀 넓어 보여서 그건 아쉬워요,"사이즈, 보, 가성비, 티, 소재, 통, 질"
하 일부로 오버핏시켰는데 한번 빨자마자 사이즈 너무 줄어든 다 정말 살 발하다 살발해,"살 발해, 일부, 한번, 사이즈, 발, 줄어들다, 오버핏, 빨다"
좀 작긴 한데 그래도 그럭저럭 입 고 다닐 만 해요 이라서 가볍게 입 기 좋습니다,"가볍다, 작다"
빠른 배송 적당한 핏 딱 좋습니다 편하게 자주 입을 거 같아요,"적당하다, 편하다, 배송, 빠르다"
원단이 하고 힘이 있어요 핏도 여유 있어서 맘에 들어요,"원단, 여유, 힘, 핏"
살짝 하게 입을 수 있어요 하긴 한데 살짝 두꺼워서 여름에 한 겹 입기 가능할 듯 대신 기장은 살짝 짧습니다,"기장, 가능하다, 대신, 여름, 짧다"
딱 적당해서 레이어드 하기도 좋고 두깨가 두툼해서 좋습니다,"적당하다, 두툼해, 레이어 드, 깨"
픽이라 가상비도 좋은 것 같고 원단도 시원하니 좋은 것 같아요,"시원하다, 가상 비도, 원단, 픽"
좋은 가격으로 잘 샀습니다 개인적으로 하면 다 좋을 거 같지만 그래도 이쁩니다,"개인, 가격"
두 벌을 이 가격에 너무 맘에 드네요 잘 산 거 같아 요 사이즈도 적당하니 좋아요,"적당하다, 사이즈, 벌, 가격"
군기 도 없음 그냥 기 본티인데 진짜 깔끔한 뭐 물론 남의 대학 써져 있는 거 왜 입냐 외국인이 보면 웃긴다는 글도 있지만 난 입어 예일 만세,"티, 만세, 군기, 써다, 대학, 남"
조금 두꺼운 거 같지만 괜찮아 요 임신 중이라 사이즈 크게 시킨 건 뎅 너무 좋으네요,"사이즈, 중이, 임신, 크게, 두껍다"
맨날 스파 브랜드 옷이나 지하상가 보세 옷 입다가 입어서 그런지 두툼하고 좋네용 이번 여름 걱정 없어요,"걱정, 지하상가, 그렇다, 두툼, 스파, 브랜드"
심플하고 너무 예뻐 여 사이즈도 딱 맞아 여 사 길 잘한 듯,"심플, 사이즈, 자다, 맞다"
원래 입는 사이즈 인데 살짝 큽니 다 그리고 얇고 비침 없어요,"크다, 사이즈, 원래, 비치다, 없다, 얇다"
일단 가격 대비 가성비 좋구요 면 티셔츠의 원단 질감 또한 아주 좋습니다 예일 제품은 늘 믿고 구매 합니다,"가성비, 티셔츠, 가격, 원단, 질감, 대비"
휘뚜루 마뚜루템으로 좋아요 좀 커서 작은 사이즈 사도 괜찮을 것 같았어요,"사이즈, 커서, 사도, 작다, 휘뚜루, 마뚜루"
예일 제품 좋아해서 외투 다음으로 티셔츠 주문했습니다 가격 대비 가성비 좋코 면 티셔츠의 질감도 좋습니다 세탁해도 늘어나거나 그럴 꺼 같지 않코 하니 면의 질감 좋습니다 제가 박시하게 입는 걸 좋아해서 큰 사이즈로 시켰습니다,"늘어나다, 사이즈, 티셔츠, 박다, 가성비, 티셔츠, 세탁, 질감"
예일 제품 좋아해서 외투 다음으로 티셔츠 주문했습니다 가격 대비 가성비 좋코 면 티셔츠의 질감도 좋습니다 입으면 스타일 핏 두 괜찮습니다,"티셔츠, 티셔츠, 가성비, 스타일, 대비, 질감, 가격, 제품"
편하게 동네 마실용으로 구입했지만 외출할 때 입어도 될 정도로 컬리티 좋고 오버핏 좋아하시면 강 추합니다,"마 실용, 컬리 티, 추하다, 편하다, 동네, 좋아하다, 외출"
일반 사이즈보다 오버핏 느낌나게 좀 큰 편이에 요,"편이, 사이즈, 일반, 오버핏, 느끼다"
작년에도 입었다가 올해에도 사봤습니다 역시 좋아요,"작년, 올해, 사보다"
처음 사봤는데 옷도 하고 사이즈도 좋아요 추가 구매해서 커플룩으로 입으려구요,"구, 커플룩, 사이즈, 처음, 추가, 사보다"
가격 대비 정말 좋구요 심플해서 밖에 피시방 같은데 갈 때 입으면 예쁠거 같아요,"심플, 피시방, 가격, 대비"
어디에 코디해도 무난합니다 두께는 보통 할인에 잘 샀네 여,"코디 해도, 할인, 보통, 두께"
딱 맞는 핏으로 입고 싶어서 로 샀는데 이쁜 거 같습니다,"핏, 싶다, 맞다"
두께감도 괜찮고 흰색 검정색 기본이라 깔끔하고 마음에 들어요,"검정색, 흰색, 기본, 두께 감다, 깔끔하다"
완전 최고 진짜 아무 데나 다 어울리는 게 진짜 놀라움,"어울리다, 최고"
질 좋고 부드러운 반팔티 싸게 잘 구매했어요 엄청 얇지는 않아서 핏 좋게 보여 요 더위를 많이 타는데 도까진 충분히 입을 거 같아 요 평소 사이즈 입는데 이건 이 평소 사이즈랑 비슷해요,"사이즈, 티, 충분하다, 평소, 사이즈, 이건, 보이다"
편하게 기본템으로 입기 딱 좋습니다 재질도 만족스러워요,"만족스럽다, 편하다, 재질"
카고바지와 도 잘 어울려서 휘뚜루마 뚜루 잘 입고 다니고 있어요,"카 바지, 어울리다, 휘뚜루 마, 뚜루"
사이즈가 편하게 잘 맞고 재질이 도 툼하니 변형이 없을 것 같아요 저렴하게 잘 샀어요,"변형, 저렴하다, 재질, 편하다, 사이즈, 툼하, 없다, 맞다"
저한테는 좀 커서 인 남동생한테 주니까 잘 맞아 요 너무 얇지도 않거 두껍지도 않아서 여름에 단독으로 입어도 좋을 거 같아요,"남동생, 테, 커서, 단독, 여름, 주, 얇다"
선물하기 위해 구매 하였습니다 받은 분이 사이즈도 딱 맞고 좋아하셨어요,"선물, 사이즈, 분, 좋아하다, 위해, 받다, 맞다"
사진상 좋아 보여 구매했는데 만족스럽고 촉감이 좋아요,"만족스럽다, 사진, 촉감, 보이다"
실제로 외출 나갈 때 맘 편히 입고 나갈 수 있고 이 뻐욤,"실제, 편하다, 외출, 뻐욤"
적당히 도 톰하고 각도 잡혀 있어서 마음이 들어요,"적당하다, 잡히다, 톰, 각도"
막 입 기 좋을 것 같아 구매했어요 무지 티보다 좋아요,"무지, 티보"
여름에 입 기 좋은 재질이네요 예일 옷 너무 맘에 듭니다,"재다, 듭니, 여름, 예일"
배송이 빠르고 사이즈는 생각보다 커서 한 치수 작게 구매해도 좋을 꺼 같아요,"배송, 사이즈, 커서, 치수, 작다, 빠르다"
저렴하게 잘 샀어요 닳도록 입고 또 살 예정입니다,"저렴하다, 예정, 닳다"
역시 믿고 사는 예일입니다 원단도 도톰하고 무엇보다 넥이 한 게 너무 좋아요 기본티 필요하던 참에 할인하길래 구매했어요 로고도 자수라 덜하고 깔끔합니다,"덜하다, 할인, 필요하다, 도톰하다, 원단, 로고, 기본 티, 넥, 자수"
색감은 사진보다 어둡습니다 길이도 적당하고 약간 오버핏으로 나와서 착용 감도 좋고 두툼하고 깔끔합니다,"적당하다, 사진, 어둡다, 색감, 두툼, 길이, 나오다, 착용, 감다"
착용감도 너무 편하고 너무 예뻐요 투팩으로 싸게 사서 너무 만족하고 잘 입을 수 있겠어요,"만족하다, 편하다, 착용 감다, 투팩, 사서, 싸다"
사이즈적당하고요 지금 날씨에 편하게 입 기 좋습니다 핏도 적당하고 만족합니다,"사이즈 적당하다, 날씨, 적당하다, 편하다, 만족하다, 지금, 핏"
제가 원하던 기장에 원단도 좋고 가격도 좋습니다,"가격, 원하다, 기장, 원단"
사이즈 적당하고 가격대 무난하고 심플하게 유행 안 타고 입고 다니기 좋아요,"적당하다, 심플, 사이즈, 가격, 유행, 타고"
너무 이 뻐요 어느 코 디든 다 잘 어울립니 다 감사합니다 잘 입을께요,"어울리다, 디"
너무 이 쁘고 올해 여름 티셔츠 제 기준에서는 등입니다,"기준, 티셔츠, 올해, 여름"
크기도 적당하고 딱 기 본티에 요 후 뚜루마 뚜루 잘 입고 다녀요,"적당하다, 티, 크기, 뚜 루마, 뚜루"
한국 사이즈 정도 될 것 같습니다 제게는 적당하면서도 조금 큰데 건조기 돌리면 딱 일 거 같아 요 티 퀄리티는 좋습니다,"적당하다, 건조기, 돌리다, 퀄리티, 사이즈, 크다, 한국"
사이즈 오버핏으로 입기 좋아요 면질이 좋고 입기 편합니다 감사합니다,"면질, 편하다, 사이즈, 오버핏"
이 뻐요 편하게 잘 입을 수 있을 것 같습니다 잘 입을 게요,편하다
할인 할 때 구매했는데 활용도가 엄청 많아서 좋은 구 같아요,"활 용도, 할인, 많다"
적당한 가격 적당한 질감 무난무난하게 입고 다닐 수 있을 것 같아요,"적당하다, 가격, 질감"
기장 생각대로 고 핏도 아요 색은 평범 하네요 일 할 때 편하게 입으러 고 삿아요 나름 만족,"기장, 만족, 편하다, 색, 나름"
두께도 너무 얇지 않고 적당해서 좋아요 여름에 비칠 걱정도 없어서 많이 입을 거 같습니다,"적당하다, 걱정, 비치다, 여름, 없다, 얇다"
너무 마음에 들어합니다 아직 초인데 싸이즈가 크긴 하지만 크게 입는 걸 좋아해서 아주 만족해합니다,"만족하다, 싸다 이즈, 크다"
너무 얇지도 짧지도 않아서 기본 티셔츠로 활용하기 좋아요,"활용, 티셔츠, 기본, 짧다, 얇다"
제가 머리가 그렇세 큰 편은 아닌데 처음 입었을 때 머리가 안 들어 갔어요 그래서 다시 입었더니 괜찮더라구 요 뭔가 잘못 된 건지는 모르겟지만 그래도 싼 가격에 잘 삿구 검정색 흰색 둘 다 예뽀요 사이즈도 거의 딱 맞구 기장도 맘에 들어서 키 작은 분들에게 추천할게요,"추천, 들어서다, 사이즈, 머리, 검정색, 건지다, 흰색"
가성비 좋아요 휘뚜루마 뚜루 입기 편하고 자주 입게 될 거 같습니다,"가성비, 편하다, 휘뚜루 마, 뚜루"
하고 기 본템이라 세일할 때 얼른 구매했어요 기 본템 기본템 베이직,"일, 기본, 베이직, 얼른"
면도 두껍고 청바지에 너무 잘 어울려 요 교복에 입을까 했는데 평상복으로 입혀야겠네요,"평상복, 청바지, 어울리다, 교복, 면도, 입히다, 두껍다"
아들이 잘 입고 다니고 있어요 천도 해서 좋네요,"아들, 천도"
생각보다 두께가 있어서 흰티에서 안이 안 비쳐서 좋아요 평소 입는데 후기처럼 한 치 수 아래로 사도 좋을 오버핏이네요,"희다 티, 비치다, 평소, 후기, 아래, 안이, 사도"
여름에 입 기 좋네요 하나 더 시켜서 여름에 돌려가면서 입을 것 같습니다,"돌리다, 여름, 하나"
편하고 괜찮요 신랑이 잘 입습니다 싸게 잘 샀어요,"편하다, 신랑, 싸다"
역시 믿고 사는 예일 예일 제품만 긴 팔 반팔 셔츠가 디건 다 구매 햇는데 항상 만족입니다,"만족, 셔츠, 항상, 살다, 디건, 팔, 제품, 햇 늘다"
가성비 좋게 세일해서 샀고 오버핏으로 입기 좋은 것 같아요,"일해, 가성비, 오버핏"
일할 때 운동할 때 입는데 오버핏으로 입으니까 편하기도 퍈하고 완전 좋네요,"운동, 편하다, 일, 퍈, 오버핏"
교복 안에 입으려고 샀어요 이 쁘고 좋아요 함,교복
커플티로 입기도 좋고 사이즈도 적당하고 예쁘네요,"커플티, 적당하다, 사이즈"
늘 애용하는 예일 기본 반팔티 특히 재질이 좋음 여름오면 또 구매 예정,"여름 오다, 애용, 티, 재질, 기본, 예정, 예일"
기장도 괜찮고 필수템이라 어디에 입어도 이쁠 것 같아용,"필수, 기장"
기준 엠사이즈 해요 원쁠 원 사랑합니다 예일,"사랑, 엠 사이즈, 기준, 예일, 원쁠"
예일 반팔티 너무 이 쁜 것 같아 요 앞으로도 애용할 게요,"애용, 티, 예일, 앞"
깔끔한 기 본 디자인 좋아요 두께감도 좀 있어서 좋아요,"디자인, 두께 감다, 깔끔하다"
예일 반팔티 퀄리티 좋네요 안에 입기도 좋고 따로 입어도 예뻐요,"티, 퀄리티, 예일"
가격 대비 재질도 하고 좋아요 쿠폰 세일해서 저렴히 잘 샀어요,"일해, 저렴하다, 쿠폰, 재질, 가격, 대비"
어깨 핏도 좋고 재질도 부드러워 아주 착용감이 좋습니다 컬러도 선명해서 만족합니다,"선명하다, 만족하다, 착용, 재질, 컬러, 부드럽다, 핏"
색상은 한 것이 좋구요 다른 브랜드에 비해 기장은 그렇게 길지 않으면서도 통은 다른 브랜드보다 더 크기에 좋은 것 같아 요 옷이 쁩니다 잘 입을 게요,"기장, 색상, 통, 크기, 브랜드, 길다, 브랜드"
재질은 완전 쿨한 재질은 아니지만 막 입기 좋기는 하네요,"아니다, 재질, 쿨하다"
세탁 후에 많이 줄어요 건조기 사용 안 하고 물세탁 후 그늘 건조했는데 많이 줄어서 돈 아깝습니다,"물 세탁, 건조기, 줄다, 줄다, 사용, 세탁, 그늘, 후, 아깝다"
재질이 부들부들 하니 로고도 스몰이라 잘 어울리네요,"어울리다, 스몰, 재질, 로고, 부들부들"
원단 두께감이나 색상도 좋고 편안하게 입을 수 있겠네요,"색상, 편안하다, 원단, 두께"
오버핏 정확하고요 저처럼 완전 마른 사람들은 한 사이즈 작게 사도 되겠지만 그래도 길이는 괜찮은 거 같아요,"정확하다, 사이즈, 사람, 마르다, 사도, 길이, 작다"
가격 싸게 잘 산 것 같아 요 길이 감도 괜찮고 두께감도 괜찮아요,"가격, 싸다, 감다, 길이, 두께 감다"
깔끔합니다 두께감도 너무 얇지는 않네요 보통 상의는 입는 편인데 리뷰 보니 사이즈가 큰 거 같아서 넣입 하려고 시켰는데 역시 크네요 넣입 안 한 사진 보고 참고하세요,"사이즈, 상의, 참고, 사진, 보통, 편"
원단은 얇은 편인데 살짝 홈웨어 느낌이 있어요 여름 한 철 입기 좋네요,"편, 원단, 여름, 홈웨어, 얇다"
사이즈 괜찮고 여름에 입 기 딱인 거 같습니다 배송 빨랐습니다,"배송, 사이즈, 여름, 빨르다, 딱이다"
딱 기 본 반팔티입니다 두께도 적당하고 핏도 예뻐요 단품으로 입어도 되고 이너로 입어도 될 것 같아요,"티, 적당하다, 품, 핏, 두께, 되다"
오우 사실 별 기대 안 하고 걍 안에 입을 생각으로 샀는 대 생각보다 사이즈가 너무 잘 맞습니다 하나 더 구매각 세일할 때,"사이즈, 매각, 오우, 사실, 일"
팔 길이도 아우터를 안 삐져나오고 로고도 작아서 이너로 좋아요,"아우 터, 길이, 작다, 로고, 삐지다 나오다"
핏도 너무 예쁘고 옷 자체가 너무 만족스럽네요 굿,"만족스럽다, 자체, 핏"
딱 적당하고 가성비 좋은 반팔티 한 사이즈 업할 걸 너무 정 사이즈라 슬프지만 담 재구매 때 사이즈업해서 살 예정 추천합니다,"업, 적당하다, 슬프다, 추천, 업, 가성비, 사이즈, 티, 사이즈, 재다"
너무 너무 편하고 좋아요 가성비 만족합니다,"만족하다, 가성비, 편하다"
옷이 예쁘고 하고 좋아요 잘 입을 거 같습니다,
할인하고 있을 때 산 건데 후드티 이너로 입기도 좋고 두께도 있어서 단벌로 입어도 좋네요,"할인, 단벌, 후드 티"
일반 반팔티 같아 요 간단하게 데일리로 잘 입을 거 같아 요,"티, 간단하다, 일리, 일반"
배송도 빠르고 두께가 좋아서 잘 입고 잇능 거 같아 요 최고,"배송, 최고, 잇다 능, 빠르다, 두께"
사이즈 딱 맞아요 잘 입을 수 있을 거 같아 요 추천합니다,"추천, 사이즈, 맞다"
배송 빠르고 소재가 하네요 사이즈도 딱 적당해서 좋습니다,"적당하다, 사이즈, 소재, 배송, 빠르다"
이너로 입기에도 좋고 여름에 입고 다니기도 좋은 옷인 거 같습니다,"기도, 여름"
단품으로 입기도 좋아요 레이어드용으로도 좋구요,"레이어 드용, 품"
디자인이 깔끔하고 원단도 두께도 딱 좋아서 비침도 없고 사 계절 착용하기 좋네요,"착용, 디자인, 비치다, 원단, 없다, 두께, 깔끔하다, 계절"
원단이 두터워서 비침이 없는 것이 가장 좋고 핏도 너무 알맞게 떨어져서 기본티로 활용하기 좋습니다,"티, 두텁다, 활용, 원단, 가장, 비치다, 핏"
기본템 반팔티이고 이 너나 레이어드 하기 좋고 단품으로 입어도 예쁩니다,"티, 기본, 품, 레이어 드"
이너티로 입 기 너무 좋고요 정 사이즈예요 예뻐요,"티, 사이즈"
사이즈가 박시한 느낌이라서 저는 박시한 거 좋아해서 여름에 진짜 자주 입었어요 그리고 옷에 질감도 너무 좋아서 오래 입을 수 있을 것 같습니 당 마크도 큰 게 아니라 작게 있어서 무난하게 잘 입고 다닐 수 있는 옷이에요,"아니다, 마크, 사이즈, 박 시한"
사이즈는 오버핏으로 딱 좋고 기본티로 무난합니다,"사이즈, 티, 오버핏"
너무 좋아 여 세트나 사 버림 가성비 괜찮은 듯하네 여,"가성비, 버리다, 세트"
이 거 빨래 하고 나면 크롭티 됨 수축 말이 안됨 그냥 헬스장에서 헬스 할 때 본인 근육 생각 하먄 됨,"헬스장, 크롭티, 근육, 말, 본인, 수축, 나다, 헬스"
개를 이 가격에 사서 너무 좋았고 두께감도 살짝 있어서 너무 좋았습니다,"가격, 개, 사서, 두께 감다"
깔끔하니 아주 좋아요 아무 데나 입기도 좋고 재질도 해서 좋습니다,"재질, 깔끔하다"
아 일단 배송이 정말로 빠르고 상품도 정말 대단하네요,"배송, 대단하다, 상품, 빠르다"
지금은 이너로 입어야 되지만 아주 좋아요 다만 아쉬운 점이 둘 다 같은 사이즈로 시켰는데 블랙 목 쪽이 더 좁아서 졸리는 느낌이 듭니다,"듭니, 졸리다, 사이즈, 좁다, 점, 지금, 블랙"
교복 안에 입거나 레이어드 할 때 무난한 제품이에요,"제품, 레이어 드, 교복"
키가 작은 편인데 티셔츠 총기장이 작은 키를 커버해주듯 적당한 길이감이 맘에 듭니다,"총기, 키, 키, 티셔츠, 편, 적당하다, 길이, 작다, 듭니"
재질도 좋고 가성비도 좋고 로고도 매우 이쁩니다,"가성비, 재질, 로고"
옷 너무 이쁘구 가격도 저렴해서 이쁘게 잘 입구 다닐 거 같아요,"저렴하다, 가격, 입구"
제가 잘못 세탁한 건지는 모르겠는데 세탁 후에 옷이 많이 줄어들었습니다,"세탁, 건지다, 세탁, 잘못, 모르다, 줄어들다, 후"
좋아요 낮에는 많이 더운데 간단하게 이 거 입고 나가면 딱입니다,"간단하다, 덥다, 딱이다, 낮"
캐주얼 해서 평소에 무난하게 입기에 좋은 것 같네요,"평소, 캐 주얼"
재질 좋고 핏도 좋은 예일 티셔츠 가성비 굿이네요,"가성비, 티셔츠, 재질, 핏, 예일, 굿"
맛있게 입고 다니고 있습니다 사이즈도 정 사이 브로 나와서 좋네요,"사이즈, 나오다, 브로, 맛있다"
편하고 넥밴드도 해서 잘 안 늘어날 것 같습니다,"넥밴드, 편하다, 늘어나다"
일단 디자인도 심플하며 좋구 여 촉감도 부드럽고 무엇보다 가성비가 짱인 듯 하네 여,"가성비, 심플, 디자인, 부드럽다, 촉감, 짱"
세미 오버 느낌으로 아주 적당한 사이즈 만족합니다 흰 옷은 비침이 자세히 보면 살짝 표시날 수 보 있을 수 있습니다 두께감이 있어 많이 민감함 분빼고는 괜찮을 거 같습니다 가 성비굿 세미 오버 느낌으로 아주 적당한 사이즈 만족합니다 흰 옷은 비침이 자세히 보면 살짝 표시날 수 보 있을 수 있습니다 두께감이 있어 많이 민감함 분빼고는 괜찮을 거 같습니다 가 성비굿,"만족하다, 민감하다, 사이즈, 적당하다, 비치다, 표시 날, 자세하다, 세미"
운동할 때 편하게 입 기 좋습니 당 하고 괜찮아용,"운동, 편하다"
정말 편하고 입기 좋아서 이번 여름에는 저것만 입었네요,"편하다, 여름"
가볍게 입 기 좋네 여 이번 여름은 이 티만 입은 거 같아요,"가볍다, 여름, 티"
여름에 무난하게 입 기 딱 좋은 기본티여서 편하게 잘 입었네요,"티, 편하다, 여름"
무난하게 입 기 좋고 어디든 다 잘 어울립니다 크게 입으면 예쁘게 오버핏 연출 가능해요,"어울리다, 가능하다, 연출, 크게, 오버핏"
그냥 이너티로 대충 껴입으려고 구매했는데 좋네요 규웃,"티, 대충, 끼다, 그냥, 규웃"
옷이 폄병하고 아무 옷이랑 같이 입어도 잘 어울리네요,"펴다 병, 어울리다"
사이즈가 작아서 집에서 입고 댕길 거같이 여 옷은 이쁩니다,"집, 사이즈, 댕길, 작다"
너무 얇지도 않고 두껍지도 않아서 지금 여름이 끝나가는 시점에 입 기 좋은 것 같아요,"시점, 여름, 지금, 얇다, 두껍다, 끝나다"
진짜 세탁기랑 건조기 돌리면 바로 사이즈 됩니다,"세탁기, 건조기, 돌리다, 사이즈, 되다"
좋긴 한데 한 번 빠니까 너무 수 축하네요 한 사이즈 크게 시키세요,"축하, 사이즈, 크게, 빨다"
이너티로 받쳐 입기 좋네요 초 인데도 잘 맞아요,"티, 받치다, 맞다"
사이즈가 생각보다 커서 후회했다가 빨고 나니까 딱 맞아서 더 좋았어요,"사이즈, 커서, 후회, 맞다"
팔이 조금 길지만 너무 예쁨 레이어드 로 하기에도 예뿜,"레이어 드, 길, 팔이, 예뿜"
할인 가격에 사서 아무 때나 편하게 입을 수 있는 디자인과 사이즈에요,"사이즈, 디자인, 편하다, 가격, 사서, 할인"
아무 데나 잘 어울려서 편하게 입을 수 있고 해지면 이너로 입기도 좋을 것 같아 요 오버사이즈로 입는 편이라 이랑 중에 고민했는데 이 너무 크지 않으면서 여유 있어서 잘 산 것 같네요 무난한 반팔 고민하신다면 추천입니다,"추천, 고민, 해지, 어울리다, 편이"
까지 사이즈 하게 가능합니다 사이즈 먼저 샀었는데 사이자로 또 샀어요 여성분들은 하세요,"여성, 사이즈, 자로, 가능하다, 먼저"
기본 티로 매우 매우 합리적인 가격에 잘 구매한 거 같습니다,"합리, 가격, 기본, 티"
역시 재질도 좋고 깔끔합니다 가볍게 입 기 좋습니다,"가볍다, 재질, 깔끔하다"
한 재질이라 핏이 쳐 않아서 좋아요 사이즈도 적당해요,"적당하다, 재질, 사이즈, 핏"
원단 하고 완전 화이트라서 좋아요 사이즈도 딱이에요,"사이즈, 화이트, 원단, 딱이다"
적당한 박시핏 가을까지 잘 입을 수 있을 거 같아요,"적당하다, 박시핏, 가을"
기본템으로 아주 좋아 여 깔끔하고 좋아요 지수도 굿입니다,"지수, 깔끔하다, 굿"
제품 아주 훌룡합니다 가격도 저렴하고 재질도 너무 좋고 아주 마음에 들어 요 굿,"훌룡합니, 저렴하다, 재질, 가격, 제품"
정말 좋은 제춤 정말 저렴하게 산 거 같아 요 너무 좋네요,"저렴하다, 춤"
무난하고 예뻐요 시켰는데 거의 딱 맞는 사이즈입니다,"사이즈, 맞다"
핏 좋고 가성비도 미쳤네요 한 티셔츠 가격에 두 개를 얻어서 좋아 여 많이 파세요,"가성비, 티셔츠, 가격, 파다, 개, 얻다, 미치다"
기장도 적당하고 넥라인 하고 이쁩니다 추천,"적당하다, 기장, 추천, 넥라인"
사이즈 딱 맞고 재질도 좋아요 가성비 좋게 잘산 거 같아요,"가성비, 재질, 사이즈, 잘살다, 맞다"
저의 여름을 책임졌다고 단언할 수 있는 아이템입니다 흰색이 살짝 밝은색이라 아쉬운데 잘 사용하고 있어요,"사용, 단언, 흰색, 아이템, 여름, 책임지다, 아쉽다"
디자인도 멋지고 누구나 어울리는 옷인 거 같고 무엇보다 가 성비에서 가장 좋은 거 같아요,"어울리다, 성비, 가장, 디자인, 멋지다"
원하은 핏 흐르는 핏 아주 좋아요 이번 가을 가성비 제대 러 뽑을 듯,"가성비, 하은, 가을, 흐르다, 제대, 뽑다"
반팔 진짜 잘 빠졌네요 사이즈며 마감이며 너무 맘에 들어요,"사이즈, 마감, 팔, 빠지다"
하고 여름에 입 기 좋은 거 같아요 흰색이랑 같이 와서 좋아요,"흰색, 오다, 여름"
옷 너무 예뻐요 안에 입기도 좋고 깔끔해서 좋아요 추천합니다,"추천, 깔끔하다"
크지도 작지도 않고 딱 맞는 사이즈로 이쁘게 입을 수 있는 옷이에요,"사이즈, 크다, 맞다"
무난하게 입 기 좋은 티셔츠에 요 개인적으로 검정색이 조금 더 예쁜 거 같아요,"검정색, 개인, 티셔츠"
넥라인이 조금 작지만 그거 빼곤 쨍한 색에 다가 한 재질이여서 오래 잘 입을 수 잇을 거 같습니다,"재질, 넥라인, 작, 그거, 색, 다가, 잇다"
라지가 살짝 오버핏이긴 한데 편하고 잘 어울려 좋아요,"어울리다, 라지, 편하다, 오버핏 이기다"
옷이 재질이 괜찮고요 색도 마음에 들어 요 아는 사람이 삿길래 저도 삿더니 넘이 뻐여,"넘다, 재질, 사람, 색도, 알다, 삿더"
옷이 예쁘고 색 삼이 선명해서 입기 좋고 질감이 좋아요,"선명하다, 질감, 삼이"
생각했던 크기라서 좋았고 레이어드 해서 입어도 괜찮을 길이였습니다,"크기, 레이어 드, 길이"
옷감 좋아요 잘 안 늘어날 것 같아 요 사이즈는 오버사이즈는 아닌 거 같아 요 적당해 요 일단 이라는 게 최고입니다,"오버 사이즈, 사이즈, 늘어나다, 아니다, 적당하다, 최고, 옷감"
목 부분이 다른 리뷰에서도 말 한 것처럼 좁아요 옷은 두껍고 비침 없이 좋아요,"리뷰, 좁다, 부분, 비치다, 두껍다"
이랑 중에 고민하다가 샀는데 사길 잘한 거 같아 요 엉덩이 다 덮어요 재질은 부드러워서 좋아요,"엉덩이, 고민, 재질, 자다, 중, 부드럽다"
무난해서 자주 입게 되는 거 같아 요 어떤 바지에 입어도 이 뻐서 좋아요,"바지, 어떻다, 되다"
개 가격으로 개를 구매할 수 있어 좋아요 소재 질감 두께 모두 만족합니다,"만족하다, 가격, 소재, 질감, 개, 두께"
편해서 입기 좋아요 사이즈도 적당해요 완전 추천,"적당하다, 편하다, 사이즈, 추천"
예뻐요 가성비템인 듯요 인데 질도 좋고 잘산 거 같아요,"가성비, 질도, 잘살다"
워터 밤에 갈 때 입었는데 너무 예쁘고 잘 입었습니다,"워터, 밤"
예일 로 고 가슴에 조그맣게 달려 있는 것도 맘에 들고 핏도 마음에 들어 요 잘 입고 다닐 듯,"달다, 가슴, 조그맣다"
빨래할 때 수축이 좀 있는데 색도 선명하고 기장도 적당해서 좋아요,"선명하다, 적당하다, 수축, 기장, 색도, 빨래"
로고가 작아서 부담스럽지 않고 가격도 저렴해서 매우 마음에 들어요,"부담, 저렴하다, 가격, 작다, 로고"
이쁘게 잘 나왔어요 저렴하게 잘 구입 했어요 두 틈하니 목이 늘어나 진 않아 요,"저렴하다, 틈, 늘어나다, 목, 나오다"
이라 클 줄 알았는데 사이즈 괜찮았고 핏도 좋아서 만족 스러워요,"스럽다, 사이즈, 만족, 이르다, 핏, 알다"
두 옷이 이 정도 가격이면 아주 좋은 거 같아 요,가격 이면
커플로 한 장씩 나눠 입었어요 두께도 너무 얇지 않아서 흰색 입어도 비침이 없어서 좋아요,"커플, 비치다, 나누다, 흰색, 없다"
깔끔하고 이쁩니다 여친이 좋아 햇어 요구 숫잡굿 잡,"여친, 요구, 햇, 숫잡굿, 깔끔하다"
무난하게 입을 수 있을 것 같아 요 재질 시원합니다,"시원하다, 재질"
진짜 무난해서 가볍게 입 기 좋은 거 같아 요 막 너무 얇지도 않고 적당히 무난무 난합니당 여름에 막 입고 나가기 좋은 거 같아요,"난하다, 무, 적당하다, 가볍다, 여름"
일단 배송 너무 빨라서 좋아요 흰티 비침이 없어서 좋은 거 같아 요 색상도 밝고 좋은데 두꺼운 거 같아요,"색상, 배송, 비치다, 희다 티, 없다"
처음에 샀을 때 만족하면서 샀는데 오버핏이라서 샀는데 한 번 빠니까 크롭티처럼 줄어든 듯 남자인데 크롭티를 입고 다닐 수도 없고,"크롭티, 크롭티, 만족하다, 줄어들다, 남자, 처음, 수도, 오버핏"
예일은 역시 두께감이 만족스러워요 예일 반팔티는 진짜 면이 인정입니다,"인정, 만족스럽다, 티, 예일, 예일, 두께"
기본 흰 티로도 입을 수 있고 운동복으로도 활용하기 좋네요,"운동복, 활용, 기본, 티"
생각보다 사이즈가 많이 크네요 저 같은 돼지가 입으면 이런 핏,"사이즈, 이렇다, 크다, 돼지"
옷 이 쁘고 딱 핏도 깔끔해서 좋네요 특히 흰색 티가 마음에 들어요,"흰색, 티, 핏, 깔끔하다"
반팔이 너무 얇은 게 아니라 두께감이 조금 있어서 오래 입을 수 있을 것 같아 요 목 부분도 안 늘어날 것 같고 데일리로 딱입니당,"일리, 팔이, 늘어나다, 아니다, 부분"
한여름에 입기에는 좀 두꺼워요 그렇지만 예뻐요,"한여름, 두껍다"
여기저기 막 입 기 좋아서 구매했습니다 여행가서 찍은 사진 올려드려요,"여행가, 여기저기, 올리다 드리다, 사진, 찍다"
일단 기본적인 디자거 같아 요 입었을 때 크지도 않고 작지도 않은 딱 보통 핏이고 두께도 많이 두껍지 않아서 흰티 입었어도 안비치더라구 용 전 매우 만족 햇습니 당,"기본, 비치다 구, 크다, 디 자다, 만족, 보통, 희다 티"
목 부분 엄청 하고 두께감도 조금 일반티보다 조금 있어요 그래도 더울 정도까진 아닌 거 같아요,"티보, 덥다, 아니다, 부분"
두께도 적당히 두툼하고 옷도 편하고 좋아요 같은 걸로 더 구매 예정입니다,"적당하다, 편하다, 두툼, 걸, 예정, 두께"
싼 가격에 편하게 입고 다니기 너무 좋네요 만족합니다,"만족하다, 편하다, 가격"
생각보다 두꺼워서 해요 한 여름에는 조금 더울 수도,"수도, 덥다, 여름, 두껍다"
사이즈 적당하고 두께감도 너무 얇지도 두껍지도 않아서 만족합니다,"만족하다, 적당하다, 사이즈, 얇다, 두께 감다, 두껍다"
옷 한번 빨았는데 검정색 흰색 둘 다 줄어들었어요 옷 자체는 예뻐서 큰 사이즈로 다시 주문합니다,"주문, 검정색, 사이즈, 다시, 자체, 흰색, 한번, 줄어들다, 빨다"
제가 제일 좋아하는 세미 오버핏 너무 좋아요 꼭 사세요,"제일, 세미, 좋아하다, 오버핏"
기본 티로 잊기 좋아요 두께가 두껍다면 두껍 다 할 수 있는데 저는 해서 구김이 덜해서 오히려 좋앗어요,"덜하다, 기본, 구김, 티, 잊다"
면이 적당히 두껍고 질이 좋습니다 핏도 나쁘지 않아서 여름에 많이 입을 것 같습니다,"적당하다, 질, 여름, 핏, 두껍다"
원단이 하고 심플한 기본 스타일로 슬랙스나 청바지에 매칭하기 좋아요 가격 대비 최고,"매칭, 청바지, 스타일, 심플, 원단, 슬랙스, 가격, 대비, 기본"
두께 적당해서 비침 없고 체형도 더 좋아 보여 요 다만 총 기장감이 조금 짧은 느낌이 없지 않아 있습니다,"적당하다, 기장, 체형, 보이다, 비치다, 짧다, 없다"
여름에 입기엔 좀 두껍고 목 부분이 작아 요 그래서 옷걸이에 걸 기 힘들고 잘 늘어날 거 같아 요 하지만 가격 대비 퀄이 좋고 기 본템으로 나쁘지 않습니다,"대비, 힘들다, 가격, 부분, 여름, 늘어나다"
낫배드 근데 흰색은 좀 큰 느낌 검은색은 입니다,"검은색, 흰색, 낫 배드"
조금 옷이 두툼해서 엄청 비치지도 않고 목 부분도 해서 좋아요,"두툼해, 비치다, 부분"
가격도 완전 저렴하고 부담 없이 데일리로 입을 수 있는 옷 두께도 적절해서 비치 지도 않음,"적절하다, 저렴하다, 일리, 가격, 비치, 부담"
생각보다 짧네요 좀 두꺼워서 여름에 입 기 더워요,"덥다, 여름, 두껍다, 짧다"
그냥 평소에 편하게 집 앞 나가거나 학교 갈 때 입 기 좋아요,"평소, 편하다, 학교, 그냥"
얇아 요 왜 두장에 만 원인지 알겠어요 하지만 예뻐요,"원인, 얇다, 알다"
재질도 하고 너무 두껍지도 않아서 여름에도 입고 다니기 좋네요 게다가 팩이라 아주 만족합니다,"만족하다, 재질, 팩, 여름"
예일꺼 만 샀었어서 주문했는데 많이 작 네 여 그래도 기본티 만족,"만족, 기본 티, 주문, 예일"
핏도 무난하고 검정 화이트 두 색상이라 기본으로 입 기 좋은 것 같아 요,"색상, 검정, 기본, 화이트, 핏"
후기 보고 샀는데 길이랑 두께감이 좋았습니다 흰색은 엄청 비치지 않아서 더 좋았던 것 같아요,"길이, 흰색, 비치, 후기, 보고"
심플하니 이쁩니다 예일 최고 잘 입겠습니다,"심플, 최고, 예일"
가격도 적당하고 기본 티라서 입기에 적당합니다,"적당하다, 적당하다, 가격, 티, 기본"
색감 두께감이 마음에 들고 목도 안 늘어나서 좋았어요 근데 개인적으로 기장이 더 길었으면 좋겠네요,"개인, 기장, 늘어나다, 목도, 색감"
면이 두꺼운 편이어서 좋았어요 사이즈도 하고 두장이라 더 좋아요,"편, 사이즈, 두껍다"
딱 좋아요 가성비 좋게 여름 반팔 구했어요 흰색 많이 비칠까봐 걱정했는데 다행히 아니더라구요 이너로 입어도 좋고 좋아요,"아니다, 다행하다, 가성비, 흰색, 비치다"
싸고 좋아요 앞으로 자주 입을 거 같아 요 시원하고,"시원하다, 싸다, 앞"
여름에 한 장 걸치고 다니기 좋습니다 툭 튀도 없네요,"걸, 여름, 없다, 튀다"
여름에 입을 수 있을 정도로 시원하고 스타일리쉬합니다,"시원하다, 여름, 스타일리쉬"
저렴하게 예쁜 티 두 장 삿어요 마름에 글어요 잘 삿습니다,"저렴하다, 어요, 마름, 삿어, 삿습니"
기본 스타일이고 두께도 보통으로 여름에 입 기 무난 합니다 흰색과 검은 색이 있어 가격도 착합니다,"착하다, 스타일, 가격, 흰색, 색, 검다, 보통, 기본"
너무 좋네요 깔끔하고 보기 좋아요 사 길 잘했네요,"보기, 깔끔하다"
여자친구 데일리룩에 이 쁘고 마음에 들어 요,"여자친구, 일리"
로고도 크지 않아서 편하게 입 기 좋아요 너무 길어서 넣어 입기도 어려운 옷들이 있는데 기장도 적당해요 흰색이 푸른 색이 돌 정도로 흰색이라 조금 놀랐지만 입 다 보면 나아지겠죠 뭐,"적당하다, 흰색, 흰색, 어렵다, 색, 기장"
옷감 두께도 너무 얇거나 두껍지 않게 적당한 편이고 핏이나 길이 다 맘에 들어요,"적당하다, 편이, 길이, 핏, 옷감, 얇다"
정 사이즈로 잘 맞았습니다 옷 사이즈 구매에 참고하시길,"사이즈, 참고, 사이즈, 맞다"
땀 흡수도 잘 되고 핏도 무난하고 적당히 막 입기 괜찮고 좋음,"흡수, 적당하다, 핏, 되다"
여름 반팔로 좋습니다 하나씩 쟁여두고 막입으면 좋아요,"막, 쟁여두, 하나, 팔로, 여름"
여름에 입 기 딱 좋은 두께에 요 몸에 열 많은데 너무 마음에 드네요,"여름, 몸, 많다, 두께"
기대했던 것보다 더 맘에 드네요 다른 색깔 있으면 또 입어보고 싶습니다,"입어보다, 싶다, 색깔, 기대하다"
선물 줬는데 무난하고 데일리 좋습니다 말해 뭐 할까요 여름에 데일리,"말, 일리, 선물, 여름, 주다"
한여름에 입 기 살짝은 더울 것 같지만 편하게 입을 때 좋아요,"편하다, 한여름, 덥다"
너무 이쁘게 잘 입고 있습니다 최고에 요 너무 편해여,"편하다, 최고"
너무 잘 입고 있어요 평상시에 입 기 너무 좋아요 최곱니다,"평상시, 최 곱다"
가슴이나 총기 장 팔기장은 다 만족스럽고 목 부분도 좁은 느낌이 좋아 핏도 이 뻐요,"만족스럽다, 기장, 좁다, 총기, 가슴, 부분, 핏"
옷 두께감이 좀 얕아서 올 여름만 입을 수 있을 거 같네요 빨래하고 나면 늘어날까 걱정이긴 하네요,"걱정 이기다, 여름, 나다, 얕다, 빨래, 두께, 늘어나다"
옷 면이 너무 안 좋아 요세탁 한 번 하니 별로에요 꺼꿀까 끌해요,"별로, 세탁, 끌, 끄다 꾸다"
일할 때 편하게 입고 일 할 수 있어서 좋은 거 같아요,"편하다, 일"
입을 만해 요 이너로 입기도 좋고 하나만 입기도 좋아요,"만해, 하나"
가격 대비 면 소재가 넘 좋았어요 비침도 잘 없어서 입기 좋아요,"소재, 비치다, 가격, 대비, 없다"
진짜 이쁘고 원단도 좋은 느낌 부모님도 이런 티샤츠 하나 주문해달라 하시네요,"부모님, 원단, 주문 해달라다, 이렇다, 하나, 티샤 츠"
사이즈도 잘 맞고 옷 퀄리티도 좋은 것 같아요 재구매 의사 있습니다,"퀄리티, 사이즈, 재다, 의사, 맞다"
너무 큰 오버핏이 아닌 슬림핏을 원했는데 한 사이즈 줄이니 딱인 거 같아요,"아니다, 줄이다, 사이즈, 원하다, 오버핏, 슬림핏, 딱이다"
아들 입히려 고 샀는데 큰딸이 입게 되었어요 이쁘네요,"입히다, 아들, 되어다, 큰딸"
두께감도 적당해서 비치지 않고 목 주변도 너무 넓지도 작지도 않다,"적당하다, 주변, 비치, 두께 감다, 넓다"
검정 티가 좀 더 두꺼워서 참고하시면 좋을 듯요 가격 대비 원단이 좋은 거 같아서 마음에 드네요,"참고, 검정, 대비, 원단, 가격, 티"
재질도 부드럽고 편하게 입 기 딱 좋네요 추천합니다,"추천, 부드럽다, 편하다, 재질"
적당한 오버핏이어서 좋고 목이 잘 늘어나 지 않아요,"적당하다, 목, 늘어나다, 오버핏"
색감도 너무 선명하고 브랜드 대비 좋은 가격에 산 것 같아 만족합니다,"선명하다, 만족하다, 색감, 가격, 브랜드, 대비"
예쁘고 편해요 그리고 개라서 입고 다니기 좋아요,"편하다, 개"
품질 좋아 보이고 한 반팔티 같음 가성비 최고,"가성비, 티, 보이, 품질, 최고"
일단 두께감이 있어 속이 비치지가 않고 사람들이 평소에 입 기 평한 재질이에요,"재질, 평소, 비치다, 속이다, 사람, 평, 두께"
다 좋은데 목 부분이 너무 해요 완전 목에 딱 맞아서,"목, 부분, 맞다"
예일티 자주 애용 중입니다 잘 입을 게요,"애용, 중, 티"
예일 옷 한번 사고 사이즈도 잘 맞아서 계속 구매하게 되네요,"사이즈, 한번, 사고, 예일, 맞다, 되다, 계속"
인데 충분히 하고 두께도 좋고 해요 착용감이 너무 좋습니다,"충분하다, 착용, 두께"
엄청 더울 것 같지도 않고 안 비칠 정도로 적당한 두께랑 길이도 적당해서 너무 좋아요 자주 입고 다닐 것 같아 요 저랑 키 비슷하면 사이즈가 딱 좋을 것 같슴당,"적당하다, 적당하다, 비치다, 사이즈, 길이, 덥다"
가성비 지리고 흰 티셔츠도 꼭 찌스가 안 비치네요 두껍지도 않고 이 거 무조건 사야 함 꿀템,"티셔츠, 가성비, 무조건, 비치다, 지리, 두껍다, 꿀템, 찌스"
사이즈 중에 기장이 제일 중요하게 생각하는데 잘 맞아요,"중요하다, 기장, 사이즈, 중, 제일, 맞다"
기본 티셔츠로 매우 좋습니다 사이즈 적당해서 좋아요,"적당하다, 티셔츠, 사이즈, 기본"
적당히 두꺼워서 비침 없고 한 여름에도 입을 수 있어요,"적당하다, 여름, 비치다, 없다, 두껍다"
이 브랜드 옷 처음 사봤는데 옷 질이 아주 좋네요 적당히 두꺼워서 살이 비치지도 않고 해요 흰색은 아주 쨍한 흰색입니다,"흰색, 흰색, 적당하다, 비치다, 살이, 처음, 질, 브랜드"
편하게 입을 기본티로 아주 좋아요 할인할 때,"편하다, 티, 할인"
두께감이 적당해서 레이어드 해서 입을 수도 있고 단벌로도 입을 수 있어 좋아요,"적당하다, 단벌, 레이어 드, 수도, 두께"
시원하게 잘 입고 다닐 수 있겠어요 비침은 없는 편인 것 같아 요,"시원하다, 비치다, 편, 없다"
두께감 조금 있어서 흰색은 비침 그닥 없을 듯해요 사이즈는 정 사이즈입니다,"사이즈, 사이즈, 흰색, 그닥, 비치다, 없다, 두께"
도톰하고 해서 여름 입기 좋을 것 같아요 사이즈도 적당하구요 만족합니다,"만족하다, 적당하다, 사이즈, 도톰하다, 여름"
이쁘고 심플합니다 평상시 입기 좋아요 추천추천,"평상시, 추천 추천, 심플"
베송 빠르고 편하게 입을 수 있어서 좋아요 핏도 예쁘네요,"편하다, 베송, 핏, 빠르다"
퀄리티가 전체적으로 좋네요 특히 목 부분이 해서 이너로 입어도 잘 보일 거 같아요,"전체, 퀄리티, 보이다, 부분"
한 코튼티예요 목 늘어짐이 없을 듯 트레이닝이나 청바지 입을 때 기 본 티로 깔끔해요,"청바지, 늘어지다, 트레이닝, 티, 코튼 티, 없다, 깔끔하다"
옷 입기 편하고 안에 잘 안 비츠는 재질이라 좋은데 조금 잘 늘어난다는 단점이 있어요,"늘어나다, 재질, 비츠, 단점, 편하다"
이 가격에 이 정도 퀄리티의 티셔츠가 두개 라니 너무 마음에 들어요,"티셔츠, 퀄리티, 가격, 개"
배송도 빠르고 옷도 이 쁜데 잘 구겨져요 세탁 조심,"구기다, 배송, 조심, 세탁, 쁜데, 빠르다"
이 뻐요 사이즈도 딱 좋고 기본티로 좋은 거 같아요,"티, 사이즈"
여름 반팔로 입 기 좋아요 사이즈도 오버핏 엉덩이까지 내려와 요 마음에 들어요,"사이즈, 팔로, 내려오다, 여름, 오버핏, 엉덩이"
색도 사진이랑 같고 핏도 예쁘게 잘 나오고 좋아요,"사진, 나오다, 색도, 핏"
제품받고 세탁 전에 입엇을 때는 너무 만족스러 웟어요 두께도 도 톰하고 마감도 깔끔해서 요 근데 세탁하고 나니까 길이가 거의 한 뼘은 줄어든 거 같아 요 신랑 입히려 고 산 건데 외출할 때 입으라고 줫더니 배꼽티냐고 안 입겟다고 벗어버리네요 잠옷으로 사용 중입니다 품은 그대로인데 길이만 줄어들어서 동네 모지리 같아 요큐,"줄어들다, 만족스럽다, 중, 사용, 줄어들다, 세탁, 지리, 길이"
가장 무난하고 핏도 너무 이쁘네요 막 요리조리 코디하기 편해요,"요리조리, 코디, 편하다, 가장, 핏"
두루두루 아무 곳에 매치하기 좋습니 더 가성비 좋아요,"매치, 가성비, 곳"
깔끔하고 예쁘고 가성비 좋은 여름 티셔츠 입니다,"가성비, 티셔츠, 여름, 깔끔하다"
깔끔합니다 가성비 좋습니다 원잔 좋습니다 번창하세요,"번창, 가성비, 잔, 깔끔하다"
엄청 시원하고 기능성 옷처럼 약간 땀 흘리는 건 금방 마르고 굉장히 편합니다,"기능, 편하다, 시원하다, 흘리다, 마르고, 금방, 굉장하다"
한번 빨았다고 옷이 거의 한 사이즈 줄어버려서 못 입게 되었네요,"줄다 버리다, 한번, 사이즈, 빨다, 되어다"
목 부분이 작아서 당황했는데 입고 나선 괜찮아요 추천해요,"추천, 작다, 부분, 나선, 당황"
재질 너무 좋고 사이즈도 잘 맞고 시원하니 너무 좋네요,"사이즈, 시원하다, 재질, 맞다"
목 부분이 해서 좋아요 비침도 거의 없고 좋네요,"비치다, 부분, 없다"
너무 좋아요 꼭 사세요 넣어 입기도 편하고 막 입기 좋아요,"편하다, 넣다"
커버낫 패키지 이후로 가성비 좋은 티 구매해서 만족합니다 예일 포인트가 적당히 예쁘네요 여름에 잘 입고 다닐 겁니다랄라,"만족하다, 겁니다, 적당하다, 가성비, 포인트, 이후, 패키지"
재질이 너무 좋아서 또 구매했어요 진짜 시원하고 괜찮은 옷이에요,"시원하다, 재질"
앞면 로고 써진티는 스몰 했는데 적당히 맞았어티는 미듐인데 하니 더 편한 거 같네요 운동할 때 입을 려고 산 거라 하나 더 사야겠어요 질도 좋고 괜찮아요,"미듐, 써다 티, 운동, 적당하다, 하나, 질도, 려고"
두께감도 적당히 있고 옷 자체가 한 느낌이라 넘 좋습니다 너무 얇아서 비치거나 흐물거리는 느낌이 아니에 요 흰색도 완전 새하얀 흰색이라 좋아요,"흰색, 비치다, 흰색, 적당하다, 흐물거리, 아니다, 자체"
비침 없고 목 부분 해요 아무 생각 없이 입기 좋아요,"비치다, 부분, 없다"
색감 사이즈 모두 만족하고 편하게 입을 수 있어요,"만족하다, 사이즈, 편하다, 색감"
색이 쨍하고 핏이 뚝 떨어져서 이쁩니다 넣어 입기 좋은 옷이에요,"색, 핏, 쨍, 떨어지다, 넣다"
간단하고 심플해서 예쁘고 영어로 포인트가 있어서 좋았다,"심플, 영어, 포인트, 간단하다"
심플하고 무난하고 영어로 포인트가 있어서 예쁘다,"영어, 심플, 포인트"
흰 색이 좀 쨍하게 밝긴 하지만 이 가격에 이런 제품 없어요,"색, 가격, 이렇다, 제품, 쨍하, 없다, 밝다"
품도 하고 여름에 입 기 딱 좋네요 자주 입을 것 같아요,"여름, 품다"
중인데 약간 오버핏으로 입을 만 합니다 감사합니다,"중, 오버핏"
예일이라 그런지 반팔이 고급 지고 해서 좋아요 재구매 의 향 있습니다,"그렇다, 재다, 팔이, 고급, 지고, 예일"
너무 좋아요 매일 입고 다녀 요 강추드려요 추천추천,"추천 추천, 강추 드리다, 매일"
운동복이나 일상복으로 편하게 입기 좋아요 예뻐요,"상복, 운동복, 편하다"
밑장이 길어서 넣입을 할 때 좀 불편하긴 합니다 고려하세요,"고려, 불편하다, 밑, 넣다"
너무 좋아 한 번 더 구매했습니다 씨고 좋습니다 굿,씨
이너로 입기에 나쁘지 않고 단독으로 입어도 나쁘지 않아 요 살 집이 있으시면 하게 사이즈 고르시길,"고르다, 집, 사이즈, 단독"
