Review,common_keywords_all,common_keywords_3_plus,all_keywords_combined
생각보다 늦게 왔지만 맘에 드는 체크무늬랑 색감이 고 크기도 적당해요 재질도 여름에 입어도 될 것 같아 용 남자가 입음 좀 짧을 수도, 재질,"남자, 무늬, 색감, 수도, 재질, 적당하다, 짧다, 체크, 크기","남자, 늦다, 무늬, 색감, 수도, 여름, 오다, 재질, 적당하다, 짧다, 체크, 체크 무늬, 체크무늬, 크기"
기장이랑 핏이 아주 좋네요 가성비 훌륭한 셔츠인 것 같아요,,"가성비, 기장, 셔츠, 핏, 훌륭하다","가성비, 기장, 셔츠, 핏, 훌륭하다"
편하게 입기도 좋고 웨이트하는 사람이 입어도 충분히 잘 맞네요,,"맞다, 사람, 충분하다, 편하다","맞다, 사람, 운동, 웨이트, 충분하다, 트, 편하다"
안흔한 체크 셔츠 찾다가 괜찮아 보이길 랴 구매했어요 색감이 쁘고 핏도 좋고 재질도 부드럽고 좋은데 단추가 너무 하얀색인 게 좀 아쉬웠지만 만족합니다,,"단추, 만족하다, 보이다, 부드럽다, 색감, 아쉽다, 재질, 찾다, 하얀색, 흔하다","단추, 만족하다, 보이다, 부드럽다, 색감, 색깔, 셔츠, 아쉽다, 재질, 찾다, 체크, 체크패턴, 핏, 하얀색, 흔하다"
이 색상의 체크가 예뻐서 샀는데 유행인지 돌아 다니면 하루에 명은 마주 침 근데 예뻐서 포기할 수가 없음 여름에 햇빛 때문에 셔츠를 많이 입는데 부드럽고 가 벼워서 계속 입고 출근하러 갑니다 가격이 아쉽긴 하지만 그래도 만족합니다, 유행,"마주, 벼워, 색상, 셔츠, 유행, 출근, 햇빛","가격, 가다, 가볍다부드럽다재질, 계속, 돌다, 때문, 마주, 만족하다, 벼워, 부드럽다, 색상, 셔츠, 여름, 유행, 인지, 체크, 출근, 포기, 하루, 햇빛"
원단이 얇아 여름에 입 기 좋고 색감과 체크무늬가 마음에 듭니다 총장도 크게 길지 않은 점도 좋습니다, 여름,"길다, 무늬, 색감, 얇다, 여름, 원단, 체크, 총장, 크게","길다, 듭니, 무늬, 색감, 얇다, 여름, 원단, 점도, 체크, 체크 무늬, 체크무늬, 총장, 크게"
마감은 너무 별로예요 좀 충격적 일 정도로 실밥이 팔 접어서 올리는 데 깜짝 놀랐네요 크롭 한 기장과 두께감 모두 좋은데 마감은 좀 신경 쓰셔야 할 것 같아 요,,"기장, 깜짝, 마감, 별로, 신경, 실밥, 올리다, 접다, 충격, 크롭","기장, 깜짝, 두껍다, 두께감, 마감, 별로, 신경, 실밥, 쓸다, 예요, 올리다, 접다, 충격, 크롭, 크롭기장, 팔접힌상태"
잠궈서 입으면 뭔가 덩치가 커 보이는 핏이여서 오픈해서 이쁘게 입고 다닐 거 같습니다,,"보이다, 오픈, 잠그다, 핏이","덩, 덩 치가, 덩치크다보임, 뭔가, 보이다, 여서, 오픈, 잠그다, 치가, 크다, 핏이"
평소 착용 약간 딱 맞음 세탁 한번 했는데 구김이 잘 생기고 카라가 말림 핏과 색상 맘에 들어 요 다만 가격이 좀 쌘편 만 원 초반대였으면 여러 벌 사서 돌려 입어도 좋을 듯,,"가격, 대다, 돌리다, 말림, 색상, 생기, 여러, 카라, 핏","105착용, 가격, 구김, 구김많이생기, 대다, 돌리다, 말림, 사서, 색상, 생기, 세탁, 쌘편, 여러, 착용, 초반, 카라, 카라말림, 평소, 핏"
에어컨 많이 가동하는 곳에서 가끔 입는데 너무 이 쁘고 적당히 얇아서 좋아요," 에어컨,  가동","가동, 곳, 얇다, 에어컨, 적당하다","가끔, 가동, 곳, 많이, 얇다, 에어컨, 적당하다, 적당하다두께, 편하다"
막 입을 셔츠 치 고 가격이 높아서 고민했는데 입어보고 너무너무 만족스러웠습니다 다른 색상으로도 또 갖고 싶네요, 셔츠,"가격, 고민, 높다, 만족스럽다, 색상, 셔츠, 싶다, 으로도, 입어보다","가격, 갖다, 고민, 높다, 만족감, 만족스럽다, 색상, 셔츠, 싶다, 으로도, 입어보다, 편하다"
색깔은 괜찮은데 실밥 마감이 좀 아쉬워요 그래도 얇아서 좋아요, 색깔,"마감, 색깔, 실밥, 아쉽다, 얇다","마감, 색깔, 실밥, 실밥마감, 아쉽다, 얇다"
안흔한 체크 셔츠 찾다가 괜찮아 보이길 랴 구매했어요 색감이 쁘고 핏도 좋고 재질도 부드럽고 좋은데 단추가 너무 하얀색인 게 좀 미쓰인 것 같아요,,"단추, 보이다, 부드럽다, 셔츠, 재질, 찾다, 체크, 핏, 하얀색, 흔하다","단추, 밉다, 밉다 쓰이다, 보이다, 부드럽다, 색감, 색깔, 셔츠, 쓰이다, 재질, 찾다, 체크, 체크패턴, 핏, 하얀색, 흔하다"
빈티지한 오버셔츠 찾다가 눈에 확 들어와서 특가에 들인 후크의 네이비 셔츠 이번에 눈팅하다가 후크란 브랜드를 접하고 쭉 둘러보며 겟한 친구 중에 하나 실물 봤을 때 딱 든 생각이 오케이 색감 패턴 워싱 빈티지함 모두 성공 내가 원하는 느낌으로 스타일링 할 수 있겠다 하지만 딱 착용하는데 깜짝 놀랬다 생각보다 엄청 커서 인 분들도 세미오버나올 듯 품이 엄청나 다  그레도 그 하고 툭 떨어지는 맛에 원하는 느낌 내기가 용이 할 거 같지만 원단은 얇아서 부담 없이 걸치기 좋을 거 같다 두꺼우면 계절을 더 신경 써야 되니깐 무튼 너무 잘 구매했고 예쁘게 스타일링해서 입어보겠습니다 후크 무서운 신성이네요,,"브랜드, 신성, 일링","걸치다, 내기, 네이비셔츠, 놀래다, 둘러보다, 들어오다, 무섭다, 부담, 브랜드, 빈티, 색감, 성공, 세미 오버 나오다, 셔츠, 스타, 스타 일링, 신성, 오버, 오버 셔츠, 오버셔츠, 원하다, 일링, 착용, 틀다, 후, 후크"
색상도 좋고 봄 가을에 입 기 좋아요 다만 기장감이 생각보다 더 짧긴 합니당, 색상,"가을, 색상, 짧다","가을, 기장, 기장감, 봄가을, 색상, 짧다"
생각보다 체크 배색이 남색보다 베이지 비중이 더 큰 거 같아 요 좀 더 어두운 톤의 체크라고 생각했는데 실제로는 좀 화사하고 확 튀네요 그래도 빈티지하고 흔한 체크 색상이 아니라서 만족합니다 꽤 가벼워서 여름에도 입기 좋을 거 같아요,,"가볍다, 남색, 두운, 라고, 만족하다, 배색, 비중, 색상, 체크, 톤","가볍다, 남색, 두운, 라고, 만족하다, 배색, 베이지, 비중, 빈티 지하, 빈티지, 색깔, 색상, 아니다, 여름, 지하, 체크, 체크배색, 톤, 튀다, 화사하다, 흔하다"
무더위가 좀 풀리면 입기 좋을 거 같습니다 디자인이 이쁩니다,,"디자인, 무더위, 풀리다","디자인, 무더위, 풀리다, 풀림"
기장은 짧은데 오히려 좋고 좋은 가격에 잘 샀어요,,"가격, 기장, 짧다","가격, 기장, 짧다"
평소 입는데 커 보여서 시켰는데 잘 시킨 것 같아요,,,"L사이즈, M사이즈, 보, 여서, 크다, 평소"
사이즈가 딱 좋습니다 옷이 두껍지도 않아서 팔 접어서 입으면 좋습니다 날씨가 좀 더 해지면 티에 입어도 좋을 것 같아 요, 사이즈,"날씨, 사이즈, 접다, 해지","날씨, 두껍다, 두께, 사이즈, 접다, 티, 티셔츠, 팔접기, 해지"
너무 잘 맞고 예쁘네 여 앞으로도 많이 구매할게요 감사합니다,,"맞다, 앞","많이, 맞다, 앞, 으로도, 자다"
남편이랑 옷 같이 입기 좋아요 만족합니다 가을이 왔으면,,"가을, 남편, 만족하다, 오다","가을, 남편, 만족, 만족하다, 오다"
색감이 너무 유니크 합니다 아주 멋져요 기장이 약간 짧은 느낌이긴 한데 그래도 너무 이 뻐서 자꾸 손이 갑니다, 기장,"기장, 느끼다, 멋지다, 색감, 손, 유니크, 짧다","가다, 기장, 느끼다, 멋지다, 색감, 손, 유니크, 자꾸, 짧다"
걍 이 쁨 워싱데님이 더 잘 어울리는 바지 같음 자주 입을 듯,"워싱데님,  바지","바지, 어울리다, 워싱데님","바지, 어울리다, 워싱데님"
엉덩이 덮는 충분한 사이즈입니다 프리 사이즈인 줄 알았는데 미디엄이랑 라지 나뉘어져 있어서 고민했었네요, 라지,"나뉘어지다, 덮다, 라지, 미디엄, 사이즈, 알다, 엉덩이, 충분하다, 프리","고민, 나뉘어지다, 덮다, 라지, 미디엄, 사이즈, 알다, 엉덩이, 엉덩이덮다, 충분하다, 프리, 프리사이즈"
날씨가 더워져서 자주는 못 입겠지만 너무 이쁩니다,,"날씨, 더워지다","날씨, 더움, 더워지다, 싫다"
사이즈도 잘 맞고 배송도 빨리 왔어요 다양한 코디에 입을 듯," 배송,  코디","다양하다, 맞다, 배송, 사이즈, 오다, 코디","다양하다, 맞다, 배송, 빨리, 사이즈, 오다, 코디"
생각보다 색이 밝은 데 사진에서 보는 것만큼 예쁘네요 조금 다른 쪽으로 다르긴 하지만 만족스럽습니다, 사진,"다르다, 만족스럽다, 사진, 색","다르다, 만족스럽다, 밝다, 사진, 색, 색깔, 쪽"
실제로 입어보니 체형 보완도 되는 것 같고 스타일도 괜찮네요,,"보완, 스타일, 실제, 입어보다, 체형","되다, 보완, 스타일, 실제, 입어보다, 체형, 체형보완"
간절기에 입 기 좋아요 체크 셔츠인데 흔하지 않고 색도 마음에 드네요,,"간절기, 색도, 셔츠, 체크, 흔하다","간절, 간절기, 색깔, 색도, 셔츠, 인데, 체크, 체크셔츠, 흔하다"
두껍지 않아서 마음에 듭니다 가을에 입 기 좋을 것 같습니다,,"가을, 두껍다","가을, 두껍다, 두께, 듭니, 옷감"
생각보다 훨씬 예뻐요 저렴하게 잘 구입했요,,저렴하다,"가격, 저렴하다, 크기"
그냥 제가 생각한 사이즈 핏 입니다 너무 이쁘네요,,사이즈,"그냥, 사이즈, 사이즈핏"
이쁩니다 체크 셔츠 살려 했는데 잘 산거 같아 요 굿,,"살리다, 셔츠, 체크","살리다, 셔츠, 잘살다, 체크, 체크셔츠"
너무 이 뻐요 핏이 작살남 어디든 이 쁠 거 같고 여름에도 얇아서 입는 거 가능,,"가능, 얇다, 여름, 핏","가능, 남, 얇다, 여름, 작살, 작살 남, 핏"
가성비 너무 좋고 핏도 좋고 이 뻐요 색상별로 구입하고 싶네요, 가성비,"가성비, 색상, 싶다, 핏","가성비, 별로, 색상, 색상 별로, 싶다, 핏, 하고"
얇고 해 보여서 좋습니다 가볍게 입 기 좋은 거 같아요, 얇다,"가볍다, 보, 얇다","가볍다, 보, 얇다, 여서, 편하다"
색감이 생각보다 빈티지하고 밝아요 얇아서 여름에 딱입니다," 얇다,  밝다","딱이다, 밝다, 빈티, 색감, 얇다, 여름","딱이다, 밝다, 빈티, 빈티 지하, 빈티지, 색감, 얇다, 여름, 지하"
평소 입는데 잘 맞고 이쁜 거 같아 요 잘 입겠습니다,,맞다,"l, 맞다, 평소"
실물보니 이 뻤고 가볍습니다 얇은 재질입니다 디자인 만족합니다," 디자인,  얇다","가볍다, 디자인, 만족하다, 뻤, 실물, 얇다, 재질","가볍다, 디자인, 만족하다, 뻤, 실물, 실물보내다, 얇다, 재질"
너무 커요 특히 팔뚝 부분 통이 너무 넓어요 전체 폼도 크고 많이 오버핏입니다 색감은 이 뻐요 면도 얇고 다시 주문한다면 한 치수 작게 주문할 거 같네요,,"넓다, 면도, 색감, 작다, 전체, 주문, 치수, 크다, 팔뚝","넓다, 면도, 부분, 색감, 색깔뽀, 얇다, 오버핏, 오버핫, 작다, 전체, 전체폼크다, 주문, 치수, 크다, 통, 팔뚝, 팔뚝부분통넓다, 폼"
시원해 보이는 색이 마음에 듭니다 다 만 상품 설명보단 물 빠진 색인데 그게 더 마음에 드네요,,"보단, 보이다, 빠지다, 상품, 설명, 시원하다","그게, 듭니, 물빠지다색감, 보단, 보이다, 빠지다, 상품, 색, 설명, 시원하다, 시원하다색감, 인데"
핏이 좋게 나와 요 얇아서 여름에 실내에서 입기 좋습니다, 얇다,"나오다, 실내, 얇다, 여름, 핏","나오다, 실내, 얇다, 여름, 핏"
예뻐요 그리고 얇아서 팔 걷어올리고 여름에 입으면 됩니다 첫 셔츠 성공이요, 얇다,"걷다, 성공, 셔츠, 얇다, 여름","걷다, 걷다 올리다, 되다, 성공, 셔츠, 얇다, 여름, 여름편하다, 올리다, 첫번째셔츠, 팔걷다올리기쉬움"
가격 대비 너무 이 뻐 버리고 후배 여동생이랑 밥 맛 잇게 먹고 왓슴 다, 버리다,"가격, 대비, 먹다, 버리다, 여동생, 왓슴, 잇다, 후배","가격, 가격대, 대비, 먹다, 밥맛먹기, 버리다, 여동생, 오다, 왓슴, 잇다, 후배, 후배여동생"
깔끔하고 핏이 예쁩니다 흰색 부분인 줄 알았는데 베이지 붉은 느낌이 조금 들어가 있습니다,,"깔끔하다, 들어가다, 베이지, 부분, 붉다, 알다, 핏, 흰색","깔끔하다, 깔끔하다핏, 들어가다, 베이지, 부분, 붉다, 색깔, 알다, 핏, 흰색"
체크 셔츠 하나만 살 생각으로 샀어요 데일리하면서도 이쁜 체크는 이걸로 하세요,,"걸, 데일리, 셔츠, 체크, 하나","걸, 데일 리하 서도, 데일리, 셔츠, 체크, 체크셔츠, 하나"
핏 좋고 색감 이 뻐요 자주 입고 있습니다 날 조금 더 풀리면 너무 자주 입을 거 같아요,,"색감, 풀리다","색감, 풀리다, 풀림, 핏"
사이즈인데 생각보다 많이 크네요 오버핏 셔츠는 처음이라 유튜브 보고 코디 좀 보고 입어봐야겠네요 색감 넘 이 쁩니다,,"보고, 쁩니, 사이즈, 색감, 오버핏, 유튜브, 입어보다, 처음, 코디, 크다","M사이즈, 보고, 쁩니, 사이즈, 색감, 셔츠, 오버핏, 오버핏셔츠, 유튜브, 인데, 입어보다, 처음, 코디, 크다"
색이 예쁘고 편하게 잘 입을 수 있을 것 같아 요 체크 셔츠 갖고 싶었는데 좋아요,,"갖다, 색, 셔츠, 체크, 편하다","갖다, 색, 색깔, 셔츠, 싶다, 착샷, 체크, 편하다, 편하다옷감"
배송 매우 빠릅니다 포장 되게 하게 해서 옵니다,,"배송, 빠르다, 포장","되게, 배송, 빠르다, 옵니다, 포장"
사이즈는 크고 기장이 조금 짧은데 충분히 요즘 느낌으로 입을 수 있을 것 같아 요,,"기장, 사이즈, 짧다, 크다","기장, 길이, 사이즈, 짧다, 충분하다, 크기, 크다"
가성비 최고 색도 사진이랑 같애요 가을 자주 입을 것 같숩니 다 좋은 제품 입니다, 가성비,"가성비, 가을, 사진, 색도, 애, 제품, 최고","가성비, 가을, 같숩, 사진, 색깔, 색도, 애, 제품, 최고"
얇아서 여름에도 입을 만한 것 같아 요 개인적으로 굉장히 만족합니다 질감이 두껍지 않으면서도 흐물 흐물 하진 않아서 맘에 들어요, 질감,"개인, 두껍다, 만족하다, 얇다, 여름, 질감, 하진","개인, 굉장하다, 두껍다, 만족하다, 얇다, 여름, 질감, 하진, 흐물"
이 뻐요 색감이 빈티지하면서 네이비 색이 시원한 느낌을 을 줘 거 코디 난이 그리 높지 않고 여름에 입이 좋아요, 여름,"난이, 네이비, 높다, 빈티, 색, 색감, 시원하다, 여름, 코디","그리다, 난이, 네이비, 높다, 빈티, 빈티지, 색, 색감, 시원하다, 여름, 주다, 지, 코디, 코디난이도"
완전이 이 뿌고 색감도 좋아서 편하게 입을 수 있겠어요,,"뿌, 색감, 편하다","뿌, 색감, 이뽀, 편하다"
타임세일 때 구매해서 엄청 저렴하게 샀어요 날이 조금 더 해지면 입을 수 있겠어요,,"날, 저렴하다, 타임세일, 해지","가격, 날, 날씨, 저렴하다, 타임세일, 해지"
옷 색감이나 핏이 너무 이 뻐요 이번 가을에 엄청 입고 다닐 거 같아 요 감사합니다,,"가을, 색감, 핏","가을, 색감, 이나, 핏"
문의 글에 배송이 무슨 일주일이 주 못 받고 계신 분들이 있어서 월요일 결제하고 금요일까지 받아야 했는데 월요일 결제 화요일 도착했네요 쿠팡인 줄 역시 대한통운에 빠른 출고와 빠른 도착 감사합니다 저는 크게 입어서 입습니다 주문했고요 엉덩이 덮는 기 장 좋아서 크게 삼 엉덩딱 덮고 좋움 세일할 때 사 소 더 좋윰,,"도착, 받다, 배송, 월요일, 일주일, 출고, 화요일","결제, 금요일, 기장, 덮다, 도착, 문의, 받다, 배송, 빠르기, 빠르다, 엉덩이, 월요일, 일주일, 좋윰, 출고, 쿠팡, 크게, 크기, 통운, 하고, 화요일"
괜찮네 여 가을에 입기에는 많이 많이 얇 음 에어콘 있는 실 내에서 추울 정도,,"가을, 내, 에어콘, 추다","가을, 내, 많이, 실내, 얇다, 에어컨, 에어콘, 추다"
기장 핏 오버하고 히 좋아요 가을이 기 다려지네요,,"가을, 기장, 다려지다, 오버","가을, 기다림, 기장, 기장핏, 다려지다, 오버, 오버핏, 하고, 히트상품"
옷이 편하고 이 뻐서 자주 입을 것 같아 요 감사합니다,편하다,편하다,편하다
이 가격에 싼 게 미안해 질 정도로 잘 만들어진 예쁜 옷입니다,,"가격, 만들어지다, 미안하다","가격, 만들어지다, 미안하다, 싫다, 싸다, 자다만들다"
체크 셔츠 색감이랑 너무 마음에 드네 여 근데 조금 사람들이 많이 입나 봐요,,"사람, 색감, 셔츠","근데, 드, 많이, 사람, 색감, 셔츠, 체크, 체크셔츠"
퀄리티는 솔직히 가격 생각하면 기 대 안 하는 게 좋을 것 같지만 나쁘진 않아 요 하지만 핏과 디자인이 너무 이쁘네요 가격 대비 너무 좋은 제품 같습니다 횔용 높고 가을에 휘뚜루마 뚜루 꽤 많이 입을 것 같아요,,"가격, 가을, 높다, 대비, 디자인, 솔직하다, 퀄리티","가격, 가을, 나쁘다, 높다, 대다, 대비, 디자인, 뚜루, 많이, 솔직하다, 제품, 퀄리티, 핏, 횔용, 휘뚜루"
너무 얇지도 두껍지도 않은 적당한 두께라 암 때나 입기 좋을 것 같아 요 핏도 제 기준 오버핏으로 이 뻐요 네이비랑 베이지색이 들어가 있어서 연청 흑청회색 검정 베이지 아무 바지 입어도 다 잘 어울립니다,,"검정, 네이비, 두껍다, 들어가다, 바지, 베이지, 베이지색, 청, 회색","검정, 기준, 네이비, 두껍다, 두께, 들어가다, 바지, 베이지, 베이지색, 색상, 얇다, 어울리다, 적당하다, 청, 핏, 회색, 흑"
무난무 난합니다 좋은 가격에 잘 샀어요 좋습니다,,"가격, 난하다, 무","가격, 난하다, 무"
예전부터 사고 싶었는데 세일하길래 바로 샀어요,,"사고, 세일, 싶다, 예전","사고, 세, 세일, 싶다, 예전"
다른 부분보다 가슴 폭이 넓습니다 재질은 얇지만 한 여름에는 별로 일 것 같네요, 재질,"가슴, 넓다, 별로, 부분, 얇다, 여름, 재질, 폭","가슴, 가슴폭, 넓다, 별로, 부분, 얇다, 에는, 여름, 재질, 폭"
색감이 너무 이 뻐서 마음이 들어 요 자주 입을 거 같네요,색감,색감,색감
색깔이 생각보다 너무 이 뻐서 너무 맘에 듭니다 다른 분에게도 추천합니다,,"분, 색깔, 추천","듭니, 분, 색깔, 에게도, 추천"
좋은 가격에 좋은 퀄리티입니다 자주 입을 것 같습니다," 가격, 퀄리티","가격, 퀄리티","가격, 퀄리티"
얇아서 걸쳐 입기 좋네요 가을 때 자주 입을 거같네요, 가을,"가을, 걸치다, 얇다","가을, 걸치다, 얇다"
여행 갈 때 입으려고 샀는데요 완전 이쁘네요 색감도 딱 좋아요,,"색감, 여행","갈다, 색감, 여행"
지인의 추천을 받아서 구매하게 된 후크의 체크 셔츠입니다 일반 체크 셔츠보다 비교적 기 장감이 짧고 흐물거리는 원단이 아닌 한 원단을 사용해서 실루엣 각이 잘 잡히고 봄 가을에 잘 활용할 수 있다는 점이 매력적입니다 색감은 사진보다 밝고 컬러가 조화롭게 섞여 있어서 특유의 감성이 담긴 체크 셔츠라고 생각됩니다 도움 되셨다면 도움 돼 요 및 스타일 좋아요 한 번씩 부탁 드립니다,,"비교, 색감, 셔츠, 실루엣, 지인, 체크, 추천","가을, 감성, 도움, 라고, 매력, 밝다, 부탁, 비교, 사용, 사진, 색감, 셔츠, 스타일, 실루엣, 원단, 지인, 체크, 체크셔츠, 추천, 컬러, 특유, 흐물거리"
색이 예뻐요 얇아서 더울 때도 입으면 좋을 거 같아요,,"덥다, 얇다","덥다, 색, 색깔, 얇다"
얇고 적당한 박스 핏이라 이 쁘네요 다른 색도 살까 고민 중,,"고민, 박스, 쁘네, 살다, 색도, 얇다, 적당하다, 핏","고민, 박스, 쁘네, 살다, 색도, 얇다, 얇다박스핏, 적당하다, 핏"
꽤나 디자인도 예쁘고 좋습니다 다릉거 또 살 듯합니더,,"다릉거, 듯합, 디자인","꽤, 다릉거, 듯합, 디자인, 색상, 질감"
무슨 이벤트 때 만 천원에 싸게 샀다고 생각했는데 이번에 만 천원까지 내려 감 그리고 소재 확인해보고 사세요,,"내다, 소재, 싸다, 이벤트, 천원, 확인","가격, 내다, 소재, 소재확인, 싸다, 이벤트, 천원, 확인"
핏감도 여유롭고 소재도 뷰 드러워서 여기저기 데일리로 편하게 입고 다닐 수 있울 것 같아요,,"데일리, 드럽다, 롭고, 소재, 여기저기, 여유, 편하다, 핏감","데일리, 데일리룩, 드럽다, 롭고, 뷰티드레이스, 소재, 여기저기, 여유, 여유로운핏감, 일리, 편하다, 핏감"
생각보다 색이 밝아서 블루 느낌이 제대로 임 엄청 얇지도 두껍지도 않아 간절기에 제대로 입을 수 있음, 얇다,"간절기, 두껍다, 밝다, 색, 얇다","간절, 간절기, 두껍다, 두께, 밝다, 블루, 색, 색깔, 얇다, 제대로"
오버핏 하게 좋슴 다 간절기에 입 기 딱 좋을 듯요,,"간절기, 오버핏, 좋슴","간절, 간절기, 오버핏, 좋슴"
디자인 재질 모두 마음에 들고 스타일리쉬 합니다,,"디자인, 스타일리쉬, 재질","디자인, 디자인재질, 스타일리쉬, 재질"
이뻐 보이고 좋은 것 같아 요 체크 무니 남방 중에 이 쁘네요, 남방,"남방, 무니, 보이, 쁘네, 체크","남방, 무니, 보이, 쁘네, 중, 체크, 체크무늬"
이 뻐요 진짜 이 뻐요 적당히 크고 괜찮습니다 생각보다 얇아서 그래도 조굼 덜 더운 날엔 입어도 될 것 같아요,,"날, 덥다, 얇다, 적당하다, 크다","날, 덥다, 얇다, 적당하다, 조굼, 크기, 크다"
너무 이 뻐요 너무나도 좋은 결정이였어요 핳,결정,"결정, 너무나도","결정, 너무나도"
이 뻐서 세탁 잘못한 거 감안하고 다시 샀습니 당 이 뻐요,,"감안, 다시, 세탁, 잘못","감안, 다시, 세탁, 세탁잘못, 잘못, 하고"
가성비 좋은 상품이라 봄 여름 가을 입기에 좋은 듯 합니다,,"가성비, 가을, 상품, 여름","가성비, 가을, 상품, 여름"
재질이 정말 하고 색감도 아주 맘에 들어 요 셔츠를 정말 좋아해서 많이 가지고 있는데 최애픽입니당, 색감,"가지, 색감, 셔츠, 재질, 좋아하다","가지, 많이, 색감, 셔츠, 재질, 좋아하다, 최애, 최애 픽"
레전드 셔츠 그냥 사 입으세요 색도 너무 이 뻐요 짱,,"레전드, 색도, 셔츠","그냥, 레전드, 레전드셔츠, 색, 색도, 셔츠"
보는 그대로 똑같아 요 중 아들 너무 좋아하네요 가 못 기다리고 도 날씨에도 팔 걷어서 반바지에 입고 나갔어요 너무 좋아해서 말릴 수가 없었네요 색감도 좋고 원단도 가을 원단이어서 만족합니다, 반바지,"걷다, 기다리다, 날씨, 만족하다, 말리다, 반바지, 아들, 원단","32날씨, 걷다, 그대로, 그대로똑같다, 기다리다, 날씨, 똑같다, 만족하다, 말리다, 반바지, 색감, 수가, 아들, 원단, 좋아하다, 중3아들"
배송 빠르고 재질 사이즈가 다른 셔츠에 비해 좋아요," 배송,  재질","배송, 비다, 빠르다, 사이즈, 셔츠, 재질","배송, 비다, 빠르다, 사이즈, 셔츠, 재질"
셔츠 처음 구매해봤는데 핏이랑 워싱이 너무 이 뻐서 만족해요,,"만족하다, 셔츠, 워싱, 처음, 핏, 해봤다","만족하다, 셔츠, 워싱, 처음, 핏, 해봤다"
핏도 완벽하고 가벼운 재질이라 너무 좋습니다 굿,,"가볍다, 완벽하다, 재질, 핏","가볍다, 완벽하다, 재질, 핏"
셔츠 핏 생각했던 핏인데 디자인 눔 이 뻐서 올 가을 잘 입고 다닐 것 같아요,,"가을, 디자인, 셔츠, 핏","가을, 디자인, 셔츠, 오다, 인데, 핏"
팔은 긴데 몸통은 좀 짧은 감이 있어 여 그래도 데일리로 잘 입을 서 같아옇,,"같아옇, 데일리, 몸통, 짧다, 팔","같아옇, 데일리, 몸통, 서다, 일리, 짧다, 팔"
편하게 입는 게 가능하고 시원해서 지금도 입어요,,"가능하다, 시원하다, 지금, 편하다","가능하다, 시원하다, 지금, 편하다, 편하다옷감"
배송도 빠르고 옷 입었더니 사이즈 정말 좋아요 다음번에는 다른 색으로 사야겠네요," 사이즈,  배송","배송, 번, 빠르다, 사이즈, 색","배송, 번, 빠르다, 빨리오기, 사이즈, 색, 색깔, 에는, 크기"
무난하게 어디에나 입어도 되는 가성비 좋은 제품입니다,,"가성비, 제품","가격저렴하다, 가성비, 되다, 에나, 제품, 함"
역시 체크는 후 크네요 빈티지한 색감으로 어 디든 꾸안 꾸 하기 좋을 셔츠입니다, 체크,"꾸다, 디, 빈티, 색감, 셔츠, 체크, 크다","꾸다, 디, 빈티, 빈티지, 색감, 셔츠, 지, 체크, 크다, 후크"
사이즈가 여 유로워서 잘 맞고 예상했던 질감이에요,,"맞다, 사이즈, 예상, 질감","맞다, 사이즈, 여유롭다, 예상, 워, 유로, 유로 워, 이에요, 질감"
오버핏인 걸 감안하면 에 까진 사이즈 입어도 될 거 같습니다 어깨가 넓은 사람은 한 사이즈 업,,"감안, 까진, 넓다, 사람, 사이즈, 어깨, 오버핏","감안, 까진, 넓다, 사람, 사이즈, 어깨, 어깨넓다, 오버핏"
여자친구랑 놀러 가면서 편하게 입으려고 찾다가 오늘 입었는데 크게 입는 걸 좋아해서 라지로 샀는데 딱 좋은 핏이 나와서 가성비 너무 만족해요,,"가면, 가성비, 나오다, 놀다, 라지, 만족하다, 여자친구, 좋아하다, 찾다, 크게, 편하다","가면, 가성비, 나오다, 놀다, 라지, 라지사이즈, 만족하다, 여자친구, 오늘, 좋아하다, 찾다, 친구, 크게, 편하다, 핏"
사이즈 입으면 딱 예브 고 가격에 비해 좋아요 추천 드립니다," 가격,  추천","가격, 드리다, 비다, 사이즈, 예브, 추천","가격, 드리다, 비다, 사이즈, 예브, 추천"
적당한 길이에 색감 이 뻐요 실내에서 입으면 에어컨 바람 막이 뇽으로 적당합니다 잘 입을께요, 실내,"길이, 뇽, 막, 바람, 색감, 실내, 에어컨, 적당하다","길이, 뇽, 막, 바람, 색감, 색깔, 실내, 에어컨, 에어컨바람막이, 적당하다, 적당하다길이"
요새 유행하는 체크 셔츠지만 패턴이며 컬러가 식상하지 않고 너무 예뻐요,,"셔츠, 식상하다, 요새, 유행, 체크, 컬러, 패턴","색상다양하다, 셔츠, 식상하다, 요새, 유행, 이며, 체크, 체크패턴, 컬러, 패턴"
저렴한 가격에 패턴이 이 쁘게 들어갔어요 두께도 두껍지 않아서 여름에도 입을 수 있어요,,"가격, 두껍다, 두께, 들어가다, 여름, 저렴하다, 패턴","가격, 두껍다, 두께, 들어가다, 여름, 저렴하다, 저렴하다가격, 패턴"
에어컨 밑에서 입 기 좋고 가을 되면 많이 입을 듯 굿,,"가을, 에어컨","가을, 가을되다많이, 되다, 많이, 밑, 에어컨, 에어컨밑"
핏도 좋고 다 좋아요 이 쁘고 시원해요 긴 팔 셔츠 중에 최고입니다,,"셔츠, 시원하다, 중, 최고, 핏","셔츠, 시원하다, 중, 최고, 팔, 핏"
사이즈 하고 색감도 예쁘네요 목 부분이 좀 더 크면 더 좋았을 꺼 같네요,,"부분, 사이즈, 색감, 크다","끄다, 목부분, 부분, 사이즈, 색감, 크다"
색깔도 이 쁘고 기장과 전체적인 핏이 걸쳐 입기 좋습니다," 기장,  걸치다","걸치다, 기장, 색깔, 전체, 핏","걸치다, 기장, 색깔, 전체, 전체핏, 핏"
만져봤을 때 얇고 생각보다 밝았습니다 눈으로 볼 때 보다는 착용했을 때가 가장 예쁩니다,,"가장, 만지다, 밝다, 얇다, 착용","가장, 눈, 만지다, 밝기, 밝다, 보다는, 얇다, 착용"
깔끔하고 마음에 듭니다 색깔도 상세 페이지 화면과 같고 터치 감도 좋고 원단도 좋아 보이네요 좋은 가격에 잘 산 것 같습니다 굳입니다," 가격,  화면","가격, 굳다, 깔끔하다, 보이다, 상세, 색깔, 원단, 터치, 페이지, 화면","가격, 감다, 굳다, 깔끔하다, 듭니, 보이다, 상세, 상세페이지, 색깔, 원단, 터치, 페이지, 화면"
이쁩니 당 날씨 쪼금만 해지면 열심히 입고 다닐 거 같아요,,"날씨, 쪼금, 해지","날씨, 열심히, 쪼금, 해지"
예상보다 두께가 얇긴 했지만 레이어드 용으로 구매하기 딱 좋은 거 같습니다,,"두께, 레이어드, 얇다, 예상","두껍다, 두께, 레이어 드, 레이어드, 얇다, 예상"
진짜 딱 이런 느낌에 셔츠를 찾았는데 완 죤 럭키비키에 요 셔츠 유목민 계속 레트로 한 느낌 찾다가 드디어 저한테 맞는 셔츠를 찾았어요 이 쁘게 입을 게요 청바지나 안에 나 시 입고 입으면 완 죤 이 뻐요, 청바지,"럭키, 레트로, 비키, 셔츠, 유목민, 청바지","계속, 나시, 드디어, 럭키, 럭키 비키, 레트로, 맞다, 비키, 셔츠, 유목민, 이렇다, 찾다, 청바지"
요즘 체크 셔츠가 정말 다양한 브랜드에서 나오는데 이 제품을 우연히 보자마자 와 이건 사야겠다 하고 구매했는데 실제로 받고 입어보니 정말 이 뻐요 재질도 시원한 재질이라 여름도 가능입니다,,"브랜드, 이건, 입어보다, 재질, 제품","가능, 나오다, 다양하다, 받다, 브랜드, 셔츠, 시원하다, 실제, 여름, 우연히, 이건, 입어보다, 재질, 제품, 체크, 체크셔츠"
가격도 배송도 제품도 완전 만족 입니다 재구매 의사, 가격,"가격, 만족, 배송, 의사, 재다, 제품","가격, 만족, 배송, 의사, 재다, 제품"
배송도 빠르고 재질도 좋아서 만족스럽습니다 감사합니다, 재질,"만족스럽다, 배송, 빠르다, 재질","만족스럽다, 배송, 빠르다, 재질"
옷이 딱 깔끔하고 이 뻐요 색감도 깔끔하고 밝은 느낌도 들고 가을에 입으면 딱이예요, 가을,"가을, 깔끔하다, 딱이다, 밝다, 색감","가을, 깔끔하다, 딱이다, 밝다, 색감, 색깔"
색감이 너무 예쁩니다 최애 셔츠로 자리 잡을 것 같아요, 색감,"색감, 셔츠, 자리, 최애","색감, 셔츠, 자리, 잡, 최애"
아무 바지에 거의 어울리고 편해요 건조도 잘 돼서 건조기 필요 없을 듯하네요,,"건조, 건조기, 돼다, 바지, 어울리다, 편하다, 필요","건조, 건조기, 건조하다쉬움, 돼다, 바지, 어울리다, 없다, 편하다, 필요"
생각보다 얇아서 여름에 잘 입고 다닐 수 있을 거 같아 요,,"얇다, 여름","얇다, 얇다여름쉬움, 여름"
이 뻐요 조금 품이 큰데 괜찮아요 색감이 이 쁘네어,,"쁘네어, 색감, 크다, 품","쁘네어, 색감, 크기, 크다, 품"
흠냐 예쁜데 체크가 실제로 보니 좀 단순해요 그치만 재질 좋고 핏도 예뻐요 추천합니당,,"그치다, 단순하다, 실제, 재질, 체크, 추천, 핏, 흠","그치다, 냐, 단순하다, 실제, 재질, 체크, 체크패턴, 추천, 핏, 흠"
가성비가 너무 좋아요 너무 싸게 팔아서 걱정했는데 괜한 걱정이네요, 가성비,"가성비, 걱정, 괜, 싸다, 파다","가격저렴하다, 가성비, 걱정, 괜, 싸다, 파다"
체크 셔츠 이쁘게 잘 나왔어요 간단하게 아무 옷에 걸쳐도 이 뻐요,,"간단하다, 걸치다, 나오다, 셔츠, 체크","간단하다, 간단하다스타일링가능, 걸치다, 나오다, 셔츠, 체크, 체크셔츠"
재질도 좋고 배송도 빨랐어요 합리적이에 요 좋아요," 배송,  재질","배송, 빠르다, 재질, 합리","배송, 빠르다, 빨르다, 재질, 적다, 합리, 합리 적다"
사이즈도 적당하고 디자인하고 핏도 너무 좋아 연 따봉, 디자인,"디자인, 사이즈, 적당하다, 핏","디자인, 따다, 따다 봉, 봉, 사이즈, 적당하다, 핏, 하고"
이쁘구요 사이즈도 딱 맞아요 앞으로 잘 입겠습니다,,"맞다, 사이즈, 앞","맞다, 사이즈, 앞, 편하다"
예상대로 이 쁘고 사이즈도 딱 맞습니다 잘 입을 게요,,"맞다, 사이즈, 예상","대로, 맞다, 사이즈, 쉬움, 예상"
입어 봣는데 예상대로 이 쁘네요 앞으로 많이 입을 거 같아요,,"대로, 봣는데, 쁘네, 앞, 예상","대로, 많이, 봣는데, 쁘네, 앞, 예상, 편하다"
후크 셔츠 처음 사보는데 재질도 나쁘지 않네요 잘 입을 게여, 재질,"나쁘다, 사보다, 셔츠, 재질, 처음, 후크","나쁘다, 사보다, 셔츠, 재질, 처음, 후크, 후크셔츠"
어깨가 생각한 것보다 더 키 커요 한 사이즈 다운 추천 그리고 실밥이 많이 나오네요, 사이즈,"나오다, 다운, 사이즈, 실밥, 어깨, 추천, 크다","나오다, 다운, 많이, 사이즈, 실밥, 어깨, 어깨크기, 추천, 크다"
몸 기장이 약간 짧아서 아쉽긴 한데 옷은 이쁩니다 잘 입겠습니다,,"기장, 아쉽다, 짧다","기장, 몸기량, 아쉽다, 짧다"
옷 핏이나 디자인 둘 다 너무 예쁜데 기장이 좀 짧은 게 아쉽네요, 디자인,"기장, 디자인, 아쉽다, 짧다, 핏","기장, 디자인, 아쉽다, 이나, 짧다, 핏"
원단이 가 벼워서 사 계절 잘 입을 것 같고 요즘 니즈에 맞게 잘 뽑힌 것 같아요,,"계절, 니즈, 맞다, 벼워, 뽑히다, 원단","가다, 가볍다, 계절, 니즈, 맞다, 벼워, 뽑히다, 사계절입히다, 원단"
패턴 이쁘고 얇아서 봄 가을에 유용하게 입을 것 같습니다,,"가을, 얇다, 유용하다, 패턴","가을, 봄, 얇다, 여름, 유용하다, 패턴"
배송도 빠르고 좋아요 다만 빨래하면 구겨져서 조슴 아쉬워요," 배송,  빨래","구기다, 배송, 빠르다, 빨래, 아쉽다, 조슴","구기다, 구기다짐, 배송, 빠르다, 빨래, 아쉽다, 조슴"
사이즈 좋고 핏도 아주 좋아요 만족합니다 굿입에 요 고맙습니다,,"고맙다, 굿입, 만족하다, 사이즈, 핏","고맙다, 굿입, 만족하다, 사이즈, 핏"
정 사이즈 고 여름에 팔 접어서 입으면 예뻐요 나중에 색상 다른 거 또 사려구요, 색상,"나중, 사이즈, 색상, 여름, 접다","나중, 사이즈, 색상, 여름, 접다, 정사이즈, 팔접기"
기장이 조금 짧은 느낌인데요 나쁘지 않아 요 오히려 좋아, 짧다,"기장, 나쁘다, 느끼다, 짧다","기장, 나쁘다, 느끼다, 짧다"
할인해서 샀습니다 날이 좀 해지면 데일리로 무난하게 입 기 좋을 것 같습니다,,"날, 데일리, 할인, 해지","날, 날씨, 데일리, 일리, 할인, 해지"
생각보다 엄청 밝은 톤 느낌이라 산뜻해요 예뻐용,,"밝다, 산뜻하다","밝다, 산뜻하다, 색상, 톤"
카라 부분이 좀 많이 커요 감안하시고 구매하세요,,"감안, 부분, 카라, 크다","감안, 많이, 부분, 카라, 카라부분크기, 크다"
체크무늬도 이 쁘고 옷도 시원한 재질이에요 좋아요,,"시원하다, 재질, 체크","무늬, 시원하다, 이에요, 재질, 체크, 체크 무늬, 체크무늬"
체크 셔츠 처음인데 노란빛이 살짝 돌아서 이쁘게 입을 수 있을 거 같아요,,"노랗다, 돌아서다, 셔츠, 처음, 체크","노랗다, 노랗다 빛, 노랗다빛, 돌아서다, 빛, 셔츠, 인데, 처음, 체크, 체크셔츠"
적당한 가격에 합리적으로 잘 산 거 같아 요 좋아요,,"가격, 적당하다, 합리","가격, 산, 적당하다, 합리"
체크가 마음에 들어서 샀어요 여름엔 못 입고 가을 되면 입을 듯," 체크,  가을","가을, 들어서다, 여름, 체크","가을, 되다, 들어서다, 여름, 체크"
사이즈 걱정을 많이 했는데 너무 만족하고 무엇보다 예뻐요,,"걱정, 만족하다, 사이즈","걱정, 만족, 만족하다, 많이, 사이즈"
사이즈 걱정 많이 했는데 적당히 오버해서 너무 마음에 들었어요, 사이즈,"걱정, 사이즈, 오버, 적당하다","걱정, 많이, 사이즈, 오버, 오버징, 적당하다"
좋아요 선물용으로 구매했는데 마음에 들어 합니다 선물도 역시 무신사랑,선물,"무신, 사랑, 선물","무신, 사랑, 선물"
체크 셔츠 좋아하시는 분들은 꼭 있어야 할 너무 이 쁘고 옷 사이즈도 여름에 실내에서 걸치기 좋은 옷이에요 얇고 편하고 오버핏으로 입기 너무 좋습니다, 여름,"분, 사이즈, 셔츠, 실내, 여름, 오버핏, 체크, 편하다","걸치다, 분, 사이즈, 셔츠, 실내, 얇다, 여름, 오버핏, 이에요, 좋아하다, 체크, 체크셔츠, 편하다"
배송이 꽤 걸렸지만 셔츠는 예쁩니다 겉에 걸치는 용도로 잘 입을 것 같습니다,,"걸리다, 걸치다, 겉, 배송, 셔츠, 용도","걸리다, 걸치다, 겉, 겉걸치다, 배송, 셔츠, 용도"
오버핏으로 입 기 예쁜 거 같아 요 환절기에 걸치기 적니다,,"걸치다, 오버핏, 적다, 환절기","걸치다, 오버핏, 적다, 환절기"
색감이 독특하고 늦여름 쯤부터 시원하게 입을 수 있을 거 같아요, 시원하다,"독특하다, 색감, 시원하다, 여름, 쯤","늦, 늦 여름, 독특하다, 독특하다색감, 색감, 시원하다, 여름, 쯤"
이번 무신사 새일로 구매해봤는데 인기가 많은 지 물량 부족으로 배송은 오래 걸렸지만 실물 깡패 입니다 셔츠 루즈하고 이쁘게 핏 잘 빠져서 잘 입고 다닐 거 같아요,,"걸리다, 깡패, 루즈, 배송, 인기, 일로","걸리다, 깡패, 루즈, 루즈핏, 많다, 물다, 물량, 배송, 부족, 새, 실물, 오래, 인기, 일로, 지다, 핏잘빠지다, 해봤다"
배송 지연된 것 말고는 상품 자체가 예뻐서 좋습니다,,"말고는, 배송, 상품, 자체, 지연","말고는, 배송, 배송지연, 상품, 자체, 지연, 지연 되다"
기장 딱 적당하고 색감이 너무 이쁩니다 무난하게 셔츠랑 입기 좋습니다, 색감,"기장, 색감, 셔츠, 적당하다","기장, 색감, 셔츠, 적당하다"
디자인 너무 마음에 들고 색감이 너무 이 쁜 것 같아요,,"디자인, 색감","디자인, 색감"
셔츠 두께감이 도 한 여름 빼고는 착용이 가능할 거 같고 또 요즘 체크 셔츠 많이 들 착용하는데 트렌드에 맞는 제품 같아 요 편하게 운동 하러 갈 때 툭 걸쳐도 좋을 데일리 아이템이에요,,"가능하다, 셔츠, 아이템, 운동, 제품, 착용, 트렌드, 편하다","가능하다, 갈다, 걸치다, 데일리, 두껍다, 두께감, 많이, 빼다, 셔츠, 아이템, 여름, 운동, 이에요, 일리, 제품, 착용, 체크, 체크패턴, 트렌드, 편하다"
색감이 너무 부드럽고 이 뻐요 데일리로 아무 엏게나 입어도 조음,,"부드럽다, 색감, 엏게, 조음","데일리, 부드러움, 부드럽다, 색감, 엏게, 일리, 조음, 편하다"
한여름에 입기는 좀 더워요 예쁜 건 확실히 예쁩니다 한 재질이라 소매 접어 입을 때도 편해요 단품으로 입으려면 정핏으로 가는 게 좋을 것 같아요,,"덥다, 재질, 접다, 편하다, 품, 한여름, 확실하다","가다, 단, 단품, 더움, 덥다, 소매, 소매접다, 여름, 재질, 접다, 정핏, 편하다, 품, 한여름, 확실하다"
가볍게 걸치기 좋은 쳌셔 여름부터 가을까지 셔츠 단품으로도 아우터로도 여러모로 활용하기 좋을 것 같아요," 여름,  가볍다","가볍다, 걸치다, 모로, 셔츠, 아우터, 여러, 여름, 으로도, 쳌셔, 품, 활용","가볍다, 가을, 걸치다, 걸치다편하다, 다양하다용도사용가능, 단, 단품, 모로, 셔츠, 아우 터, 아우터, 여러, 여름, 으로도, 쳌셔, 품, 활용"
배송이 빠르고 색감은 이미지 보다 더 밝은 거 같아 요 구매한 것에 만족하고 디자인도 너무 마음에 들어요, 배송,"디자인, 만족하다, 밝다, 배송, 빠르다, 색감, 이미지","디자인, 만족하다, 밝다, 밝다보임, 배송, 빠르다, 빨리오기, 색감, 색깔, 이미지"
간절기에도 입기 좋고 여름에도 조금 덥지만 입을 만 합니다 휘뚜루 마 뚜루 입 기 좋은 것 같아요 이 뻐요,,"간절기, 덥다, 여름, 휘뚜루","간절, 간절기, 덥다, 덥다함, 뚜루, 여름, 휘뚜루, 휘뚜루마뚜루"
배송도 빠르고 디자인도 좋습니다 다 만 실밥 마감이 여기저기 조금 아쉽습니다," 디자인,  배송","디자인, 마감, 배송, 빠르다, 실밥, 아쉽다, 여기저기","디자인, 마감, 배송, 빠르다, 실밥, 아쉽다, 여기저기"
디자인 너무 이 쁘고 배송 빠릅니다 색감도 이 뻐요,,"디자인, 배송, 빠르다, 색감","디자인, 배송, 빠르다, 색감"
옷이 너무 이 뻐요 잘 산 거 같습니다 배송도 빨라요 아주 조아요,,"배송, 빠르다","배송, 빠르다, 빨르다"
옷이 너무 이 뻐요 잘 산 거 같습니다 배송도 빨라요 아주 조아 요 사이즈도 잘 맞습니다, 배송,"맞다, 배송, 빠르다, 사이즈","맞다, 배송, 빠르다, 빨랄, 빨르다, 사이즈, 조아"
상품 잘 받았습니다 퀄리티도 괜찮아 보이고 디자인도 맘에 들어서 자주 사용할 것 같아 요 좋은 상품 감사합니다 잘 쓰겠습니다, 디자인,"들어서다, 디자인, 받다, 보이, 쓰다, 퀄리티","들어서다, 디자인, 받다, 보이, 사용, 상품, 쓰다, 퀄리티"
얇은 원단에 여름에도 가볍게 걸치기 좋을 거 같아요, 여름,"가볍다, 걸치다, 얇다, 여름, 원단","가볍다, 걸치다, 얇다, 얇다원단, 여름, 원단"
핏 색 감 가격 뭣 하나 빠짐없이 만족한 제품입니다 근래 산 체크 셔츠 중 가장 만족," 가격,  만족","가격, 가장, 근래, 만족, 만족하다, 빠지다, 셔츠, 제품, 체크, 하나","가격, 가장, 근래, 만족, 만족하다, 뭔가빠지다없다, 빠지다, 색감, 셔츠, 없이, 제품, 체크, 체크셔츠, 핏, 하나"
사실 상품 이미지 보고 슥 넘어갔던 옷 중 하나입니다 그러다가 어떤 모델 분의 착샷을 보고 와 이건 못 참겠다 하고 산 제품입니다 간절기에 적당한 두께감이라고 생각하고 이쁩니다,,"모델, 사실, 상품, 이건, 이라고, 이미지, 착샷","간절, 간절기, 그러다가, 넘어가다, 두껍다, 두께감, 모델, 보고, 사실, 상품, 어떻다, 이건, 이라고, 이미지, 적당하다, 제품, 착샷, 참다, 하나"
얇음보통 두께의 중간입니다 생각보다는 도 톰한데 더 얇앗으면 안이 뻣을 거 같아 요 색감은 너무 좋아요,,"보통, 뻣, 색감, 안이, 얇다, 중간, 톰한데","도톰하다, 두껍다, 두께, 보다는, 보통, 뻣, 색감, 색깔, 안이, 얇다, 얇다 보통, 중간, 톰한데"
생각보다 노란끼 도는 푸름 체크 셔츠지만 그래도 이 뻐서 맘에 듭니다,,"노랗다, 셔츠, 체크, 푸르다","끼, 노랗다, 노랗다 끼, 노랗다빛, 듭니, 셔츠, 체크, 체크패턴, 푸르다, 푸른빛"
여름에 냉지용으로 입 기 괜찮은 듯 얇아서 좋아요,,"얇다, 여름","냉, 냉 지용, 냉지용, 얇다, 여름, 지용"
여름에 아우터로 입 기 좋아요 얇아서 걸치기도 굿입니다," 여름,  얇다","걸치다, 굿, 아우터, 얇다, 여름","걸치다, 걸치다 기도, 굿, 기도, 아우 터, 아우터, 얇다, 여름"
셔츠 완전 대 박 예쁘네요 너무 마음에 쏙 듭니다 짱,,셔츠,"대다, 대박, 듭니, 셔츠"
사이즈도 적당하고 여름에 입 기 좋아 여 믿고 구매합니다, 사이즈,"믿다, 사이즈, 여름, 적당하다","믿다, 사이즈, 여름, 적당하다"
여름에도 입 기 좋고 봄 가을에도 입기 좋을 것 같네요,,"가을, 여름","가을, 봄, 여름"
총장이 조금 더 길었으면 좋겠어요 옷은 이쁩니다,,"길다, 총장","길다, 총장, 총장길이"
총장이 조금만 더 길었으면 좋겠다는 생각이 있지만 이 뻐요,,"길다, 총장","길다, 길이, 총장"
체크 셔츠 하나 살려고 찾다가 구매했은데 괜찮아요,,"살리다, 셔츠, 찾다, 체크, 하나","살리다, 셔츠, 찾다, 체크, 체크셔츠, 하나"
색깔 너무 예쁘고 체크무늬도 맘에 들어 요 재질이 해서 좋아요, 재질,"무늬, 색깔, 재질","무늬, 색깔, 재질, 체크, 체크 무늬, 체크무늬"
티셔츠 위에 살짝 만 걸쳐도 너무 이 뻐요 사이즈도 저한테 딱이네요,,"걸치다, 딱이다, 사이즈, 위, 티셔츠","걸치다, 딱이다, 사이즈, 위, 티셔츠"
적당한 오버핏에 디자인도 괜찮습니다 가격 대비 좋은 제품입니다, 디자인,"가격, 대비, 디자인, 오버핏, 적당하다, 제품","가격, 가격대비, 대비, 디자인, 오버핏, 적당하다, 적당하다오버핏, 제품"
근래에 샀던 체크 셔츠 중에서 가장 맘에 드네요 데일리로 매일 입었네요,,"가장, 근래, 매일, 셔츠, 체크","가장, 근래, 데일리, 매일, 셔츠, 일리, 중, 체크, 체크셔츠"
생각한 핏과 재질이여서 너무 마음에 듭니다 자주 입을 거 같아요,재질,"재질, 핏","듭니, 여서, 재질, 핏"
패턴이 쁘고요 카라랑 소매가 좀 함 편입니다 요즘 셔츠가 다 길어서 별론데 이 셔츠는 딱 좋네요, 소매,"론데, 셔츠, 소매, 카라, 패턴, 편입","길이짧아지다, 론데, 별, 셔츠, 소매, 카라, 패턴, 편입, 편하다옷감"
박시한 스타일로 지금 한 여름에 입 기 좋은 재질임,,"스타일, 여름, 재질, 지금","박, 박 시한, 박다스타일, 스타일, 시한, 여름, 재질, 지금"
기장도 너무 길지 않고 빈티지한 느낌으로 너무 좋아요,,"기장, 길다, 빈티","기장, 길다, 빈티, 빈티지, 지"
배송은 하루 만에 왔고 원단감은 생각보다 얇아서 지금 입기에 괜찮을 것 같아요,,"배송, 얇다, 오다, 원단감, 지금, 하루","단감, 만에, 배송, 얇다, 오다, 원단감, 지금, 하루"
에스엔에스에서 구경하다가 구매했는데 배송도 빠르고 가격이 합리적이라서 좋아요 가볍게 걸치기 좋은 두께감이라 체고,,"가격, 가볍다, 걸치다, 구경, 두께감, 배송, 빠르다, 체고, 합리","가격, 가볍다, 걸치다, 걸치다용이하다, 구경, 두껍다, 두께감, 배송, 빠르다, 에스, 에스 에스, 체고, 합리"
휘뚜루 마뚜루 입 기 좋은 오버핏 셔츠입니다 소재가 너무 얇지도 두껍지도 않은 시원하게 걸치기 좋은 소재라 너무 맘에 드렁요 예쁘게 잘 입을 게요, 시원하다,"두껍다, 드렁, 셔츠, 소재, 시원하다, 오버핏","걸치다, 두껍다, 드렁, 마뚜루, 셔츠, 소재, 시원하다, 얇다, 오버핏, 휘뚜루"
옷이 아주 이쁩니다 이쁜 체크무늬 셔츠입니다 최고,,"무늬, 셔츠, 체크, 최고","무늬, 셔츠, 체크, 체크 무늬, 체크무늬, 최고"
좋아요 예뻐요 잘 입고 있습니다 앞으로도 잘 입을 게요,,앞,"앞, 으로도"
얇아서 여름에 잘 입고 다니고 있어요 길이가 쪼끔 짧은 게 아쉽지만 길이가 긴 반팔이랑 같이 입으니까 이쁘네요,,"길이, 아쉽다, 얇다, 여름, 짧다, 쪼끔, 팔이","길이, 아쉽다, 얇다, 여름, 짧다, 쪼끔, 팔, 팔이"
여름용 셔츠로 시원하니 적절하게 활용 가능할 것 같아 요," 여름,  시원하다","가능하다, 셔츠, 시원하다, 여름, 적절하다, 활용","가능하다, 사용용도, 셔츠, 시원하다, 여름, 적절하다, 활용"
옷이 얇고 사이즈도 살짝 오버핏에 맘에 듭니다 두껍지 않아서 편하게 입을 수 있을 것 같아요," 얇다,  오버핏","사이즈, 얇다, 오버핏, 편하다","두껍다, 두께, 듭니, 사이즈, 얇다, 오버핏, 편하다"
할인할 때 해당 브랜드 옷을 첫 구매했는데 맘에 듭니다 체크 남방 자주 살 것 같아 요 옷이 얇아서 덥지 않아요, 브랜드,"남방, 덥다, 브랜드, 얇다, 체크, 할인","남방, 덥다, 듭니, 브랜드, 얇다, 체크, 할인, 해당"
흔하지 않고 빈티지한 느낌인 체크 셔츠라 좋았어요,,"빈티, 셔츠, 체크, 흔하다","빈티, 빈티지, 셔츠, 지, 체크, 체크패턴, 흔하다"
클래식한 체크무늬로 다양한 스타일에 슂게 매치할 수 있어 매우 만족스러워요 소재도 부르 더워 착용하는 데에 있어 불편함이 없었고 세탁 후에도 형태가 잘 유지되어 오래오래 입을 수 있을 것 같네요,,"되어다, 매치, 불편하다, 스타일, 오래오래, 유지, 착용, 클래식, 형태","다양하다, 되어다, 만족스럽다, 매치, 무늬, 부르다, 불편하다, 세탁, 소재, 스타일, 오래오래, 유지, 착용, 체크, 체크 무늬, 체크무늬, 클래식, 형태"
옷 진짜 이 쁘게 잘 나온 거 같아 요 안에 민소매 입고 겉옷으로 걸치면 여름에듀 입기 즇아요," 나오다,  민소매","걸치다, 겉옷, 나오다, 민소매, 즇아","걸치다, 겉옷, 나오다, 듬뿍, 민소매, 에듀, 여름, 여름 에듀, 즇아"
사이즈 하게 잘 맞고 이쁘네요 저럼한 가격에 잘 입을 게요,,"가격, 맞다, 사이즈, 저러다","가격, 맞다, 사이즈, 저러다"
핏 색 감 가격 모든 점이 맘에 드네요 이번 여름에 잘 입을 꺼 같습니다,,"가격, 모든, 여름, 점","가격, 끄다, 모든, 색감, 여름, 점, 핏"
가볍고 참 좋습니다 자주 입을 것 같아 요 시원하네요,,"가볍다, 시원하다","가볍다, 시원하다, 차다"
쇼핑몰 옷처럼 포장되어 배송 옴 봉투도 찢어져 있고 옷은 멀쩡 하지만 뭔가 두께감은 사 계절 용 후들 후들 거리진 않아욤, 찢어지다,"되어다, 두께감, 멀쩡, 배송, 봉투, 쇼핑몰, 찢어지다, 포장","거리, 거리 진, 계절, 되어다, 두껍다, 두께감, 멀쩡, 뭔가, 배송, 봉투, 쇼핑몰, 않아욤, 찢어지다, 처럼, 포장, 포장 되어다, 후"
두께감은 적당히 있고 사 계절용 입니 당 여름 겨울용 그냥 저냥 간절기에 입을 만하고 초여름 저녁에어컨 대비 용으로 좋아욤,,"간절기, 겨울, 대비, 두께감, 만하, 에어컨, 저녁, 좋아욤, 초여름","간절, 간절기, 겨울, 계절, 공기조화, 그냥, 냥, 대비, 두껍다, 두께감, 만하, 사계절, 에어컨, 여름, 저녁, 저녁 에어컨, 적당하다, 좋아욤, 초여름"
배송이 겁나 빠르고요 색감 좋습니다 생각보다 많이 컸어요,,"겁나다, 배송, 빠르다, 색감, 크다","겁나다, 많이, 배송, 배송빠르기, 빠르다, 색감, 색깔, 크기커서기대하다다크, 크다"
사이즈도 잘 맞고 색깔도 생각보다 예뻐서 마음에 들어요,,"맞다, 사이즈, 색깔","맞다, 사이즈, 색깔"
배송도 빠르고 좋아요 상품도 좋아요 사이즈 좋네요 빠르고 좋아요 배송도 빠르고 좋아요,,"배송, 빠르다, 사이즈, 상품","배송, 빠르기, 빠르다, 사이즈, 상품"
잘 쓰고 있었는데 빨래 한 번 하고 나니까 옷길이 반됐어요, 빨래,"길이, 돼다, 빨래, 쓰다","길이, 길이줄기, 돼다, 빨래, 쓰다"
얇고 체크가 이 뻐서 여기저기 먀치해서 입을 수 있을 거 같아요,,"먀치해, 얇다, 여기저기, 체크","먀치해, 얇다, 여기저기, 체크, 체크패턴"
타임세일 할 때 싸게 사서 좋습니다 체크 셔츠 많이 삿는데 맘에드네요, 타임세일,"사서, 삿는데, 셔츠, 싸다, 에드, 체크, 타임세일","많이, 사서, 삿는데, 셔츠, 싸다, 싸다사기, 에드, 체크, 체크셔츠, 타임세일"
배송 빠르고 가볍게 걸치기 너무 좋아요 잘 산거 같습니다, 배송,"가볍다, 걸치다, 배송, 빠르다","가볍다, 걸치다, 배송, 빠르다, 편하다"
약간 노란 기가 있는데 하얀 게 더 이 뻣을 듯합니다만 일단은 핏이나 다 마음에 듭니다,,"노랗다, 뻣, 핏, 하얗다","노랗다, 듭니, 뻣, 이나, 핏, 하얗다"
찜해놨는데 세일하길래 두개나 샀어요 너무 예쁩니다,,"개, 세일","개, 세, 세일, 찜"
좋습니다 가격도 괜찮고 입기 편하고 이 뻐요 조아요," 가격, 편하다","가격, 편하다","가격, 편하다"
야름에 입을 셔츠 찾았는데 두께감이 많이 두껍지 않아서 지금 입고 다니기 딱 좋을 것 같아 요 이 뻐서 너무 만족입니다,,"두껍다, 두께감, 만족, 셔츠, 야름, 찾다","두껍다, 두께감, 만족, 셔츠, 야름, 지금, 찾다"
얇아서 여름에도 입 기 좋고 색감도 이 뻐서 자주 입을 거 같아요,,"색감, 얇다, 여름","색감, 색깔, 얇다, 여름"
생각했던 색감과 원단은 아닌데 편하게 입기 좋을 거 같아요,,"색감, 아니다, 원단, 편하다","색감, 아니다, 원단, 편안함, 편하다"
옷이 귀엽고 이 뻐요 빈티지한 색상도 너무 이쁘네요 잘 입을 게요, 색상,"귀엽다, 빈티, 색상","귀, 귀엽다, 빈티, 빈티지, 색상, 지"
마감질이 좀 아쉽습니다 팔 부분이랑 몸통 부분 좀 젋어서 저한테는 조금 아쉬웠습니다 그치만 크게 입는 거 좋아 하시는 분들한테 눈 추천 드립니다,,"그치다, 드리다, 몸통, 부분, 분, 아쉽다, 젋어, 추천, 테","그치다, 드리다, 마감, 마감 질, 마감질, 몸통, 부분, 분, 아쉽다, 젋어, 추천, 크게, 크기, 테, 팔부분"
체크 패턴 크기도 적당히 큼직하고 박시해서 좋아요, 크기,"적당하다, 체크, 크기, 큼직하다, 패턴","박, 박 시해, 박다, 시해, 적당하다, 체크, 체크패턴, 크기, 큼직하다, 패턴"
얇고 박시한 셔츠로 최곱니다 포인 뜨로 주기 좋아요,,"곱다, 셔츠, 시한, 얇다, 주기, 포","곱다, 박, 박 시한, 박다, 셔츠, 시한, 얇다, 주기, 주름, 최, 최 곱다, 포, 포인트"
얇긴 해서 여름이라도 잘 입고 다닐 거 같인 요, 얇다,"얇다, 여름","같인, 얇다, 여름, 이라도"
너무 너무 이쁩니다 베이지 색감도 약 간 들어있고 네이비가 진해서 이 뻐요 주변에서도 다들 이쁘다고 어 디꺼냐고 물어봤습니단,,"끄다, 네이비, 베이지, 색감, 에서도, 주변, 진하다","끄다, 네이비, 단, 디, 물어보다, 베이지, 색감, 에서도, 주변, 진하다"
길이가 짧고 소재도 시원해서 좋아요 넘 키크 신 분은 작을 수 있겠어요 디자인도 이 쁘고 맘에 들어 요 체크도 이 쁘게 들어갔네요," 체크,  소재,  시원하다","길이, 들어가다, 디자인, 소재, 시원하다, 작, 짧다, 체크, 키크","길이, 들어가다, 디자인, 소재, 시원하다, 작, 짧다, 체크, 키크"
배송이 말도 안 되게 빠르고 재질도 시 원시원하니 좋아요, 재질,"말, 배송, 빠르다, 원시, 원하다, 재질","되게, 말, 배송, 빠르다, 원시, 원시 원하다, 원하다, 재질"
체크무늬 이 쁘고 실제로 보면 재질도 괜찮아서 입 기 진짜 좋아요,,"무늬, 실제, 재질, 체크","무늬, 실제, 재질, 체크, 체크 무늬, 체크무늬"
체크 색 감 좋구요 핏도 살짝 오버 사이즈라 이쁘네요, 체크,"사이즈, 오버, 체크, 핏","사이즈, 색감, 오버, 오버사이즈, 체크, 핏"
아들이 아주 잘 입고 다닙니다 사진으로 봤을 땐 몰랐는데 시원한 원단에 색감도 오묘해요 언뜻 보면 블랙 같지만 자세히 보면 네이비가 조금 섞인 베이지도 약간 보입니다 블랙 버뮤다나 인디고버뮤다 다 잘 어울려요,,"모르다, 블랙, 사진, 아들, 오묘하다","네이비, 모르다, 버뮤다, 베이지, 보이다, 블랙, 블랙/네이비혼합, 사진, 색감, 색깔다양하다, 섞이다, 시원하다, 아들, 아들편하다, 어울리다, 언뜻, 오묘하다, 원단시원하다, 인디고, 인디고 버뮤다, 자세하다"
배송도 빠르고 포장도 합니다 잘 구매했어요,,"배송, 빠르다, 포장","배송, 빠르다, 포장"
셔츠가 얇아서 여름에 입어도 괜찮고 색 갈도 이 쁘지만 세탁하면 사이즈가 좀 줄어들어요, 셔츠,"갈도, 사이즈, 세탁, 셔츠, 얇다, 여름, 줄어들다","갈도, 사이즈, 색깔, 세탁, 셔츠, 얇다, 여름, 줄어들다"
색감이 예뻐요 세일해서 싸게 샀네요 추천합니다,,"색감, 세일, 싸다, 추천","가격저렴하다, 색감, 세일, 싸다, 일해, 추천"
한여름에도 입을 수 있는 여름 체크 셔츠 찾고 있었는데 얇고 디자인도 예뻐서 구매했습니다 기장도 적당하고 무엇보다 입었을 때 덥지 않아서 추천합니다," 디자인,  덥다","기장, 덥다, 디자인, 셔츠, 얇다, 여름, 적당하다, 체크, 추천, 한여름","기장, 덥다, 디자인, 셔츠, 얇다, 여름, 여름체크셔츠, 적당하다, 적당하다기장, 찾다, 체크, 추천, 한여름"
색상이 선명하고 예뻐요 두께도 적당하고 길이도 길지 않아서 맘에 들어요," 길이,  색상","길다, 길이, 두께, 색상, 선명하다, 적당하다","길다, 길이, 두께, 색상, 선명하다, 적당하다"
여름이 여도 실내는 추운데 이런 이쁜 데일리 셔츠 하나는 구매하는 거 강 추강추완전 강추입니나 개이 뻐요,,"강추, 개다, 실내, 여도, 여름, 이렇다, 추다, 하나","강추, 개다, 데일리, 데일리셔츠, 셔츠, 실내, 여도, 여름, 이렇다, 추, 추 강추, 추다, 하나"
사이즈도 적당하고 색감이 사진보다 더 이쁩니다, 색감,"사이즈, 사진, 색감, 적당하다","사이즈, 사진, 색감, 적당하다"
얇아서 여름에 입 기 시원하고 색상도 이 뻐요 추천," 얇다,  시원하다","색상, 시원하다, 얇다, 여름, 추천","색상, 시원하다, 얇다, 여름, 추천"
좋아요 적당한 두께로 봄 여름 가을까지 잘 입을 것 같아요, 가을,"가을, 두께, 여름, 적당하다","가을, 두껍다, 두께, 봄, 여름, 적당하다"
색상이 선명하고 예뻐요 두께도 얇아서 좋고 기장도 적당해요," 기장,  색상,  두께","기장, 두께, 색상, 선명하다, 얇다, 적당하다","기장, 두께, 색상, 선명하다, 얇다, 적당하다"
색상이 선명하고 예뻐요 두께도 얇고 기장도 맘에 듭니다," 기장,  두께","기장, 두께, 색상, 선명하다, 얇다","기장, 두께, 듭니, 색상, 선명하다, 얇다"
한여름에는 못 입고 적당한 날씨까지는 괜찮아요 이쁩니다,,"날씨, 적당하다, 한여름","까지는, 날씨, 에는, 여름, 적당하다, 적당하다날씨, 한여름"
총장이 짧아서 그런지 생각보다 사이즈가 작게 나온 느낌이지만 마음에 듭니다,,"그렇다, 나오다, 사이즈, 작다, 짧다, 총장","그렇다, 나오다, 듭니, 사이즈, 작다, 짧다, 총장"
진짜 생각보다 너무 이 뻐요 다른 색상 있으면 바로 사겠는데 아쉽네요,,"색상, 아쉽다","색상, 아쉽다"
실제로 받아보면 몬가 후 줄근한 경우가 많아서 그냥 큰 기대 없이 주문한 옷인데 받아 보고 너무 예뻐서 놀랐습니다 적당한 오버핏이고 얇아서 한 여름엔 안 되겠지만 여름에도 롤업해서 입고 다닐 수 있을 것 같아요,,"경우, 많다, 실제, 여름, 주문","경우, 기대, 롤업, 많다, 몬, 받다, 보고, 실제, 얇다, 여름, 오버핏, 인데, 적당하다, 적당하다오버핏, 주문, 줄, 후줄근"
체크 셔츠 며칠 동안 찾고 있었는데 이 셔츠로 구매했습니다 한 여름 전까지 입을 수 있는 두께감이고 셔츠도 이 뻐요,,"두께감, 며칠, 셔츠, 여름, 전","두껍다, 두께감, 며칠, 셔츠, 여름, 이고, 전, 찾다, 체크, 체크셔츠"
체크난방이 안 어울리는 편인데도 핏이 이 뻐서 그걸 이 김,,"난방, 어울리다, 체크, 펴다, 핏","그걸, 난방, 어울리다, 체크, 체크 난방, 펴다, 핏"
합리적인 가격에 무난한 디자인과 완벽한 색감까지 더해져서 정말 자주 손이 갈 거 같은 셔츠입니다,,"가격, 더하다, 디자인, 색감, 셔츠, 손, 합리","가격, 갈다, 더하다, 디자인, 색감, 셔츠, 손, 완벽하다, 완벽하다색감, 합리"
체크 배색이 생각보단 좀 밝은 느낌이에요 재질로 가볍고 바스락거리는 코튼이라 부드럽고 더워져도 입을 수 있을 거 같아 요 길이가 좀 많이 길긴 한데 막상 입으면 핏이 예쁩니다, 코튼,"가볍다, 길다, 길이, 더워지다, 밝다, 배색, 부드럽다, 재질, 코튼","가볍다, 거리, 길다, 길이, 더워지다, 바스락, 바스락 거리, 밝다, 배색, 보단, 부드러움, 부드럽다, 색감, 재질, 체크배색, 코튼"
배송도 빠르고 체크 컬러 이 뻐서 만족스럽습니다 밤에 걸치기 좋아요, 배송,"걸치다, 만족스럽다, 배송, 빠르다, 체크, 컬러","걸치다, 만족스럽다, 밤, 배송, 빠르다, 색상, 잠옷, 체크, 체크컬러, 컬러"
배송도 빨리 오고 옷 색감도 마음에 들어 요 예쁩니다, 배송,"배송, 색감, 오다","배송, 빨리, 색감, 오다"
편하게 입기도 좋고 패턴도 마음에 드네요 잘 입을 게요,,"패턴, 편하다","패턴, 편하다, 편하다옷감"
편하게 입 기 좋고 여름에도 무난하게 입을 수 있을 것 같아요,,"여름, 편하다","여름, 여름용품, 편하다, 편하다옷감"
예쁜데 총장이 조금 짧아서 아쉬워요 그래도 간절기에 손 자주 갈 것 같아요, 짧다,"간절기, 아쉽다, 짧다, 총장","간절, 간절기, 갈다, 아쉽다, 짧다, 총장"
가볍게 소매 걷고 입고 다니고 있어요 뭔가 정갈한 느낌보단 편하게 연출하게 되네요, 가볍다,"가볍다, 걷다, 보단, 소매, 연출, 정갈하다, 편하다","가볍다, 걷다, 되다, 뭔가, 보단, 소매, 소매넓다, 연출, 정갈하다, 편하다"
여름에 입긴 힘들겠지만 간절기에 입기엔 더할 나위 없네요 추천해요,,"간절기, 나위, 더하다, 없다, 여름, 추천, 힘들다","간절, 간절기, 나위, 더하다, 더하다나위없다, 없다, 여름, 추천, 힘들다"
길이가 약간 짫게 나왔네요 그런데로 무난하게 데일리로 입기 편할 거 같고 초여름까지 잘 입을 거 같네요 가격이 좀 더 저렴했으면 좋앗을 거 같습니다, 초여름,"가격, 길이, 나오다, 데일리, 초여름, 편하다","가격, 그런, 길이, 나오다, 데일리, 일리, 저렴하다, 초여름, 편하다"
체크 셔츠 요즘 이 뻐보여서 하나 샀는데 너무 만족합니다,,"만족하다, 뻐보, 셔츠, 체크, 하나","만족, 만족하다, 뻐보, 셔츠, 여서, 체크, 체크셔츠, 하나"
품이 생각보다 큰데 길이가 딱 좋아요 키 작아서 길이 때문에 옷 고민 많이 하는데 이건 좋네용 얇아서 여름에도 잘 입고 다닐 것 같습니다,,"고민, 길이, 얇다, 여름, 이건, 작다, 크다","고민, 길이, 때문, 얇다, 여름, 이건, 작다, 크다, 키작다사람, 품크기"
생각보다 품이 큰데 이 뻐요 요즘 다 오버핏이라 키 작은 저한테 남방 찾기 어려웠는데 길이 딱 엉덩이 덮을 정도로 와 요 얇아서 여름에도 잘 입고 다닐 것 같아요, 길이,"길이, 남방, 덮다, 엉덩이, 오버핏, 작다, 찾기, 크다","길이, 남방, 덮다, 얇다, 어렵다, 엉덩이, 여름, 오다, 오버핏, 작다, 찾기, 크다, 품크기"
색감 좋고 약간 까슬까슬한 재질입니다 여름에 입 기 좋을 거 같아요,,"까슬까슬, 색감, 여름, 재질","까슬까슬, 까슬하다재질, 색감, 색감재질, 여름, 재질"
빈티지한 색감과 얇아서 여름에 착용 가능해서 좋아요, 얇다,"가능하다, 빈티, 색감, 얇다, 여름, 착용","가능하다, 빈티, 빈티지색감, 색감, 얇다, 여름, 지, 착용, 착용가능"
사이즈도 딱 좋고 가격도 적당하고 데일리로 입 기 좋아요, 사이즈,"가격, 데일리, 사이즈, 적당하다","가격, 데일리, 사이즈, 일리, 적당하다"
약간 하구요 근데 전이게 매력이라고 생각이 들어요,,"매력, 이라고, 전이","근데, 매력, 이라고, 전이"
여름에 입어도 될 정도로 얇아서 좋아요 잘 입을 게요,,"얇다, 여름","얇다, 여름"
좋아요 두껜 보통 정도 되는 것 같아 요 잘 입을 게요,,"두껜, 보통","되다, 두껍다, 두께, 두껜, 보통"
막상 환불하려다가 받고 정하자 하고 받았는데 괜찮아요,,"막상, 받다, 환불","막상, 받다, 정, 정착, 환불"
색깔도 마음에 들고 딱 좋네요 자주 입을 것 같습니다,색깔,색깔,색깔
원단 두께감 적당하고 색감도 이 쁘네요 만족합니다,,"두께감, 만족하다, 쁘네, 색감, 원단, 적당하다","두께, 두께감, 만족하다, 쁘네, 색감, 원단, 원단두께감, 적당하다"
사진보다 색감이 밝네요 원단 두께 적당하고 이쁨, 색감,"두께, 밝다, 사진, 색감, 원단, 적당하다","두께, 밝다, 사진, 색감, 원단, 적당하다"
