Review,Processed_Review,common_keywords_all,common_keywords_3_plus
일단 배송 빨리해주셔서 감사드려요 아이보리 넘나 맘에들어서 블래도 구매했네요 날 풀리면 잘입어질거 같아요^^,일단 배송 빨리해주셔서 감사드려요 아이보리 넘나 맘에 들어서 블랙도 구매했네요 날 풀리면 잘 입어질 거 같아요, 아이보리,"감사, 넘다, 드리다, 배송, 블랙, 빨리, 아이보리, 풀리다"
와 진짜 핏이 너무 좋아서 사진만 30분 찍었어요 학생이라 다소 부담스러운 가격이었는데 정말 만족합니다 마뗑킴 사랑해요 이쁜 옷 많이 내주세요ㅜㅠㅠ,와 진짜 핏이 너무 좋아서 사진만 분 찍었어요 학생이라 다소 부담스러운 가격이었는데 정말 만족합니다 마뗑킴 사랑해요 이쁜 옷 많이 내주세요, 학생,"가격, 내주다, 마뗑킴, 만족하다, 부담스럽다, 사랑, 사진, 학생"
남자가 입기에는 작이서 레이어드해서 입어야돼요 근데 코디만 잘 하면 너무너무 이뻐요 비닐같으면서도 싸구려 바스락거리는 비닐도 아닌게 묘하게 매력있어요 솔직히 가격만큼의 퀄리티는 아닌데 마뗑킴 로고 감성과 핏이 트랜드를 잘 아는거같아요... 지퍼가 잘 안되는데 잘 푸는 요령만 터득하면 잘되요 샀는데 딱 날씨가 풀려서 기분이 좋아요 결론은 대 만족,남자가 입기에는 작이 나서 레이어드해서 입어야 돼요 근데 코디만 잘 하면 너무너무 이뻐요 비닐 같으면서도 싸구려 바스락거리는 비닐도 아닌 게 묘하게 매력 있어요 솔직히 가격만큼의 퀄리티는 아닌데 마뗑킴 로고 감성과 핏이 트렌드를 잘 아는 거 같아요 지퍼가 잘 안되는데 잘 푸는 요령만 터득하면 잘 돼요 샀는데 딱 날씨가 풀려서 기분이 좋아요 결론은 대 만족,,"레이어드, 만큼의, 매력, 묘, 비닐, 아니다, 터득"
예쁜데 냄새가 너무 심해서 놀랬어요..ㅠㅋㅋ 유행 지나서 살까말까 했는데 예뻐요 컬리티는 그냥 그래요.. 따뜻해지면 더 예쁠듯 ,예쁜데 냄새가 너무 심해서 놀랬어요 유행 지나서 살까 말까 했는데 예뻐요 퀄리티는 그냥 그래요 따뜻해지면 더 예쁠 듯,,"그냥, 그렇다, 냄새, 따뜻하다, 말다, 살다, 심하다, 유행, 지나다, 퀄리티"
생각보다 두께랑 사이즈 널널해서 놀랏네여 자주입을거같아요,생각보다 두께랑 사이즈 널찍해서 놀랐네요 자주 입을 거 같아요,,"널찍하다, 두께, 사이즈"
예뻐요 감사합니다 시큼한 냄새가 나긴해여 ㅎ 입고되서 바로 삿습미다,예뻐요 감사합니다 시큼한 냄새가 나긴 해요 입고돼서 바로 삿습미다," 나다,  냄새","나다, 냄새, 돼다, 삿습미, 시큼하다"
와이프 선물로 사줬어요 후기는 제가 쓰네요 남녀공용이라 다 잘어울리는것같아요 ㅎ,와이프 선물로 사줬어요 후기는 제가 쓰네요 남녀 공용이라 다 잘 어울리는 것 같아요," 사주다,  선물,  남녀,  후기","공용, 남녀, 사주다, 선물, 쓰다, 어울리다, 와이프, 후기"
요새 마며들어서 (마뗑킴에 스며들어서) 마뗑킴 코팅점퍼도 구매했오용 겉으로 보면 레더 점퍼처럼 보이는데 유광 느낌의 얇은 바스락 점퍼입미다!! 얇아서 오히려 가볍고 힙하고 편해용 ㅠㅠ👍👍 번창하세용🤗🤗,요새 말며 들어서 마뗑킴에 스며들어서 마뗑킴 코팅 점퍼도 구매했오용 겉으로 보면 레더 점퍼처럼 보이는데 유광 느낌의 얇은 바스락 점퍼 입기다 얇아서 오히려 가볍고 히프하고 편해요 번창하세요,,"가볍다, 레더, 마뗑킴, 번창, 보이다, 스며들다, 얇다, 유광, 점퍼, 코팅, 편하다, 히프"
남자가 입어도 충분한 사이즈네요 할인받아서 저렴하게 잘 구매했네요,남자가 입어도 충분한 사이즈네요 할인받아서 저렴하게 잘 구매했네요," 남자,  사이즈","남자, 받다, 사이즈, 저렴하다, 충분하다, 할인"
일단 빠른배송 감사드려요 생각보다 빨리왔더라구요 아이보리 입고 만족스러워서 블랙도 주문했네요 날풀리면 잘 입어질거같아요,일단 빠른 배송 감사드려요 생각보다 빨리 왔더라고요 아이보리 입고 만족스러워서 블랙도 주문했네요 날 풀리면 잘 입어질 거 같아요, 아이보리,"드리다, 만족스럽다, 배송, 블랙, 빨리, 아이보리, 오다, 주문, 풀리다"
공용사이즈라 너무 클까봐 고민 소재가 비닐 스러울까봐  한참 망설이다가 디자인이 너무 마음에 들어 결국 구해했는데 실물 받아보고  역시 마뗑킴 너무 예쁘네요 ㅎㅎ 요즘은 오버핏으로 입잖아요 너무 과하지않고 저한테는 잘맞네요 마흔 넘은 아주미 한테도 잘어울리는것 같아요~,공용 사이즈라 너무 클까 봐 고민 소재가 비닐스러울까 봐 한참 망설이다가 디자인이 너무 마음에 들어 결국 구해했는데 실물 받아보고 역시 마뗑킴 너무 예쁘네요 요즘은 온 버핏으로 입잖아요 너무 과하지 않고 저한테는 잘 맞네요 마흔 넘은 아주미한테도 잘 어울리는 것 같아요, 실물,"공용, 넘다, 디자인, 마흔, 망설이다, 밉다, 사이즈, 실물, 한참"
정말 잘입은 점퍼입니다  너무 잘입엇어요 근데 같은 옷 4명이 함께입고 여행왔어요 요즘 국민템인듯합니다 그래도 이뻐요,정말 잘 입은 점퍼입니다 너무 잘 입었어요 근데 같은 옷 명이 함께 입고 여행 왔어요 요즘 국민템인듯합니다 그래도 이뻐요,,"명, 여행, 점퍼"
봄되면 오래걸릴까봐 4월되기전에 구매했어요 요즘 진짜 잘입고  체크셔츠랑 레이어드해주면 진짜 예쁨 스트링조여도 예쁘고 클로징해도 오픈해도 반만오픈해도 예쁨 요즘 교복처럼입고다니는데 개인적으로는 반바지에 무심한듯 입어주는게 진짜 예쁩니댜 진짜 잘산템 일단 간지남 ,봄 되면 오래 걸릴까 봐 워 되기 전에 구매했어요 요즘 진짜 잘 입고 체크 셔츠랑 레이어드해주면 진짜 예쁨 스트링 조여도 예쁘고 클로징 해도 오픈해도 반만 오픈해도 예쁨 요즘 교복처럼 입고 다니는데 개인적으로는 반바지에 무심한 듯 입어주는 게 진짜 예쁩니다 진짜 잘산템 일단 간지남, 셔츠,"개인, 교복, 무심하다, 반바지, 셔츠, 스트링, 오픈, 잘살다, 조여"
요즘 대세답게 힙하고 이뻐요 오버핏이고 크기는한데 스트링이 있어서 사이즈 조절이  가능해서 마음에 들어요 가볍고 편해요 뒤에 마뗑킴로고가 별거 아닌거 같은데 너무 이뻐요,요즘 대세답게 히프하고 이뻐요 온 버핏이고 크기는 한데 스트링이 있어서 사이즈 조절이 가능해서 마음에 들어요 가볍고 편해요 뒤에 마뗑킴로고가 별거 아닌 거 같은데 너무 이뻐요," 대다,  가능하다","가능하다, 대다, 마뗑킴로고, 별거, 사이즈, 스트링, 아니다, 이고, 조절, 크기, 편하다, 히프"
재질이 글로시한데 너무 번뜩이지도 않은 적당히 글로시한 느낌~ ,재질이 글로시한데 너무 번뜩이지도 않은 적당히 글로시한 느낌, 재질,"번뜩이다, 시한, 재질, 적당하다"
"마뗑킴은 역시 마뗑킴만의 갬성이 느껴진다. 여자친구와 함께 커플로 입으려고 블랙과 네이비를 구매했는데, 둘 다 내가 가지고 싶은 충동이 올라올 정도였다. 하지만 사랑이란 무엇인가. 가장 아끼는 것을 내어주는 마음 아니던가. 마뗑킴 앞에 촛불처럼 흔들리던 마음을 다잡고 그녀에게 네이비를 선물했다. 난 전혀 슬프지 않다. 진짜다. 네이비..네이비..네이비가 아른거리는 이 밤...",마뗑킴은 역시 마뗑킴만의 갬성이 느껴진다 여자친구와 함께 커플로 입으려고 블랙과 네이비를 구매했는데 둘 다 내가 가지고 싶은 충동이 올라올 정도였다 하지만 사랑이란 무엇인가 가장 아끼는 것을 내어주는 마음 아니던가 마뗑킴 앞에 촛불처럼 흔들리던 마음을 다잡고 그녀에게 네이비를 선물했다 난 전혀 슬프지 않다 진짜다 네이비 네이비 네이비가 아른거리는 이 밤,,"네이비, 슬프다, 아른거리다, 이란, 촛불, 흔들리다"
뒷모습이 이쁜 마뗑킴 소재도 광택이 나니 더 스타일 사네요 가을에 입으려고 미리 구매해 뒀어요 밑에 스트링 쪼이는게 더이뻐요,뒷모습이 이쁜 마뗑킴 소재도 광택이 나니 더 스타일 사네요 가을에 입으려고 미리 구매해 뒀어요 밑에 스트링 쪼이는 게 더 이뻐요," 스타일,  가을","가을, 광택, 두다, 뒷모습, 미리, 소재, 스타일, 스트링, 쪼이다"
매장에서 입어보고 사려고했더니 옷에 이상있다고 판매를 못한다고해서 집와서 바로 구매함 이거는 보자마자 사야겠다싶어서 샀는데 너무 맘에 들어서 계속 입고다님 쌀쌀할때 입기에 딱 좋음 여름에는 살 타기싫어서 입기에는 좀 두꺼움 봄 가을에 입기 좋을듯,매장에서 입어보고 사려고 했더니 옷에 이상 있다고 판매를 못한다고 해서 집 와서 바로 구매함 이거는 보자마자 사야겠다 싶어서 샀는데 너무 맘에 들어서 계속 입고 다님 쌀쌀할 때 입기에 딱 좋음 여름에는 살 타기 싫어서 입기에는 좀 두꺼움 봄 가을에 입기 좋을 듯,,"가을, 계속, 들어서다, 매장, 사려, 싫다, 쌀쌀하다, 에는, 여름, 입어보다, 판매"
간절기때 입기 딱 좋아요 ! 남녀공용이라 커플룩으로도 강츄!,간절기 때 입기 딱 좋아요 남녀 공용이라 커플룩으로도 강츄," 간절기,  남녀","간절기, 강츄, 공용, 남녀, 으로도, 커플룩"
가볍게 입기 좋아요 너무예뻐요!! 매장에서 입어보고 샀는데 잘샀어용 ,가볍게 입기 좋아요 너무 예뻐요 매장에서 입어보고 샀는데 잘 샀어요,,"가볍다, 매장, 입어보다"
제품의 품질이 좋아요.이 스타일이 처음 입 봤지만 좋아해요 ,제품의 품질이 좋아요 이 스타일이 처음 입 봤지만 좋아해요," 처음,  제품","스타일, 제품, 좋아하다, 처음, 품질"
너무너무 이뻐요. 꾸안꾸 최고 아이템입니다! 잘 입겠습니다 ㅎㅎ,너무너무 이뻐요 꿈 안 꾸 최고 아이템입니다 잘 입겠습니다, 최고,"아이템, 최고"
제 체격엔 큰 편이라 오히려 좋슴다. 편하게 입기 좋아서 손이 자주 가고 바막이라 가볍구 .. 이쁘구.. 머.. 이쁘구... 이뻐요,제 체격엔 큰 편이라 오히려 좋습니다 편하게 입기 좋아서 손이 자주 가고 바막이라 가볍고 이쁘고 머 이쁘고 이뻐요," 체격,  가볍다","가다, 가볍다, 바막, 체격, 편이, 편하다"
와이프 선물로 사줬는데 맘에 들어하네요 처음에 시큼한 냄새 조금나요 ,와이프 선물로 사줬는데 맘에 들어 하네요 처음에 시큼한 냄새 조금나요," 사주다,  처음,  냄새","냄새, 사주다, 선물, 시큼하다, 와이프, 처음"
엄청 이쁘고 로고도 이쁘고 반짝 바스락 간지 철철 나요 완전 이뻐서 너무 맘에 들고 힙한 느낌 가득,엄청 이쁘고 로고도 이쁘고 반짝 바스락 간지 철철 나요 정말 이뻐서 너무 맘에 들고 힙한 느낌 가득, 로고,"간지, 나요, 로고, 바스락, 반짝, 철철, 힙"
핏은원하는핏이예요. 날씨가따듯해야입을수잇을거가타요.,핏은 원하는 핏이에요 날씨가 따듯해야 입을 수 있을 거가 타요," 거가,  타요","거가, 날씨, 따다, 원하다, 타요, 핏"
"▪️가격대가 좀 있지만 디자인과 핏이 아주 예쁨 ▪️색상,디자인 모두 사진과 동일함 ▪️세탁망에 넣고 세탁하니 변형 없었음 ",가격대가 좀 있지만 디자인과 핏이 아주 예쁨 색상 디자인 모두 사진과 동일함 세탁망에 넣고 세탁하니 변형 없었음," 디자인,  색상","가격, 대가, 동일하다, 디자인, 변형, 사진, 색상, 세탁"
소재가 이쁜거 같아요. 특유의 짙은 블랙감이 깊이있어서 좋구요. 간절기에 가볍게 걸치고 다니면 힙하니 좋을것 같습니다.,소재가 이쁜 거 같아요 특유의 짙은 블랙 감이 깊이 있어서 좋고요 간절기에 가볍게 걸치고 다니면 합하니 좋을 것 같습니다,,"가볍다, 간절기, 걸, 깊이, 블랙, 소재, 치고, 특유, 합"
키때문에 팔이 좀 짧긴 한데 그런대로 또 잘 맞아요,키 때문에 팔이 좀 짧긴 한데 그런대로 또 잘 맞아요, 짧다,"때문, 맞다, 짧다, 팔이"
사이즈 잘 맞고 핏 이뻐요. 길이도 적당하고 잘입고있습니다.,사이즈 잘 맞고 핏 이뻐요 길이도 적당하고 잘 입고 있습니다, 사이즈,"길이, 맞다, 사이즈, 적당하다"
제가 샀던거 중에 가장 맘에 듭니다 살까 말까 고민했는데 사길 잘한거 같습니다,제가 샀던 거 중에 가장 맘에 듭니다 살까 말까 고민했는데 사길 잘한 거 같습니다," 말다,  살다","가장, 고민, 말다, 살다"
예브다ㅜㅡㅜ기엽고 !!휘뚤마뚤 막 입을려고 샀어여 잘 입을게야,예브다기엽고 휘뚤마뚤 막 입으려고 샀어요 잘 입을 게야,,"예브다기엽, 휘뚤마뚤"
너무너무 만족합니다!! 다른 컬러도 구매하고 싶어요❤️ 4계절 모두 착용 가능할 것 같아서 더욱 만족합니다 저렴하게 구매해서 득템한거 같아 기분 좋아요 ㅎㅎ 힙하게 입을께요😁,너무너무 만족합니다 다른 컬러도 구매하고 싶어요 계절 모두 착용 가능할 것 같아서 더욱 만족합니다 저렴하게 구매해서 득템한 거 같아 기분 좋아요 합하게 입을게요," 저렴하다,  가능하다,  착용","가능하다, 계절, 더욱, 득템, 만족하다, 저렴하다, 착용, 컬러"
예뻐요 여름에도 가볍게 입을수있을것 같아서 잘 산것같아요 너무 만족합니다 ㅎㅎ,예뻐요 여름에도 가볍게 입을 수 있을 것 같아서 잘 산 것 같아요 너무 만족합니다,,"가볍다, 만족하다, 여름"
"1. 사이즈 남자 기준 사이즈 105까지 가능 스트링으로 품 조절하면 크롭도 가능 2. 두께 봄, 가을용 아우터 정도 여름에 에어컨 때문에 추울 때 입기 딱 괜찮음 3. 재질 땀복 재질. 통풍 잘 안될 거 같음 비 올 때 입으면 옷 다 달라붙는 느낌 먼지 아시죠? 장마 때 입으면 그럴 거 같아요 다른 마뗑킴 제품은 재질만 보면 진짜 싼마이인데 이건 싼마이느낌 안나네요 4. 배송 5일 걸린 듯.. 여기서 팍 식음 5. 디자인, 핏 사실상 핏, 디자인이 굉장히 좋아요. 나그랑에 오버핏이라 여자는 여리여리하게 입기 좋고, 남자는 스트링 조여서 세미크롭으로 다리 길어보이게 입기 가능",사이즈 남자 기준 사이즈까지 가능 스트링으로 품 조절하면 크롭도 가능 두께 봄 가을용 아우터 정도 여름에 에어컨 때문에 추울 때 입기 딱 괜찮음 재질 땀복 재질 통풍 잘 안될 거 같음 비 올 때 입으면 옷 다 달라붙는 느낌 먼지 아시죠 장마 때 입으면 그럴 거 같아요 다른 마뗑킴 제품은 재질만 보면 진짜 싼 마이인데 이건 싼 마이 느낌 안 나네요 배송 일 걸린 듯 여기서 팍 식음 디자인 핏 사실상 핏 디자인이 굉장히 좋아요 래글런에 온 버핏이라 여자는 야리야리하게 입기 좋고 남자는 스트링 조여서 세미 크롭으로 다리 길어 보이게 입기 가능,,"남자, 디자인, 사실, 사이즈, 스트링, 에어컨, 재질, 조절, 추다, 크롭"
"마뗑킴은 택배 받는 맛이 있게 배송해 주는 것 같아요. 고급진 느낌 나게 옷걸이도 같이 동봉해 주었더라고요! 면 소재여도 기존에는 진짜 비닐봉투 재질처럼 매끈매끈한 재질일 줄 알았는데 조금 빳빳한 얇은 면 소재에 코팅이 되어 있는 거라 스크래치에 꽤 괜찮을 것 같아요. 긁혀도 조금 더 빈티지스러울 것 같은 느낌? 엄청 부담스럽게 반짝일 줄 알았는데 전혀 안 부담스럽습니다! 그리고 막상 받아 보니 불빛에 비추면 조금 비치는 것만큼 생각보다 얇았어요! 한겹 트렌치코트 정도 얇기인 것 같아요! 그래서 요즘 같은 일교차가 큰 날 입으면 좋을 거 같은데 비오는 날에는 조심하라네요... 제가 여자 치고는 키도 좀 크고 어깨도 있는 편인데도 핏이 너무 부하지도 않고 애매하지 않게 맞아 떨어지는 게 좋았어요. 다만 사이즈 체크하실 때 엄청난 오버핏으로 입을 분들 아니면 신장이 많이 작으신 분들은 매우 크게 느낄 것 같고, 키가 한 180cm이상 되시는 분들은 조금 작다고 느낄 수도 있어서 다른 상의랑 레이어드 추천 드립니다! 한 가지 걱정되는 것은 이 옷의 포인트인 후면의 로고... 빨래 잘못하거나 부주의할 경우에 좀 잘 떨어질 것 같아요ㅠㅠ",,,
"마뗑킴은 택배 받는 맛이 있게 배송해 주는 것 같아요. 고급진 느낌 나게 옷걸이도 같이 동봉해 주었더라고요! 면 소재여도 기존에는 진짜 비닐봉투 재질처럼 매끈매끈한 재질일 줄 알았는데 조금 빳빳한 얇은 면 소재에 코팅이 되어 있는 거라 스크래치에 꽤 괜찮을 것 같아요. 긁혀도 조금 더 빈티지스러울 것 같은 느낌? 엄청 부담스럽게 반짝일 줄 알았는데 전혀 안 부담스럽습니다! 그리고 막상 받아 보니 불빛에 비추면 조금 비치는 것만큼 생각보다 얇았어요! 한겹 트렌치코트 정도 얇기인 것 같아요!  그래서 요즘 같은 일교차가 큰 날 입으면 좋을 거 같은데 비오는 날에는 조심하라네요... 제가 여자 치고는 키도 좀 크고 어깨도 있는 편인데도 핏이 너무 부하지도 않고 애매하지 않게 맞아 떨어지는 게 좋았어요. 다만 사이즈 체크하실 때 엄청난 오버핏으로 입을 분들 아니면 신장이 많이 작으신 분들은 매우 크게 느낄 것 같고, 키가 한 180cm이상 되시는 분들은 조금 작다고 느낄 수도 있어서 다른 상의랑 레이어드 추천 드립니다! 한 가지 걱정되는 것은 이 옷의 포인트인 후면의 로고... 빨래 잘못하거나 부주의할 경우에 좀 잘 떨어질 것 같아요ㅠㅠ",,,
윗부분의 길이를 조절할 수 있기 때문에 키가 작으면 생각할 필요가 없어요 😝😝😝,윗부분의 길이를 조절할 수 있기 때문에 키가 작으면 생각할 필요가 없어요," 작다,  길이","길이, 때문, 부분, 없다, 작다, 조절, 키, 필요"
짱 예뻐요! 이거 하나만 걸쳐도 쓰타일리쉬해서 꾸안꾸 가능해서 너무 좋아요 ㅠㅠ 키가 작아서 좀 많이 오버핏이지만 그것 저차 멋 ㅋㅋ ,짱 예뻐요 이거 하나만 걸쳐도 쓰타 일리 쉬해서 꿈 안 꾸 가능해서 너무 좋아요 키가 작아서 좀 많이 온 버핏이지만 그것 저차 멋," 걸치다,  하나","가능하다, 걸치다, 그것, 꾸다, 버핏, 쉬, 일리, 작다, 차, 키, 하나"
남자가 입기에는 작이서 레이어드해서 입어야돼요 근데 코디만 잘 하면 너무너무 이뻐요 비닐같으면서도 싸구려 바스락거리는 비닐도 아닌게 묘하게 매력있어요 솔직히 가격만큼의 퀄리티는 아닌데 마뗑킴 로고 감성과 핏이 트랜드를 잘 아는거같아요... 지퍼가 잘 안되는데 잘 푸는 요령만 터득하면 잘되요 샀는데 딱 날씨가 풀려서 기분이 좋아요 결론은 대 만족!!,남자가 입기에는 작이 나서 레이어드해서 입어야 돼요 근데 코디만 잘 하면 너무너무 이뻐요 비닐 같으면서도 싸구려 바스락거리는 비닐도 아닌 게 묘하게 매력 있어요 솔직히 가격만큼의 퀄리티는 아닌데 마뗑킴 로고 감성과 핏이 트렌드를 잘 아는 거 같아요 지퍼가 잘 안되는데 잘 푸는 요령만 터득하면 잘 돼요 샀는데 딱 날씨가 풀려서 기분이 좋아요 결론은 대 만족,,"레이어드, 만큼의, 매력, 묘, 비닐, 아니다, 터득"
오버핏 정석 힙하게 코디가능 간절기때 유용하게 데일리템으로 입고 다녀용 흰색 줄에 반한.. 너무글로시 하지 않고 딱 좋아요! 제품썸네일샷이랑 동일함,오버핏 정석 합하게 코디 가능 간절기 때 유용하게 데일리 템으로 입고 다녀요 흰색 줄에 반한 너무 글로 시 하지 않고 딱 좋아요 제품 섬네일 샷이랑 동일함,,"가능, 간절기, 데일리, 동일하다, 반한, 샷, 섬네일, 오버핏, 유용하다, 정석, 줄, 코디, 합, 흰색"
예쁘고 얇아서 봄 내내 잘 입을 수 있을거같아요 사이즈도 넉넉하고 좋네요 ㅎㅎ 처음엔 좀 약품 냄새가 나서 환기 잘 되는 곳에 말려놨어요ㅠ 그리고 엄청 바스락 거려요,예쁘고 얇아서 봄 내내 잘 입을 수 있을 거 같아요 사이즈도 넉넉하고 좋네요 처음엔 좀 약품 냄새가 나서 환기 잘 되는 곳에 말려놨어요 그리고 엄청 바스락 걸려요, 걸리다,"걸리다, 나서다, 내내, 냄새, 넉넉하다, 말리다, 바스락, 사이즈, 약품, 얇다, 처음, 환기"
봄 교복으로 구매했어요~핏감도좋고 이뻐요정말.,봄 교복으로 구매했어요 핏 감도 좋고 이뻐요 정말,,"감다, 교복"
사이즈는 좀 오버핏 느낌입니다. 살짝 유광 느낌 이뻐요. 가을에 잘 입고 다니겟습니다,사이즈는 좀 오버핏 느낌입니다 살짝 유광 느낌 이뻐요 가을에 잘 입고 다니겠습니다,,"가을, 사이즈, 오버핏, 유광"
날씨가 점점 선선해져서 걸치기 좋습니다 예뻐요 추천해요,날씨가 점점 선선해져서 걸치기 좋습니다 예뻐요 추천해요," 걸치다,  날씨","걸치다, 날씨, 선선해지다, 점점, 추천"
배송이 살짝 느리긴 한데 넘너무 예쁨 가을에 잘 입을듯,배송이 살짝 느리긴 한데 너무너무 예쁨 가을에 잘 입을 듯, 가을,"가을, 느리다, 배송"
정말 직장에 있을 때 추우면 입고 다니고 좋음 살짝 물 튕기는 재질인데 그게 매력,정말 직장에 있을 때 추우면 입고 다니고 좋음 살짝 물 튕기는 재질인데 그게 매력,,"그게, 매력, 재질, 직장, 추다, 튕기"
블프 기획 전 때 구매해서 한 여름 동안 손에 꼽게 입었던 것 같아요 그래도 입었을 때 느낀 점 좀 설명드릴게요 ❣️재질 - 처음 구매 전에 봤을 때 비닐 같아서 뭔가 내구성이 약하려나 생각했었는데 실제로 만져보면 비닐 보단 뭐랄까 반짝거리는 바람막이 옷감을 만지는 느낌이에요 - 의외로 튼튼하고 통풍도 잘되서 간절기에 이만한 포인트 템이 있을까 싶어요 ❣️사이즈 - 167/66 남자 기준으로도 프리 사이즈가 오버핏 느낌 충분히 나더라구요 ❣️스타일링 - 뒤에 로고플레이도 좋고 반짝이는 겉 표면이 힙한 느낌 살리기 좋을 것 같아요 가을 오면 바로 츄라이 해보려합니다,불프 기획 전 때 구매해서 한 여름 동안 손에 꼽게 입었던 것 같아요 그래도 입었을 때 느낀 점 좀 설명드릴게요 재질 처음 구매 전에 봤을 때 비닐 같아서 뭔가 내구성이 약하려나 생각했었는데 실제로 만져보면 비닐보단 뭐랄까 반짝거리는 바람막이 옷감을 만지는 느낌이에요 의외로 튼튼하고 통풍도 잘 돼서 간절기에 이만한 포인트 템이 있을까 싶어요 사이즈 남자 기준으로도 프리 사이즈가 오버핏 느낌 충분히 나더라고요 스타일링 뒤에 로고 플레이도 좋고 반짝이는 겉면이 힙한 느낌 살리기 좋을 것 같아요 가을 오면 바로 트라이 해보려 합니다,,"구성, 기획, 만지다, 비닐, 튼튼하다"
냄새가 좀 나긴한데 이뻐서 용서됩니다 여자친구랑 커플로 입을건데 좋아용,냄새가 좀 나긴 한데 이뻐서 용서됩니다 여자친구랑 커플로 입을 건데 좋아요, 커플,"건데, 나다, 냄새, 여자친구, 용서, 커플"
소재 자체가 약간 비닐 느낌이라 지금 입기에는 덥긴 하지만 핏이나 뒤에가 너무 예뻐서 맘에들게 입고 있어요!,소재 자체가 약간 비닐 느낌이라 지금 입기에는 덥긴 하지만 핏이나 뒤에 가 너무 예뻐서 맘에 들게 입고 있어요,,"덥다, 비닐, 소재, 핏"
사이즈 넉넉하니 좋네요. 비닐소제인듯한데 소리안나고 고급져요. 가을에 더 신나게 입을려구요. 잘입을게요.,사이즈 넉넉하니 좋네요 비닐 소제인듯한데 소리 안 나고 고급 져요 가을에 더 신나게 입을려구요 잘 입을게요," 고급,  신나다,  넉넉하다","가을, 고급, 나다, 넉넉하다, 비닐, 사이즈, 소리, 신나다, 지다"
배송도 빠르고 상품도 이쁘고 괜찮습니다 추천 합니다,배송도 빠르고 상품도 이쁘고 괜찮습니다 추천합니다,"추천,  빠르다,  배송,  상품","배송, 빠르다, 상품, 추천"
옷 너무 이뻐요 자주 입을 거 같아요 친구들에게 추천합니다!!,옷 너무 이뻐요 자주 입을 거 같아요 친구들에게 추천합니다,,"추천, 친구"
배송 빠르네요 옷걸이까지 포함되어있어서 죠습니다,배송 빠르네요 옷걸이까지 포함되어 있어서 죠습니다, 배송,"걸이, 되어다, 배송, 빠르다, 습니, 포함"
마뗑킴 올가을에 입을려고 빨리 구입함 ! 비니모자랑 찰똑일듯,마뗑킴 올가을에 입으려고 빨리 구입함 비니 모자랑 찰똑일듯, 찰똑,"마뗑킴, 모자, 비니, 빨리, 올가을, 찰똑, 함"
빠른 배송에 빠른 교환처리! 맘에 들어요 세일중에 구매 해서 가격도 맘에들고 ㅋㅋ 그런데 세일이 이제 끝났네요ㅠㅠ,빠른 배송에 빠른 교환처리 맘에 들어요 세일 중에 구매해서 가격도 맘에 들고 그런데 세일이 이제 끝났네요, 배송,"가격, 교환, 끝나다, 배송, 빠르다, 세일, 이제"
세일해서 잘 구매했는데 자크가 불량으로 와서 다시 교환 ㅠㅠ 그래도 빨리 처리 해주셔서 괜찮아요 세일이 끝났네요ㅠㅠ ,세일해서 잘 구매했는데 자크가 불량으로 와서 다시 교환 그래도 빨리 처리해 주셔서 괜찮아요 세일이 끝났네요,,"교환, 끝나다, 다시, 불량, 빨리, 세일, 오다, 자크, 주다, 처리"
가을 준비힐겸 구매했어요 저렴하게 잘 샀어용!! 감사합니당,가을 준비일 겸 구매했어요 저렴하게 잘 샀어요 감사합니다, 가을,"가을, 저렴하다, 준비"
배송도 삐르고 인터넷 최저리고 저렴하게 잘 샀어용^^,배송도 삐어고 인터넷 최저리고 저렴하게 잘 샀어요, 배송,"배송, 삐, 인터넷, 저렴하다, 최저"
"정말 예쁩니다! 사이즈도 딱 맞고, 가을이 오면 입으려고 해요!",정말 예쁩니다 사이즈도 딱 맞고 가을이 오면 입으려고 해요,,"가을, 맞다, 사이즈, 오다"
마뗑킴 윈드브레이커 유명하고 많이 입는만큼 이쁩니다 ,마뗑킴 윈드브레이커 유명하고 많이 입는 만큼 이쁩니다," 윈드브레이커,  마뗑킴","마뗑킴, 윈드브레이커, 유명하다"
좋은가격에 이쁜아이템 구매해서 기분좋아요ㅎ 환절기에 입으려고 구매한건데 얼른 시원해지면 좋겠네요ㅎ,좋은 가격에 이쁜 아이템 구매해서 기분 좋아요 환절기에 입으려고 구매한 건데 얼른 시원해지면 좋겠네요, 환절기,"가격, 건데, 기분, 시원하다, 아이템, 얼른, 환절기"
디자인은 너무 이뻐서 크게 고민없이 구매했습니다! 정상가격보다 저렴하게 할인해서 팔아서 좋은 가격에 구매한거같아요! 이제 조금 지나면 환절기라 감기안걸릴려면 필수템인거 같습니다 ㅎㅎ ,디자인은 너무 이뻐서 크게 고민 없이 구매했습니다 정상가격보다 저렴하게 할인해서 팔아서 좋은 가격에 구매한 거 같아요 이제 조금 지나면 환절기라 감기 안 걸리려면 필수 템인 거 같습니다,,"가격, 감기, 걸리다, 디자인, 이제, 저렴하다, 지나다, 크게, 파다, 할인, 환절기"
너무 맘에들아요 세일할때사서 저렴하게 구매팻습니다 구매하고 나니 가걱 올랏네요 다행 잘입겠습니다 전 냄새도 마니안나요 ㅋ ㅋ ㅎ,너무 맘에 들어요 세일할 때 사서 저렴하게 구매 팼습니다 구매하고 나니 가 걱 올랐네요 다행 잘 입겠습니다 전 냄새도 마니 안 나요,,"나니, 냄새, 사서, 세일, 저렴하다, 팼습니"
핏도 이쁘고 재질도 마음에 들고 싸게 잘샀습니다. ,핏도 이쁘고 재질도 마음에 들고 싸게 잘 샀습니다,,"싸다, 재질, 핏"
눈팅만하다가 여행계획있어서 질렀어요 왜 고민했나 싶어요 너무맘에들어요,눈팅만하다가 여행 계획 있어서 질렀어요 왜 고민했나 싶어요 너무 맘에 들어요," 지르다,  여행,  고민","계획, 고민, 다가, 만하, 여행, 지르다"
잘 먹고 있습니다 신선해서 먹기도 편하네 정말 괜찮은,잘 먹고 있습니다 신선해서 먹기도 편하네 정말 괜찮은,,"먹기, 먹다, 신선하다, 편하다"
작지 않을까 걱정했는데 딱 맞고 생각보다 따뜻해요,작지 않을까 걱정했는데 딱 맞고 생각보다 따뜻해요,,"걱정, 따뜻하다, 맞다, 작다"
"고민 할 시간이 아까울 정도로 넘 맘에 들어요ㅠ 얇은 비닐같은 싸구려 느낌 날까봐 걱정했는데 진짜 싼티 1도 안나요. 적절한 광택에 생각했던 거보다 엄청 얇지도 않더라구요. 어깨라인, 팔라인에 흰색 스티치가 포인트임.  이 옷은 화면보단 실물이 훨씬 더 이쁨",고민할 시간이 아까울 정도로 너무 맘에 들어요 얇은 비닐 같은 싸구려 느낌 날까 봐 걱정했는데 진짜 싼 티 도 안 나요 적절한 광택에 생각했던 거보다 엄청 얇지도 않더라고요 어깨라인 팔 라인에 흰색 스티치가 포인트임 이 옷은 화면보단 실물이 훨씬 더 이쁨,,"고민, 광택, 보단, 비닐, 스티치, 실물, 싸다, 얇다, 적절하다, 화면, 흰색"
진짜 너무 예쁩니다!! 오버핏으로 입기 너무 좋아요! 색도 이쁘고 핏도 잘 나와서 만족해요,진짜 너무 예쁩니다 온 버핏으로 입기 너무 좋아요 색도 이쁘고 핏도 잘 나와서 만족해요,,"나오다, 만족하다, 버핏, 색도, 핏"
매번 사야지 사야지 하고 있었는데 할인하길래 바로 구매했는데 사이즈도 컬러도 아주 만족,매번 사야지 사야지 하고 있었는데 할인하길래 바로 구매했는데 사이즈도 컬러도 아주 만족," 만족,  사이즈","만족, 사이즈, 컬러, 할인"
오버핏으로 라인도 이쁘고 재질도 특이한게 이뻐요!,온 버핏으로 라인도 이쁘고 재질도 특이한 게 이뻐요," 재질,  특이하다","라인, 버핏, 재질, 특이하다"
"딱 이쁘게 박시한 핏이고, 생각보다 많이 튀지 않아요 넘이쁩니다....... 왜 이제샀지??? ㅠㅠ",딱 이쁘게 박시한 핏이고 생각보다 많이 튀지 않아요 너무 이쁩니다 왜 이제 샀지,,"박시, 이고, 이제, 튀다"
"배송도 빠르고, 제품의 마감처리도 좋았음. 핏은 뭐 말할 것도 없고. 간절기때 힙하게 입고 다닐 수 있을 듯.",배송도 빠르고 제품의 마감 처리도 좋았음 핏은 뭐 말할 것도 없고 간절기 때 합하게 입고 다닐 수 있을 듯,,"간절기, 마감, 배송, 빠르다, 제품, 처리, 핏, 합"
진짜 안입은것처럼 너무너무 가벼와서 맘에 쏙들어요,진짜 안 입은 것처럼 너무너무 가 벼와서 맘에 쏙 들어요,,처럼
조금 크지만 또 그런 맛에 입는거니까 괜찮더라구요. ,조금 크지만 또 그런 맛에 입는 거니까 괜찮더라고요,,"그렇다, 맛, 크다"
가격빼고는 다 만족합니다 박시하게 잘 입을거 같아요,가격 빼고는 다 만족합니다 박시하게 잘 입을 거 같아요, 가격,"가격, 만족하다, 박시, 빼다"
맘에 들어요  바람막이로 샀는데 바람막이보다는 약간 두껍긴하지만 건지나게 잘 입을거 같아요,맘에 들어요 바람막이로 샀는데 바람막이보다는 약간 두껍긴 하지만 건지나 게 잘 입을 거 같아요,,"건지다, 두껍다, 바람막이, 보다는"
사길 잘한 것 같아요  배송도 빠르고 만족스러웠어요 ,사길 잘한 것 같아요 배송도 빠르고 만족스러웠어요, 빠르다,"만족스럽다, 배송, 빠르다"
마뗑킴 자켓 사고싶었는데 무신사에서 할인행사해서 저렴히 득했어요.사이즈 넉넉하네요. 제질이 좋아요.,마뗑킴 재킷 사고 싶었는데 무신사에서 할인행사해서 저렴히 득했어요 사이즈 넉넉하네요 재질이 좋아요," 재킷,  저렴하다,  재질,  넉넉하다","넉넉하다, 득, 마뗑킴, 무신, 사, 사고, 사이즈, 재질, 재킷, 저렴하다"
남자가 입기에도 좋습니다 지금은 좀 그렇지만 가을넘어갈때 딱일듯!,남자가 입기에도 좋습니다 지금은 좀 그렇지만 가을 넘어갈 때 딱일 듯," 남자,  가을","가을, 남자, 넘어가다, 딱이다"
실물이 살짝 비닐 같은 느낌이에요 이쁘긴한데 포장이 조금 아쉬웠어요 그래도 잘 산 것 같아여,실물이 살짝 비닐 같은 느낌이에요 이쁘긴 한데 포장이 조금 아쉬웠어요 그래도 잘 산 것 같아요,,"비닐, 아쉽다, 포장"
세일할때 아울렛보다 저렴한 가격에 구매했어요~ 가을에 입으려구요 ㅎ,세일할 때 아웃렛보다 저렴한 가격에 구매했어요 가을에 입으려구요," 가을,  세일","가격, 가을, 세일, 아웃렛, 저렴하다"
바람막이로도 좋고 여러모로 편하게 입기 너무 좋습니다,바람막이로도 좋고 여러모로 편하게 입기 너무 좋습니다, 편하다,"모로, 바람막이, 편하다"
"디자인 너무 예쁜데 제가 키가 작아서,, 너무 오버핏 느낌이긴 해요! 바지를 잘 맞춰 입으면 그래도 커버 가능할 정도라서 괜찮습니다~!",디자인 너무 예쁜데 제가 키가 작아서 너무 오버핏 느낌이긴 해요 바지를 잘 맞춰 입으면 그래도 커버 가능할 정도라서 괜찮습니다,,"가능하다, 느끼다, 디자인, 라서, 바지, 오버핏, 작다, 커버, 키"
너무 사고싶어서 계절감엔 1도 안맞지만 구매했어요  역시 이쁩니다,너무 사고 싶어서 계절감엔 도 안 맞지만 구매했어요 역시 이쁩니다,,"계절, 맞다, 사고"
너무 마음에 들어요🥰 마뗑킴 가방 사고 굉장히 만족해서 눈여겨 보는 브랜드인데 겉옷도 굉장히 만족스럽습니다,너무 마음에 들어요 마뗑킴 가방 사고 굉장히 만족해서 눈여겨보는 브랜드인데 겉옷도 굉장히 만족스럽습니다," 가방,  브랜드,  마뗑킴","가방, 겉옷, 굉장하다, 마뗑킴, 만족스럽다, 만족하다, 브랜드, 사고, 여기다"
몇년 전부터 살까말까 고민했는데 그냥 샀어요 맘에 들어용,몇 년 전부터 살까 말까 고민했는데 그냥 샀어요 맘에 들어요, 살다,"고민, 그냥, 말다, 살다, 전"
빨리간절기가왔음해요  미리 사놨어요 가을에 입으려구요 가볍고  여기저기 잘어울릴것같아요 옷걸이까지주시네요 ㅋㅋ,빨리 간절기가 왔으면 해요 미리 사놨어요 가을에 입으려구요 가볍고 여기저기 잘 어울릴 것 같아요 옷걸이까지 주시네요," 어울리다,  주다,  여기저기,  가볍다","가볍다, 가을, 간절기, 걸이, 미리, 빨리, 어울리다, 여기저기, 오다, 주다"
생각보다 사이즈도 품도 넉넉(?)하다 못해 크지만 맘에 들어요 ㅋ,생각보다 사이즈도 품도 넉넉하다 못해 크지만 맘에 들어요,,"넉넉하다, 사이즈, 크다, 품다"
생각보다 두껍지 않아서 여름철 쌀쌀할때 입어도 되겠어요,생각보다 두껍지 않아서 여름철 쌀쌀할 때 입어도 되겠어요, 두껍다,"두껍다, 쌀쌀하다, 여름철"
생각했던것보다 더 예쁘고 누구나 입을 수 있는 스타일입니다. ,생각했던 것보다 더 예쁘고 누구나 입을 수 있는 스타일입니다,스타일,스타일
갖고싶었던건데 마침 있어서 구매해버렸습니다 사이즈도좋고 자주입을거같아요,갖고 싶었던 건데 마침 있어서 구매해버렸습니다 사이즈도 좋고 자주 입을 거 같아요,,"갖다, 건데, 마침, 버리다, 사이즈"
예쁩니다 광택도 은은하고 프리사이즈이지만 핏도 넉넉하구요,예쁩니다 광택도 은은하고 프리사이즈이지만 핏도 넉넉하고요," 광택,  넉넉하다","광택, 넉넉하다, 사이즈, 은은하다, 프리, 핏"
사이즈도 딱맞거 좋아요  잘입고 다닙니다 면도 고급져보여요,사이즈도 딱 맞고 좋아요 잘 입고 다닙니다 면도 고급 져 보여요," 고급,  보이다","고급, 맞다, 면도, 보이다, 사이즈"
오프매장에서 보고 구매했어요! 매장보다 무신사에서 훨씬 저렴하게 구매했고 Free 사이즈라 좀 아쉽지만 오버핏으로 나름 힙하게 입을수 있을것 같아요 뒷면 로고도 깔끔하고 유광이라 매력있습니다 소매통이 좀 크긴하지만 손목밴딩때매 흘러내리진 않아서 괜찮은것 같아요~ 좀 선선해지면 잘 입고 다닐듯해요,오프매장에서 보고 구매했어요 매장보다 무신사에서 훨씬 저렴하게 구매했고 Free 사이즈라 좀 아쉽지만 온 버핏으로 나름 합하게 입을 수 있을 것 같아요 뒷면 로고도 깔끔하고 유광이라 매력 있습니다 소매통이 좀 크긴 하지만 손목 밴딩 땜에 흘러내리진 않아서 괜찮은 것 같아요 좀 선선해지면 잘 입고 다닐듯해요, 소매통,"깔끔하다, 뒷, 로고, 매력, 매장, 밴딩, 사이즈, 선선해지다, 소매통, 손목, 오프, 유광, 저렴하다, 크다, 흘러내리다"
적당한 오버핏에 재질이 바스락이라서 너무 좋았어여 에어컨 빵빵한 사무실에서 걸치기 아주 딱입니다,적당한 온 버핏에 재질이 바스락이라서 너무 좋았어요 에어컨 빵빵한 사무실에서 걸치기 아주 딱입니다," 재질,  에어컨","걸치다, 딱이다, 바스락, 버핏, 빵빵, 사무실, 에어컨, 재질, 적당하다"
사이즈는 좀 큰편이고 지금은 더워서 못입어서 아쉽네요,사이즈는 좀 큰 편이고 지금은 더워서 못 입어서 아쉽네요," 덥다,  사이즈","덥다, 사이즈, 아쉽다, 크다, 편이"
저한테는 좀 큰사이즈이고 더워서 지금은 못입겠지만 가을엔 괜찮을듯 합니다,저한테는 좀 큰 사이즈이고 더워서 지금은 못 입겠지만 가을엔 괜찮을듯합니다," 가을,  사이즈","가을, 덥다, 사이즈"
눈에 아른거려서 가을에 사면 품절될까봐 미리 구매해뒀어요 기본템인데도 광택이 있어서 그런지 더 맘에드네요,눈에 아른거려서 가을에 사면 품절될까 봐 미리 구매해뒀어요 기본 템인데도 광택이 있어서 그런지 더 맘에 드네요, 광택,"가을, 광택, 그렇다, 기본, 미리, 사면, 아른거리다, 품절"
마뗑킴 첨 사보는데ㅜ넘 이쁘네요 남자가 입기에도 적딩히 오버핏으로 이쁘게 떨어져요 사길 잘한거 같아요,마뗑킴 첨 사보는데 너무 이쁘네요 남자가 입기에도 적딩히 온 버핏으로 이쁘게 떨어져요 사길 잘한 거 같아요, 남자,"남자, 떨어지다, 버핏, 사보다, 적딩히"
시이즈도 좋고 너무 이쁩니다! 잘 산 것 같아요! 핏도 좋아여~,시리즈도 좋고 너무 이쁩니다 잘 산 것 같아요 핏도 좋아요,,"시리즈, 핏"
가을에 입으려고 미리 구매해뒀어요 마뗑킴 힙하네요,가을에 입으려고 미리 구매해뒀어요 마뗑킴 힙하네요," 가을,  마뗑킴","가을, 두다, 마뗑킴, 미리, 힙"
"주문하고 3일만에 받았습니다 너무 이뻐요 ㅎㅎ 두께가 조금 있어서 여름엔 더울 거 같고, 간절기에 입기 좋을 것 같습니다 :) 잘 입을게영 ",주문하고 일만에 받았습니다 너무 이뻐요 두께가 조금 있어서 여름엔 더울 거 같고 간절기에 입기 좋을 것 같습니다 잘 입을게요," 주문,  덥다","간절기, 덥다, 두께, 받다, 여름, 일만, 주문"
배송 매우 빠릅니다. 상품 좋아요. 감사합니다. 많이 판매하세요.,배송 매우 빠릅니다 상품 좋아요 감사합니다 많이 판매하세요," 배송,  상품","배송, 빠르다, 상품, 판매"
"옷이 이뻐요 적당히 두께감 있어 봄,가을에 가볍게 걸쳐입기 좋아욘",옷이 이뻐요 적당히 두께감 있어 봄가을에 가볍게 걸쳐 입기 좋아온, 걸치다,"가볍다, 걸치다, 두께감, 온, 적당하다"
사진보다는 색이 진하구요 빛을 흡수하는 듯한 옷 입니다,사진보다는 색이 진하고요 빛을 흡수하는 듯한 옷입니다, 흡수,"보다는, 빛, 사진, 색, 진하다, 흡수"
디자인이 생각보다 더 이뻐서 그냥 편하게 집앞 마실용 뭐 스타일 내기 그냥 등등 다 너무 좋게 쓰여요 ,디자인이 생각보다 더 이뻐서 그냥 편하게 집 앞 말 실용 뭐 스타일 내기 그냥 등등 다 너무 좋게 쓰여요,,"내기, 등등, 디자인, 스타일, 실용, 쓰이다, 편하다"
장바구니 담아뒀는대 세일할때 너무잘 산거 같아서 조아요-!!!,장바구니 담아뒀는데 세일할 때 너무 잘 산거 같아서 좋아요, 세일,"담다, 두다, 세일, 장바구니"
생각보다 더 크구 옷은 이뻐서 엄청 만족합니다 감사합니다,생각보다 더 크고 옷은 이뻐서 엄청 만족합니다 감사합니다,"만족하다,  크다","만족하다, 크다"
"배송 빨리 왔습니다. 남자여서 사이즈 작지 않을까 했는데, 딱 적당하니 좋네요ㅎㅎ!",배송 빨리 왔습니다 남자여서 사이즈 작지 않을까 했는데 딱 적당하니 좋네요," 배송,  작다,  사이즈","남자, 배송, 빨리, 사이즈, 오다, 작다, 적당하다"
요즘 많이들 입길래 구경하다 세일하는거 득템했어요 ,요즘 많이들 입길래 구경하다 세일하는 거 득템했어요," 세일,  득템","구경, 득템, 세일, 입길"
이뻐요 옥매치 하기 편하고 휘뚜루 마뚜루 잘 입을 수 입을 수 있을것 같아요 ,이뻐요 옥매 치하기 편하고 휘뚜루마뚜루 잘 입을 수 입을 수 있을 것 같아요,,"옥매, 치, 편하다, 휘뚜루마뚜루"
"생각보다 사이즈도 잘 맞고, 예쁘네요 빨리 입는 날이 오면 좋겠어요",생각보다 사이즈도 잘 맞고 예쁘네요 빨리 입는 날이 오면 좋겠어요,,"날, 맞다, 빨리, 사이즈, 오다"
"배송 빨리 왔습니다.  남자여서 사이즈 작지 않을까 했는데,  딱 적당하니 좋네요ㅎㅎ!",배송 빨리 왔습니다 남자여서 사이즈 작지 않을까 했는데 딱 적당하니 좋네요," 배송,  작다,  사이즈","남자, 배송, 빨리, 사이즈, 오다, 작다, 적당하다"
배송은 빠르진 않았어요  색감은 사진과 비슷하고  마음에 듭니다,배송은 빠르진 않았어요 색감은 사진과 비슷하고 마음에 듭니다," 빠르다,  배송","배송, 빠르다, 사진, 색감"
무진장데이 덕분에 저렴한가격에 구입합니다~  마뗑킴 제품 매력있네요,무진장 데이 덕분에 저렴한 가격에 구입합니다 마뗑킴 제품 매력 있네요," 저렴하다,  매력,  가격,  마뗑킴,  제품","가격, 덕분, 데이, 마뗑킴, 매력, 무진장, 저렴하다, 제품"
제품은 이뻐요 근데 박스가 젖어있고 구겨진상태로 와서 조금 아쉬워요 ㅠ,제품은 이뻐요 근데 박스가 젖어있고 구겨진 상태로 와서 조금 아쉬워요," 아쉽다,  박스","구기다, 박스, 상태, 아쉽다, 오다, 젖다, 제품"
비닐느낌 바스락재질이에요 뒤에 로고가 킥이에요 얇아서 간절기에 입기 좋아요 오버핏이고 반짝거리고 예뻐요 😍 ,비닐 느낌 바스락 재질이에요 뒤에 로고가 킥이에요 얇아서 간절기에 입기 좋아요 온 버핏이고 반짝거리고 예뻐요," 간절기,  얇다","간절기, 로고, 바스락, 반짝거리다, 버핏, 비닐, 얇다, 이고, 재질, 킥"
짱 예뻐요! 여자친구 선물해줬는데 스타일리쉬해서 꾸안꾸 가능하다고 엄청 좋아하네요,짱 예뻐요 여자친구 선물해 줬는데 스타일리시해서 꿈 안 꾸 가능하다고 엄청 좋아하네요," 좋아하다,  여자친구","가능하다, 선물, 스타일리시, 여자친구, 좋아하다, 주다"
진짜 간절기 아이탬으로 딱이에요 진짜 예뻐요 사길 잘했어요,진짜 간절기 아이템으로 딱이에요 진짜 예뻐요 사길 잘했어요,,"간절기, 딱이다, 아이템"
배송은 오래걸렸지만 어차피 지금입을게 아니라 만족합니다 사이즈는 큰데 오버핏 좋아해서 괜찮아요,배송은 오래 걸렸지만 어차피 지금 입을게 아니라 만족합니다 사이즈는 큰데 오버핏 좋아해서 괜찮아요," 좋아하다,  오버핏","걸리다, 만족하다, 배송, 사이즈, 아니다, 어차피, 오래, 오버핏, 좋아하다, 크다"
생각보다 광택이 심하지 않은 거 같아서 좋은 거 같아요! 처음 받았을 때 냄새가 조금 나지만 며칠 밖에 둬서 냄새 빼면 좋을 거 같아요!,생각보다 광택이 심하지 않은 거 같아서 좋은 거 같아요 처음 받았을 때 냄새가 조금 나지만 며칠 밖에 둬서 냄새 빼면 좋을 거 같아요, 심하다,"광택, 냄새, 두다, 며칠, 받다, 빼다, 심하다, 처음"
남여모두 입기 좋은 스타일이네요~ 와이프 안입을때 몰래 착용해야겠습니다 ㅋ,남녀 모두 입기 좋은 스타일이네요 와이프 안 입을 때 몰래 착용해야겠습니다,,"남녀, 몰래, 스타일, 와이프, 착용"
선물용으로 구매했어요 배송 빨라서 맘에 듭니다!!,선물용으로 구매했어요 배송 빨라서 맘에 듭니다, 배송,"라서, 배송, 선물"
예버요 즈이 닉네임처럼 간지폭풍 지금 계절에 맞지 않지만 세일하길래 그냥 샀어요 가을되면 잘 입을게요,예버요 즈이 닉네임처럼 간지 폭풍 지금 계절에 맞지 않지만 세일하길래 그냥 샀어요 가을 되면 잘 입을게요,,"가을, 간지, 계절, 그냥, 닉네임, 맞다, 세일, 예버, 폭풍"
마뗑킴 처음사보는데 이쁘네요 잘입겠습니다.굿,마뗑킴 처음 사보는데 이쁘네요 잘 입겠습니다 굿, 마뗑킴,"마뗑킴, 사보다, 처음"
뒷북으로 삿지만 너무예뻐서 얼렁 입어보고싶아요,뒷북으로 샀지만 너무 예뻐서 얼렁 입어보고 싶아요, 뒷북,"뒷북, 얼렁, 입어보다"
블프 세일받고 여자친구랑 같이 두벌샀어요 좋아용,불프 세일 받고 여자친구랑 같이 두 벌 샀어요 좋아요, 받다,"받다, 불프, 세일, 여자친구"
바스락거리는게 유니크하규 좋습니다 가을에 입으면 좋을거같아요,바스락거리는 게 유니크하고 좋습니다 가을에 입으면 좋을 거 같아요,,"가을, 거리, 바스락, 유니크"
쿠폰받아서 매장보다 훨씬 싸게 샀어요 사이즈 오버핏으로 이쁘고 저는 스트링 안조이고 입는게 더 마음에 들어요 광택도 은은하니 부담스럽지 않네요,쿠폰 받아서 매장보다 훨씬 싸게 샀어요 사이즈 온 버핏으로 이쁘고 저는 스트링 안조이고 입는 게 더 마음에 들어요 광택도 은은하니 부담스럽지 않네요, 매장,"광택, 매장, 받다, 부담, 사이즈, 스럽지, 스트링, 싸다, 안좋다, 은은하다, 쿠폰"
간절기에 입기 좋아요 얇은 비닐?재질이에요 뒤에 로고가 넘 예뻐요 ,간절기에 입기 좋아요 얇은 비닐 재질이에요 뒤에 로고가 너무 예뻐요," 비닐,  얇다,  재질","간절기, 뒤, 로고, 비닐, 얇다, 재질"
비닐 느낌이지만 디자인 넘 예뻐요 뒤에 로고가 킥이에요 지퍼 투웨이라 다양하게 연출 가능해요 얇아서 간절기에 많이 입을 수 있을 것 같아요 ,비닐 느낌이지만 디자인 너무 예뻐요 뒤에 로고가 킥이에요 지퍼 투 웨이라 다양하게 연출 가능해요 얇아서 간절기에 많이 입을 수 있을 것 같아요," 비닐,  로고","가능하다, 간절기, 다양하다, 디자인, 로고, 비닐, 얇다, 연출, 지퍼, 킥"
약간 비닐?같은 재질로 만들어진 옷감입니다!!! 가볍고 블랙 색상이라 아무 옷에나 가볍게 툭 걸치기 좋은 아이템입니다! ,약간 비닐 같은 재질로 만들어진 옷감입니다 가볍고 블랙 색상이라 아무 옷에나 가볍게 툭 걸치기 좋은 아이템입니다, 블랙,"가볍다, 걸치다, 만들어지다, 블랙, 비닐, 색상, 아이템, 에나, 옷감, 재질"
"오버핏으로 되게 얇아요~ 바스락 가리는 소재이고, 뒤에 마뗑킴 마크가 완전 예쁩니다!",온 버핏으로 되게 얇아요 바스락 가리는 소재이고 뒤에 마뗑킴 마크가 정말 예쁩니다,,"가리다, 되게, 뒤, 마뗑킴, 마크, 바스락, 버핏, 소재, 얇다, 이고"
와이프 사준건데 저한테도 맞아서 제가 더 많이 입고다니네요ㅎㅎ 이쁩니다 !,와이프 사준 건데 저한테도 맞아서 제가 더 많이 입고 다니네요 이쁩니다,,"건데, 맞다, 와이프, 테"
사이즈는 프리라서 엄청 크지만 스트링 조이면 핏이 예쁩니다 색은 아주아주 고급진 블랙이지요 ~ 받자마자 너무 이쁜데 세탁 걱정이 쬐끔되긴하지만 ㅋㅋ 물 닿을일이 많을거 같아성 ㅋ 배송도 꼼꼼하게 잘 왔습니다 !,사이즈는 프리라서 엄청 크지만 스트링 조이면 핏이 예쁩니다 색은 아주아주 고급 진 블랙이지요 받자마자 너무 이쁜데 세탁 걱정이 쪼금 되긴 하지만 물 닿을 일이 많을 거 같아 성 배송도 꼼꼼하게 잘 왔습니다,,"고급, 배송, 블랙, 사이즈, 색, 세탁, 스트링, 아주아주, 이지, 조이, 크다"
사이즈는 프리라서 엄청 크지만 스트링 조이면 아주아주 마음에 드는 핏이 나오네용~ ㅋㅋ 역시 마음에 드네요 ㅋㅋ 기다리던 옷이라서 더 마음에 들어요~^^ 그래서 두색상 주문했네용 ㅋㅋ 검정은 검정대로 너무너무 이뻐요👍🏻,사이즈는 프리라서 엄청 크지만 스트링 조이면 아주아주 마음에 드는 핏이 나오네요 역시 마음에 드네요 기다리던 옷이라서 더 마음에 들어요 그래서 두 색상 주문했네요 검정은 검정대로 너무너무 이뻐요,,"검정, 기다리다, 나오다, 대로, 색상, 아주아주, 조이, 주문, 크다"
넘나 맘에드네요 저렴하게.잘 산거 같습니다 세일나중에하면 다른색도 사보고싶어 지네요,넘나 맘에 드네요 저렴하게 잘 산거 같습니다 세일 나중에 하면 다른 색도 사보고 싶어지네요,,"넘다, 사보다, 색도, 세일, 저렴하다"
넘나 맘에드는데요 세일하면 다른색도 사고싶어지네요 ㅎㅎ,넘나 맘에 드는데요 세일하면 다른 색도 사고 싶어지네요, 색도,"넘다, 사고, 색도, 세일"
사이즈는 적당하고 배송도 박스로 잘되어있고 빨라서 만족합니다,사이즈는 적당하고 배송도 박스로 잘 되어있고 빨라서 만족합니다," 배송,  사이즈","되어다, 라서, 만족하다, 박스, 배송, 사이즈, 적당하다"
배송도 이틀만에 오구 오버핏좋아하는대 너무아뿌네요 셍리쿠폰있어서 더 기분좋게 구매했어요 얇아서 간절기랑 봄가을에 입을 딱조ㅗ을것같아요,배송도 이틀 만에 오구 오버핏좋아하는대 너무아뿌네요 생리 쿠폰 있어서 더 기분 좋게 구매했어요 얇아서 간절기랑 봄가을에 입을 딱 조을 것 같아요,,"간절기, 기분, 만에, 무아, 배송, 생리, 얇다, 오버핏, 이틀, 좋아하다, 쿠폰"
행사기간이라 좀 걸릴줄알았는데 배송도 빠르고 옷도 이뻐요,행사 기간이라 좀 걸릴 줄 알았는데 배송도 빠르고 옷도 이뻐요," 빠르다,  배송","걸리다, 기간, 배송, 빠르다, 알다, 행사"
배송 레전드네요 엄청 빨라요!! 옷도 너무 이뻐요오,배송 레전드네요 엄청 빨라요 옷도 너무 이뻐요 오, 배송,"레전드, 배송, 빠르다"
바스락 거리는 재질로 봄 가을에 입기 좋을 것 같아요,바스락거리는 재질로 봄 가을에 입기 좋을 것 같아요,,"가을, 바스락, 재질"
후기를 재구매부터 해버렸네용 ㅎ 너무 맘에들어서 잘입다가 요즘은 더워서 못입구있음 ㅠ,후기를 재구매부터 해버렸네요 너무 맘에 들어서 잘 입다가 요즘은 더워서 못 입구 있음, 후기,"덥다, 들어서다, 버리다, 입구, 후기"
재구매 바로 두번째 구매라는점! 섬물하나 하고 이제 제가일을려고 산고임 넉넉해서 저한테도 잘맞거등요 ㅎ,재구매 바로 두 번째 구매라는 점 선물하나 하고 이제 제가 일으려고 산고임 넉넉해서 저한테도 잘 맞거든요,,"넉넉하다, 라는, 맞다, 번째, 선물, 이제, 재다, 테, 하나"
진짜 너무 예쁩니당! 겨울이랑 한여름 빼고는 항상 입을 수 있어요!!!😄,진짜 너무 예쁩니다 겨울이랑 한여름 빼고는 항상 입을 수 있어요,,"겨울, 빼다, 한여름, 항상"
매장에서 입어보고 휘뚜루마뚜루 입을 수 있을 것 같아 바로 주문했습니다. 숏에 후드 있는 제품이랑 고민했는데 기장이 긴 본 제품이 활용도가 더 높을 것 같아 결정했는데 너무 잘 구매한 것 같네요!,매장에서 입어보고 휘뚜루마뚜루 입을 수 있을 것 같아 바로 주문했습니다 숏에 후드 있는 제품이랑 고민했는데 기장이 긴 본 제품이 활용도가 더 높을 것 같아 결정했는데 너무 잘 구매한 것 같네요,,"결정, 고민, 기장, 높다, 매장, 용도, 입어보다, 제품, 주문, 후드, 휘뚜루마뚜루"
쿠폰 적용해서 저렴하게 잘삿습니다 선물용으로 구매한건데 받은사람이 너무 좋아하네요 감사합니당,쿠폰 적용해서 저렴하게 잘 샀습니다 선물용으로 구매한 건데 받은 사람이 너무 좋아하네요 감사합니다, 쿠폰,"건데, 받다, 사람, 선물, 저렴하다, 적용, 좋아하다, 쿠폰"
싸이즈가 원싸이즌데도 잘맞네요. 느낌있고 블랙이라 코디하기 편해요,사이즈가 원싸이즌데도 잘 맞네요 느낌 있고 블랙이라 코디하기 편해요," 코디,  블랙,  사이즈","맞다, 블랙, 사이즈, 즌데, 코디, 편하다"
"가격때문에 살까말까 고민하다가 샀는데 너무 ㅇㅖ뻐서 고민한 시간이 아깝습니댜,,,,고민이신분들 무조건사세용 짱예빠용",가격 때문에 살까 말까 고민하다가 샀는데 너무 버서 고민한 시간이 아깝습니 대 고민이 신분들 무조건 사세요 짱예빠용,"고민,  신분","가격, 고민, 때문, 말다, 무조건, 버, 살다, 신분, 아깝다"
좋아요 질도좋고 가격대비 잘 샀어요 마뗑킴 처음인데 너부 좋슺니다,좋아요 질도 좋고 가격 대비 잘 샀어요 마뗑킴 처음인데 너비 좋습니다," 가격,  대비","가격, 너비, 대비, 마뗑킴, 질도, 처음"
너무 예뻐요 딱 적당하고 좋은거 같아요 잘 시킨거 같네요~~,너무 예뻐요 딱 적당하고 좋은 거 같아요 잘 시킨 거 같네요,,적당하다
넘 귀여운 디자인이에요! 파주아울렛에서 입어보고 마음에 들었었는데 마침 무신사에서 할인해서 바로 샀어요! 너무 맘에 쏙 드네요,너무 귀여운 디자인이에요 파주 아웃렛에서 입어보고 마음에 들었었는데 마침 무신사에서 할인해서 바로 샀어요 너무 맘에 쏙 드네요, 디자인,"귀엽다, 디자인, 마침, 아웃렛, 입어보다, 할인"
정말 좋아요 얇지만 느낌있는 디자인과 재질입니다,정말 좋아요 얇지만 느낌 있는 디자인과 재질입니다,,"디자인, 얇다, 재질"
얇아서 좀 더울때 입어도 괜찮더라구요 이쁩니다,얇아서 좀 더울 때 입어도 괜찮더라고요 이쁩니다,,"덥다, 얇다"
매장에서 입어보고 샀는데 너무만족스러워요..!! 잘산거 같아요,매장에서 입어보고 샀는데 너무 만족스러워요 잘 산 거 같아요,,"만족스럽다, 매장, 입어보다"
너무 오버핏 유광이 너무 심한가  두가지가 걱정되어 망설이다 구매했는데 저는 둘다 만족합니다,너무 오버핏 유광이 너무 심한가 두 가지가 걱정되어 망설이다 구매했는데 저는 둘 다 만족합니다," 유광,  심하다,  오버핏","가지, 걱정, 되어다, 만족하다, 망설이다, 심하다, 오버핏, 유광"
오래 고민하다가 구매했는데 마음에 듭니다 후기들이 많아서  도움이 많이 되었어요~,오래 고민하다가 구매했는데 마음에 듭니다 후기들이 많아서 도움이 많이 되었어요, 후기,"고민, 도움, 되어다, 많다, 오래, 후기"
예약배송 기다리는 시간이 조금 있었지만 기다린만큼 예뻐서 잘 구매한 것 같습니다. 그리고 지퍼가 투웨이라서 더 편한 거 같아요!,예약배송 기다리는 시간이 조금 있었지만 기다린 만큼 예뻐서 잘 구매한 것 같습니다 그리고 지퍼가 투 웨이라서 더 편한 거 같아요, 편하다,"기다리다, 라서, 배송, 지퍼, 편하다"
블랙 바람막이 크롭 아닌걸로 사려고 알아보다가 구매했는데요. 아주 좋습니다! 반팔에 이것만 걸쳐도 조금 더 신경써서 입은 거 같은 느낌이 있어요!,블랙 바람막이 크롭 아닌 걸로 사려고 알아보다가 구매했는데요 아주 좋습니다 반팔에 이것만 걸쳐도 조금 더 신경 써서 입은 거 같은 느낌이 있어요,,"걸치다, 바람막이, 블랙, 사려, 신경, 써다, 알아보다, 크롭"
간지나요. 요즘 더워져서 많이 못입지만 가을이 되면 자주 입을거 같아요,가지나요 요즘 더워져서 많이 못 입지만 가을이 되면 자주 입을 거 같아요," 가을,  가다","가다, 가을, 더워지다, 입지"
"코팅이 진짜 생각보다 더 예뻐서 좋아요! 이 옷은 다른 색상도 좋지만, 블랙이 진짜 최고입니다!! 예약발송으로 늦게 올까봐 걱정했는데 생각보다 빨리와서 잘 입고 다녔어요!! ",코팅이 진짜 생각보다 더 예뻐서 좋아요 이 옷은 다른 색상도 좋지만 블랙이 진짜 최고입니다 예약 발송으로 늦게 올까 봐 걱정했는데 생각보다 빨리 와서 잘 입고 다녔어요,,"걱정, 늦다, 발송, 블랙, 빨리, 색상, 오다, 코팅"
구매 시기가 좀 늦어 요즘 입긴 너무 덥지만 앞으로 가을되면 잘 입을 거 같아요 사이즈 핏도 이쁘고  원단도 괜찮아요 요즘 입긴 너무 더워서 다시 더 얇은 바람 막이를 구매 해야겠어요 이옷은 디자인 핏 이쁨 ,구매 시기가 좀 늦어 요즘 입긴 너무 덥지만 앞으로 가을 되면 잘 입을 거 같아요 사이즈 핏도 이쁘고 원단도 괜찮아요 요즘 입긴 너무 더워서 다시 더 얇은 바람막이를 구매해야겠어요 이 옷은 디자인 핏 이쁨, 원단,"가을, 다시, 덥다, 디자인, 바람막이, 사이즈, 시기, 원단"
검은색 제품이라 어느 옷이나 찰떡으로 잘어울립니다 개인적으로는 저는 하의는 밝은 색상과 입었을 때  자켓이 더욱 눈길이 가는거 같아요!,검은색 제품이라 어느 옷이나 찰떡으로 잘 어울립니다 개인적으로는 저는 하의는 밝은 색상과 입었을 때 재킷이 더욱 눈길이 가는 거 같아요, 눈길,"개인, 검은색, 눈길, 더욱, 밝다, 색상, 으로는, 재킷, 제품, 찰떡, 하의"
생각보다 오버핏이라 스트링으로 쪼이면서 입으려고요 예뻐요,생각보다 온 버핏이라 스트링으로 쪼이면서 입으려고요 예뻐요,,"버핏, 스트링, 쪼이다"
배송 빠르고 바스락 거리는 재질에 마뗑킴 로고 이쁩니다,배송 빠르고 바스락거리는 재질에 마뗑킴 로고 이쁩니다," 로고,  배송","로고, 마뗑킴, 바스락, 배송, 빠르다, 재질"
잘맞아요~~ 공용으로 입기도 좋고 배송 예정일보다 엄청 빨리와서 좋았어요,잘 맞아요 공용으로 입기도 좋고 배송 예정일보다 엄청 빨리 와서 좋았어요, 배송,"공용, 맞다, 배송, 빨리, 예정일, 오다"
편하게 막입기 좋은 거 같아요 더 얆은거 나오면 여름용으로 다시 사고 파요 지금 입긴 너무 더워서 ~~~그래도 봄가을엔 막입을수 있을 듯 ,편하게 막입기 좋은 거 같아요 더 얇은 거 나오면 여름용으로 다시 사고 파요 지금 입긴 너무 더워서 그래도 봄가을엔 막 입을 수 있을 듯, 편하다,"나오다, 덥다, 막, 사고, 얇다, 여름, 편하다"
지금 입기에는 많이 덥네요  화이트 구매 하려다 블랙 구매 했는데 막입기 좋아보여요  봄가을용으로 좋을 듯 합니다 ,지금 입기에는 많이 덥네요 화이트 구매하려다 블랙 구매했는데 막입기 좋아 보여요 봄가을용으로 좋을 듯합니다,,"덥다, 보이다, 블랙, 화이트"
크기도 예쁘게 오버핏이고 나름 그렇게 얇진않아서 봄까지 엄청 잘 입었어요 ,크기도 예쁘게 온 버핏이고 나름 그렇게 얇진 않아서 봄까지 엄청 잘 입었어요,,"나름, 버핏, 봄, 얇다, 이고, 크기"
약간 루즈핏이고 아방가르드한 느낌이에요 방수도 될거같네요,약간 루스 핏이고 아방가르드 한 느낌이에요 방수도 될 거 같네요," 방수,  루스","루스, 방수, 아방가르드, 이고"
너무 과하지않고 적당히 글로시하면서 포인트 되네요! ,너무 과하지 않고 적당히 글로시하면서 포인트 되네요," 포인트, 로시,  적당하다","로시, 적당하다, 포인트"
"배송은 좀 오래 걸렸지만, 옷 너무 예뻐요~.잘 입을게요",배송은 좀 오래 걸렸지만 옷 너무 예뻐요 잘 입을게요,,"걸리다, 배송, 오래"
사진처럼 예뻐요~ 사이즈는 많이 크네요~ 편하게 막 입기 좋을 것 같아요 좀 더 빨리살것을! 넘 더워져서 한번도 못 입고 나갔어요 ㅎㅎ,사진처럼 예뻐요 사이즈는 많이 크네요 편하게 막 입기 좋을 것 같아요 좀 더 빨리 살 것을 너무 더워져서 한 번도 못 입고 나갔어요," 크다,  편하다","더워지다, 빨리, 사이즈, 사진, 크다, 편하다"
편하고 박시하게 입고다녀요! 검정계열을 좋아해서 그런지 맘에들어요 크쿠,편하고 박시하게 입고 다녀요 검정 계열을 좋아해서 그런지 맘에 들어요 크고," 크다,  검정,  박시,  편하다","검정, 계열, 그렇다, 박시, 좋아하다, 크다, 편하다"
너무 좋아요 간절기에 걸치기 편하고 힙해보여서 무채색옷을 자주입어도 포인트로 딱좋아요,너무 좋아요 간절기에 걸치기 편하고 합해 보여서 무채색 옷을 자주 입어도 포인트로 딱 좋아요, 간절기,"간절기, 걸치다, 무채색, 보, 여서, 편하다, 포인트"
상품 잘 받았습니다 퀄리티도 괜찮아보이고 디자인도 맘에들어서 자주 사용할 것 같아요 좋은상품 감사합니다 잘 쓰겠습니다,상품 잘 받았습니다 퀄리티도 괜찮아 보이고 디자인도 맘에 들어서 자주 사용할 것 같아요 좋은 상품 감사합니다 잘 쓰겠습니다," 보이,  디자인","들어서다, 디자인, 받다, 보이, 사용, 상품, 쓰다, 퀄리티"
지나가다가 어떤 분이 입은게 예뻐서 샀어요 잘산거 같습니당 예뻐요!,지나가다가 어떤 분이 입은 게 예뻐서 샀어요 잘 산 거 같습니다 예뻐요, 어떻다,"분, 어떻다, 지나가다"
루즈 핏이고 소재가 예쁘고 포인트 되네요 뒷로고도 좋아요,루주 핏이고 소재가 예쁘고 포인트 되네요 뒷로고도 좋아요, 소재,"로고, 루주, 소재, 이고, 포인트, 핏"
"마뗑킴 아우터 처음 사봤는데 너무 만족스럽네요. 남자가 입기에도 체형에 따라 세미오버핏 가능하고, 재질이나 핏, 디자인 등 훌륭합니다. 봄가을에 교복처럼 입을 것 같아요.",마뗑킴 아우터 처음 사봤는데 너무 만족스럽네요 남자가 입기에도 체형에 따라 세미오버핏 가능하고 재질이나 핏 디자인 등 훌륭합니다 봄가을에 교복처럼 입을 것 같아요, 훌륭하다,"가능하다, 교복, 남자, 디자인, 마뗑킴, 만족스럽다, 사보다, 세미오버핏, 아우터, 재질, 처음, 체형, 훌륭하다"
여자친구 주려고 샀는데 맘에 들어서 계속 입고 다녀요,여자친구 주려고 샀는데 맘에 들어서 계속 입고 다녀요,,"계속, 들어서다, 려고, 여자친구"
생각못했는데  옷걸이에 걸어져서 와서  좋았어요 ,생각 못 했는데 옷걸이에 걸어져서 와서 좋았어요,,"걸다, 걸이, 오다"
불량인 상품이 와서 교환요청 했는데 3주정도 걸린거 같네요 아쉬워요,불량인 상품이 와서 교환 요청했는데 주정도 걸린 거 같네요 아쉬워요," 불량,  교환,  걸리다","걸리다, 교환, 불량, 상품, 아쉽다, 오다, 요청, 주정"
작년뷰터 살까말까 하다가 구냥삿어요 ㅠ 근데 진작살걸.. 이뿌네요 배송도 짱빠름 엉덩이덮는길이 스트링조절해서 이뿌게입을게여,작년부터 살까 말까 하다가 구냥 샀어요 근데 진작 살걸 이쁘네요 배송도 짱빠름 엉덩이 덮는 길이 스트링 조절해서 이쁘게 입을게요," 살걸,  조절","길이, 말다, 배송, 살걸, 스트링, 엉덩이, 작년, 조절, 진작"
상품 디자인도 맘에들고 퀄리티도 괜찮은거 같아요,상품 디자인도 맘에 들고 퀄리티도 괜찮은 거 같아요, 상품,"디자인, 상품, 퀄리티"
마뗑킴 코팅 점퍼 사고 싶었는데 무신사에서 저렴하게 잘샀네요,마뗑킴 코팅 점퍼 사고 싶었는데 무신사에서 저렴하게 잘 샀네요," 점퍼,  사고,  코팅","마뗑킴, 사고, 저렴하다, 점퍼, 코팅"
완전 자주 입어요 편하게 입기 딱이고 재질도 좋습니다😉,완전 자주 입어요 편하게 입기 딱이고 재질도 좋습니다,,"딱이다, 재질, 편하다"
역시 마뗑킴이네요 패딩도 예쁘고 좋았는데 바람막이 디자인도 예쁘고 색상은 화면보다 더 마음에 들었어요,역시 마뗑킴이네요 패딩도 예쁘고 좋았는데 바람막이 디자인도 예쁘고 색상은 화면보다 더 마음에 들었어요," 바람막이,  디자인","디자인, 바람막이, 색상, 패딩, 화면"
얇아서 초여름 아우터로 들고 다니기 좋고 레더처럼 보이지만 레더가 아니어서 더 매력이 있습니다,얇아서 초여름 아우터로 들고 다니기 좋고 레더처럼 보이지만 레더가 아니어서 더 매력이 있습니다," 보이,  아우터","레더, 매력, 보이, 아니다, 아우터, 얇다, 처럼, 초여름"
엄청 힘해보여서 맘에 듭니다 가격도 이정도면 합리적인거 같아요 얼마나 입으려나 싶었는데 오래 입을 것 같네요,엄청 힘 해 보여서 맘에 듭니다 가격도 이 정도면 합리적인 거 같아요 얼마나 입으려나 싶었는데 오래 입을 것 같네요,,"가격, 여서, 오래, 합리"
생각보다 더더 크긴해요...! 그런데 역시 재질이 특이해서 넘예뻐요,생각보다 더더 크긴 해요 그런데 역시 재질이 특이해서 너무 예뻐요,,"더더, 재질, 크다, 특이하다"
적당한 오버핏에 간절기 용으로 딱 이에요~~ 광택이 과할까봐 걱정했는데 고급스럽게 과하지 않게 이뻐요!!! 지금은 덥고 초가을부터 입으면 될꺼같아요^^ ,적당한 온 버핏에 간절기 용으로 딱이에요 광택이 과할까 봐 걱정했는데 고급스럽게 과하지 않게 이뻐요 지금은 덥고 초가을부터 입으면 될 거 같아요,,"간절기, 걱정, 고급, 광택, 덥다, 딱이다, 적당하다, 초가을"
생각보다 덜 비닐같고 완존 마음에 들어요 배송도 빨랐고 꼼꼼했어요!! 더 더워지기전에 많이 입을거같애용,생각보다 덜 비닐 같고 완존 마음에 들어요 배송도 빨랐고 꼼꼼했어요 더 더워지기 전에 많이 입을 거 같아요," 빠르다,  배송","꼼꼼하다, 더워지다, 배송, 비닐, 빠르다, 전"
재질이 비닐같을까봐 고민 많이하다가 샀는데 너무 이뻐요!!! 더 빨리 살걸..,재질이 비닐 같을까 봐 고민 많이 하다가 샀는데 너무 이뻐요 더 빨리 살걸, 비닐,"고민, 비닐, 빨리, 살걸, 재질"
진짜 너무너무예뻐요  주변에서 다 빌려달라고 난리에욬ㅋㅋ,진짜 너무너무 예뻐요 주변에서 다 빌려달라고 난리에요,,"난리, 달라, 빌리다, 주변"
너무 이쁘네요.. 두께도 앏아서 간절기에 입기 좋을거같아요! 핏도 굿~~,너무 이쁘네요 두께도 알아서 간절기에 입기 좋을 거 같아요 핏도 굿,,"간절기, 두께, 알다, 핏"
마뗑킴 코팅 점퍼 잘 받았습니다~ 가을에 잘 입을께요,마뗑킴 코팅 점퍼 잘 받았습니다 가을에 잘 입을게요, 마뗑킴,"가을, 마뗑킴, 받다, 점퍼, 코팅"
라이더 스타일이면서 바람막이 겸 입고싶어서 구매했어요 ㅎㅎ,라이더 스타일이면서 바람막이 겸 입고 싶어서 구매했어요, 바람막이,"라이더, 바람막이, 스타일, 이면"
예뻐요 오버핏으로 좋아요 4계절내내 입기 좋을듯해요,예뻐요 온 버핏으로 좋아요 계절 내내 입기 좋을듯해요, 계절,"계절, 내내, 버핏"
남여 공용이라 키크면 팔길이가 좀 짧을순있는데 입을만 합니다,남녀 공용이라 키 크면 팔 길이가 좀 짧을 순 있는데 입을만합니다,,"공용, 길이, 남녀, 짧다, 크다"
이 가격에 이정도 상품을 받을 수 있어서 좋아요 자주 이용 할게요,이 가격에 이 정도 상품을 받을 수 있어서 좋아요 자주 이용할게요," 가격, 이용,  상품","가격, 받다, 상품, 이용"
무난한 기본 제품입니다. 핏 예쁘고 좋아요. 추천해요.,무난한 기본 제품입니다 핏 예쁘고 좋아요 추천해요," 무난,  제품","기본, 무난, 제품, 추천"
날씨가 애매해서 입고 나가지는 못했지만 옷은 ㄴㅁ 예쁨,날씨가 애매해서 입고 나가지는 못했지만 옷은 예쁨,,"날씨, 애매하다"
사이즈는 조금 오버하긴 한데 사이드에 있는 스트링 땡기면 되고 디자인은 너무너무 이뻐요.,사이즈는 조금 오버하긴 한데 사이드에 있는 스트링 당기면 되고 디자인은 너무너무 이뻐요, 오버,"당기다, 디자인, 사이드, 사이즈, 스트링, 오버"
"봄,가을에 유용하게 입겠어요 소매통이커서 약간불편하지만 핏은이쁘네요",봄가을에 유용하게 입겠어요 소매통이 커서 약간 불편하지만 핏은 이쁘네요, 소매통,"불편하다, 소매통, 유용하다, 커서, 핏"
넉넉하고 적당히 얇아서 봄 옷으로 딱 맞아서 많이 입었어요,넉넉하고 적당히 얇아서 봄옷으로 딱 맞아서 많이 입었어요, 얇다,"넉넉하다, 맞다, 봄옷, 얇다, 적당하다"
"봄,가을에 입기좋아요. 흰색도사고싶네요ㅎ 활용도가 좋아요",봄가을에 입기 좋아요 흰색도 사고 싶네요 활용도가 좋아요, 사고,"사고, 흰색"
친구 선물로 사줬어요 엄청 맘에든데요 봄부터 가을까지 가넝,친구 선물로 사줬어요 엄청 맘에 든 데요 봄부터 가을까지 가농," 사주다,  친구","가농, 가을, 데요, 봄, 사주다, 선물, 친구"
"어디든 휘뚜루 마뚜루 입기 좋아요 배송도 빨라여 ,밤에 입습니다 주로",어디든 휘뚜루마뚜루 입기 좋아요 배송도 빨라요 밤에 입습니다 주로, 빠르다,"밤, 배송, 빠르다, 주로, 휘뚜루마뚜루"
 어디든 휘뚜루마뚜루 입고다니기 좋아요 배송도 빠릅니다  강추,어디든 휘뚜루마뚜루 입고 다니기 좋아요 배송도 빠릅니다 강추,,"강추, 배송, 빠르다, 휘뚜루마뚜루"
광택감이 있어 포인트가 되고 오버핏으로 이뻐요,광택감이 있어 포인트가 되고 온 버핏으로 이뻐요,,"광택, 버핏, 포인트"
비닐비닐한데 재질 좋고 가볍고 유광이지만 예쁩니다,비닐 비닐 한데 재질 좋고 가볍고 유광이지만 예쁩니다, 가볍다,"가볍다, 비닐, 유광, 재질"
봄 가을에 입기 딱 좋을 것 같아요 얇은 느낌이 좋고 유광이 생각보다 예쁩니다,봄 가을에 입기 딱 좋을 것 같아요 얇은 느낌이 좋고 유광이 생각보다 예쁩니다, 얇다,"가을, 얇다, 유광"
화면과그래도 너무예뻐요! 반짝거리는 소재라 포인트되고 맘에듭니다 뒤에 로고도 깔끔한게 예뻐오 박시핏이라 좋습니다 소재는 얇지만 비오눈날이나 환절기 딱인듯,화면과 그래도 너무 예뻐요 반짝거리는 소재라 포인트 되고 맘에 듭니다 뒤에 로고도 깔끔한 게 예뻐 오 박사 핏이라 좋습니다 소재는 얇지만 비 오는 날이나 환절기 딱인 듯, 로고,"깔끔하다, 날, 딱이다, 로고, 박사, 반짝거리다, 소재, 얇다, 포인트, 화면, 환절기"
화면이랑 똑같고 너무 예뻐요~비닐같이 광나는 재질이여서 더예쁜거같아요 소재는 얇은편인데 환절기에입기 좋을것 같아요 뒤에로고가 포인트되서 더 맘에듭니다 너무 잘산템예오,화면이랑 똑같고 너무 예뻐요 비닐같이 광나는 재질이어서 더 예쁜 거 같아요 소재는 얇은 편인데 환절기에 입기 좋을 것 같아요 뒤에 로고가 포인트 돼서 더 맘에 듭니다 너무 잘산템예오," 로고,  소재","광나, 똑같다, 로고, 소재, 얇다, 잘살다, 재질, 포인트, 화면, 환절기"
살까말까 고민 많이 했는데 잘 산 거 같아요 실제로 보니 더 예뻐요,살까 말까 고민 많이 했는데 잘 산 거 같아요 실제로 보니 더 예뻐요, 말다,"고민, 말다, 살다, 실제"
포장 깔끔해서 좋았어요 그리고 생각보다 얇아요 사이즈 되게 큽니당 ~ ,포장 깔끔해서 좋았어요 그리고 생각보다 얇아요 사이즈 되게 큽니다, 얇다,"깔끔하다, 되게, 사이즈, 얇다, 크다, 포장"
그냥 데일릻 입기좋은 바람막이에요 이쁘고 꾸안꾸로 딱,그냥 데일릻 입기 좋은 바람막이에요 이쁘고 꾸안꾸로 딱, 꾸안꾸,"그냥, 꾸안꾸, 바람막이"
일단 핏이랑 반짝거리는 재질이 너무예뻐요 ! 입고다들 예쁘다고 하네요 얇긴한데 쌀쌀할때 입으면 딱 괜찮아요~~,일단 핏이랑 반짝거리는 재질이 너무 예뻐요 입고다들 예쁘다고 하네요 얇긴 한데 쌀쌀할 때 입으면 딱 괜찮아요, 재질,"반짝거리다, 쌀쌀하다, 얇다, 재질, 핏"
여자친구한테 취뽀겸 편하게 입을 수 있는 아우터 선물했는데 매우 마음에 들어하네요!! 디자인 자체도 이쁘고 간절기에 잘 입을 수 있는 제품이예요!!,여자친구한테 취뽀 겸 편하게 입을 수 있는 아우터 선물했는데 매우 마음에 들어 하네요 디자인 자체도 이쁘고 간절기에 잘 입을 수 있는 제품이에요," 디자인,  편하다","간절기, 디자인, 선물, 아우터, 여자친구, 자체, 제품, 취뽀, 편하다"
예전부터 구입하려고했던 제품이에요. 사이즈도 좋고 재질이나 디자인 모두 맘에들어요. 구입하길 잘했어요.,예전부터 구입하려고 했던 제품이에요 사이즈도 좋고 재질이나 디자인 모두 맘에 들어요 구입하길 잘했어요, 재질,"디자인, 사이즈, 예전, 재질, 제품"
조카 생일선물로 구매했습니다! 인증사진 받았는데 오버핏으로 딱 이쁘더라구요 배송도 빨라 생일날 맞춰 받을 수 있어 좋았습니다 색과 보여지는 질감??도 상세페이지랑 동일해 보였어요 아직까지 아침저녁으로 쌀쌀해서 잘 입는다고 해요 더 더워지면 못입을거 같기도 한데 학교 독서실 에어컨 아래서 입겠다고 합니당ㅎㅎ 맘에 들어해서 뿌듯해요!,조카 생일선물로 구매했습니다 인증 사진 받았는데 온 버핏으로 딱 이쁘더라고요 배송도 빨라 생일날 맞춰 받을 수 있어 좋았습니다 색과 보이는 질감도 상세페이지랑 동일해 보였어요 아직까지 아침저녁으로 쌀쌀해서 잘 입는다고 해요 더 더워지면 못 입을 거 같기도 한데 학교 독서실 에어컨 아래서 입겠다고 합니다 맘에 들어 해서 뿌듯해요,,"동일하다, 받다, 배송, 보이다, 뿌듯하다, 사진, 색, 생일, 선물, 쌀쌀하다, 아래, 인증, 조카"
요즘같은 날씨에 입기 좋아요! 너무 두껍지 않아서 여름에 들고 다니기 좋을거 같습니다! 단점은 먼지가 좀 많이 붙어서…,요즘 같은 날씨에 입기 좋아요 너무 두껍지 않아서 여름에 들고 다니기 좋을 거 같습니다 단점은 먼지가 좀 많이 붙어서,,"날씨, 단점, 두껍다, 먼지, 여름"
유광인게 좀 부담스럽고 비닐재질이지만 예쁩니다,유광인 게 좀 부담스럽고 비닐 재질이지만 예쁩니다,,"부담스럽다, 비닐, 유광, 재질"
고민고민하다 구매하려고 하니 품절이라 재입고 기다렸다 알림 와서 바로 구매했네요 ㅎㅎ 왜 이제야 샀는지 후회가 될 정도로 너무너무 맘에 들고 이뻐요 다른 색상도 구매하고 싶어요 사이즈도 딱이고 편하게 박시하게 잘 입어 질듯 해요,고민고민하다 구매하려고 하니 품절이라 재입고 기다렸다 알림 와서 바로 구매했네요 왜 이제야 샀는지 후회가 될 정도로 너무너무 맘에 들고 이뻐요 다른 색상도 구매하고 싶어요 사이즈도 딱이고 편하게 박시하게 잘 입어 질듯 해요, 박시,"박시, 사이즈, 색상, 알림, 재, 편하다, 품절"
너무 이쁘네요 자주 착용할꺼에요 데일리로도 좋고 사이즈도 딱맞아서 좋아요 배송도 빠르고 아주 굿굿!,너무 이쁘네요 자주 착용할 거예요 데일리로도 좋고 사이즈도 딱 맞아서 좋아요 배송도 빠르고 아주 굿굿," 배송,  데일리,  착용","데일리, 배송, 사이즈, 착용"
배송도 빠르고 옷 상태도 괜찮았어요!! 남자친구가 체격도 있고 키도 있는 편인데 잘 맞아서 커플템이나 선물로 해도 좋을 것 같아오 🥺,배송도 빠르고 옷 상태도 괜찮았어요 남자친구가 체격도 있고 키도 있는 편인데 잘 맞아서 커플 템이나 선물로 해도 좋을 것 같아오," 선물,  상태","남자친구, 맞다, 배송, 상태, 선물, 체격, 커플, 키도, 편, 해도"
남자친구 사줬는데 예쁘게 잘 어울려요! 키도 큰 편인데 사이즈 적당하게 잘 어울려요 ㅎㅎ 배송도 빠르고 잘 입겠습니당!!,남자친구 사줬는데 예쁘게 잘 어울려요 키도 큰 편인데 사이즈 적당하게 잘 어울려요 배송도 빠르고 잘 입겠습니다," 키도,  배송,  남자친구","남자친구, 배송, 빠르다, 사이즈, 사주다, 어울리다, 적당하다, 크다, 키도, 편"
아니 진짜 말이 필요 없어용  제가 첨 지갑으로 접하게 된 브랜드인데 진짜 잠바 보자마자  넘넘 젤 스똴여서 블 네 화 중에 고민하다가 블랙 샀는디 넘넘 애뻐서 29cm 에서 네 화 둘 다 결국 질러서 세가지 색상 모두 다 겟 했어요 뭘 고민중이에요 당장 질러버려👍🏻👍🏻 마뗀킴 사랑해요 진짜🫶🏻🫶🏻🫶🏻 배송은 오레 걸렸긴 하지만.기존.기간 보디 훵씬 빠르게 받았어요 세가지 색상 돌려가면서 이것만 입어용 그리구 얇기는 봄 가을에 입기 좋고 바스락 재질에 요즘 날씨 아침 저녁으로 입기 조아욤 진짜 최고의 잠바 짱짱,아니 진짜 말이 필요 없어요 제가 첨 지갑으로 접하게 된 브랜드인데 진짜 잠바 보자마자 넘넘 젤 스똴여서 블 네 화 중에 고민하다가 블랙 샀는데 넘넘 애뻐서 cm에서 네 화 둘 다 결국 질러서 세 가지 색상 모두 다 겟 했어요 뭘 고민 중이에요 당장 질러버려 마뗀킴 사랑해요 진짜 배송은 오레 걸렸긴 하지만 기존 기간 보디 훵씬 빠르게 받았어요 세 가지 색상 돌려가면서 이것만 입어요 그리고 얇기는 봄 가을에 입기 좋고 바스락 재질에 요즘 날씨 아침저녁으로 입기 조에욤 진짜 최고의 잠바 짱짱,,"고민, 배송, 블랙, 색상, 잠바"
배송도 빠르고 그냥 미쳤네요 너무 이쁘네요 역시 마땡큐,배송도 빠르고 그냥 미쳤네요 너무 이쁘네요 역시 마땡큐," 미치다,  빠르다","그냥, 미치다, 배송, 빠르다"
바람막이가 너무 이뻐서 남자가 입어도 이쁜거같아요,바람막이가 너무 이뻐서 남자가 입어도 이쁜 거 같아요," 남자, 바람막이","남자, 바람막이"
박시하게 잘 맞구요 예쁩니다. 여기저기 매치해서 입기 좋으네용 ,박시하게 잘 맞고요 예쁩니다 여기저기 매치해서 입기 좋네요, 박시,"맞다, 매치, 박시, 여기저기"
매장에서 입어보고 구매한 제품인데 정말 너무 너무 예뻐요 .. 이걸 왜 다들 구매하시는지 알 것 같은 제품 여름빼고 계절에 두루두루 잘 입을 것 같아서 고민 없이 구매한 제품인데 정말 더 더욱 만족합니다! 잘 입고 다닐게요:),매장에서 입어보고 구매한 제품인데 정말 너무너무 예뻐요 이걸 왜 다들 구매하시는지 알 것 같은 제품 여름 빼고 계절에 두루두루 잘 입을 것 같아서 고민 없이 구매한 제품인데 정말 더더욱 만족합니다 잘 입고 다닐게요, 매장,"계절, 더욱, 만족하다, 매장, 없이, 여름, 입어보다, 제품"
박시한 스타일입니다 저는 지퍼에 큰 문제는 없었고 무난하요 다만 세탁부분이 번거롭네요ㅠㅠ,박시한 스타일입니다 저는 지퍼에 큰 문제는 없었고 무난하여 다만 세탁 부분이 번거롭네요," 지퍼,  무난","무난, 문제, 박시, 번거롭다, 부분, 세탁, 스타일, 지퍼"
무난하면서 튀고 너무 마음에 들어요 아랫단 조절도 되고 박시한 스타일 좋이해서 너무 마음에 들어요 기본인데 평범하지않은 잘 입을것같아요,무난하면서 튀고 너무 마음에 들어요 아랫단 조절도 되고 박시한 스타일 좋이 해서 너무 마음에 들어요 기본인데 평범하지 않은 잘 입을 것 같아요," 기본,  박시","기본, 무난, 박시, 스타일, 조절, 튀다, 평범하다"
고민만 몇달째 결국 들였는데 왜 고민했는지 빨리그냥 사서 입을껄 그랬어요 이뻐요,고민만 몇 달째 결국 들였는데 왜 고민했는지 빨리 그냥 사서 입을걸 그랬어요 이뻐요,고민,"고민, 그냥, 그렇다, 달, 들이다, 빨리, 사서"
가격만족 핏 만족 계속 손이 가는 옷이에요 추천드립나더,가격 만족 핏 만족 계속 손이 가는 옷이에요 추천드립 어나더," 가격,  계속,  가다","가격, 가다, 계속, 드립, 만족, 손, 어나더, 추천"
마뗑킴 코팅 점퍼 블랙색상 잘샀어요 저녁에 싸늘한데 잘 입고 가을에 다시 개시해야지,마뗑킴 코팅 점퍼 블랙 색상 잘 샀어요 저녁에 싸늘한데 잘 입고 가을에 다시 개시해야지," 점퍼,  다시,  저녁","가을, 개시, 다시, 마뗑킴, 블랙, 색상, 싸늘하다, 저녁, 점퍼, 코팅"
마뗑킴 코팅 점퍼 블랙색상 잘샀어요 저녁에 싸늘한데 잘 입고 가을에 다시 개시,마뗑킴 코팅 점퍼 블랙 색상 잘 샀어요 저녁에 싸늘한데 잘 입고 가을에 다시 개시," 점퍼,  다시,  저녁,  개시","가을, 개시, 다시, 마뗑킴, 블랙, 색상, 싸늘하다, 저녁, 점퍼, 코팅"
남자친구 선물했는데 엄청 자주 입고 핏도 예쁘네여,남자친구 선물했는데 엄청 자주 입고 핏도 예쁘네요,,"남자친구, 선물, 핏"
살짝 짧은감이 있긴한데 그래도 너무 만족하고 입고 자주 손이 갑니다,살짝 짧은 감이 있긴 한데 그래도 너무 만족하고 입고 자주 손이 갑니다,,"가다, 만족하다, 손, 짧다"
이뻐요 고민하다샀는데 맘에 들어요 자주입을거같아요 색상도 사이즈도 너무좋아요,이뻐요 고민하다 샀는데 맘에 들어요 자주 입을 거 같아요 색상도 사이즈도 너무 좋아요,,"고민, 사이즈, 색상"
반짝반짝하니 이쁩니다. 여름엔 입기 힘들고 봄 가을로 입기 괜찮을것 같습니다.,반짝반짝하니 이쁩니다 여름엔 입기 힘들고 봄 가을로 입기 괜찮을 것 같습니다, 힘들다,"가을로, 반짝반짝하다, 여름, 힘들다"
요즘같은 날씨에 입기 적당하고 가격도 할인받아서 저렴하게 잘샀어요 배송도엄청빠르고 너무이뻐요,요즘 같은 날씨에 입기 적당하고 가격도 할인받아서 저렴하게 잘 샀어요 배송도 엄청 빠르고 너무 이뻐요, 배송,"가격, 날씨, 받다, 배송, 빠르다, 저렴하다, 적당하다, 할인"
마뗑킴 남자가 입기에도 무리 없는거 같아요 이뻐요 색감좋아요,마뗑킴 남자가 입기에도 무리 없는 거 같아요 이뻐요 색감 좋아요," 색감,  마뗑킴","남자, 마뗑킴, 무리, 색감, 없다"
마뗑킴 남자가 입기에도 무리 없는거 같아요 이뻐요 두번사세요,마뗑킴 남자가 입기에도 무리 없는 거 같아요 이뻐요 두 번 사세요, 마뗑킴,"남자, 마뗑킴, 무리, 없다"
마뗑킴 남자가 입기에도 무리 없는거 같아요 이뻐요,마뗑킴 남자가 입기에도 무리 없는 거 같아요 이뻐요, 마뗑킴,"남자, 마뗑킴, 무리, 없다"
너무 많이 입고다녀서 크롭 바람막이 살까 고민했는데 그래도 많이 입는데는 이유가 있네요. 오버핏이지만 여성스럽고 너무 후들거리지않고 예쁜 디자인이라서 후회 없어요. 구매확정이요.,너무 많이 입고 다녀서 크롭 바람막이 살까 고민했는데 그래도 많이 입는 데는 이유가 있네요 온 버핏이지만 여성스럽고 너무 후들거리지 않고 예쁜 디자인이라서 후회 없어요 구매확정이요,,"디자인, 바람막이, 스럽다, 이유, 크롭, 확정, 후회"
핏은 이쁜데 주위에 많이보여서 좀그러네요 옷은 짱,핏은 이쁜데 주위에 많이 보여서 좀 그러네요 옷은 짱,,"그렇다, 보, 여서, 주위, 핏"
반짝반짝하니 이쁩니다. 여름엔 입기 힘들고 봄 가을로 입기 괜찮을것 같습니다. ,반짝반짝하니 이쁩니다 여름엔 입기 힘들고 봄 가을로 입기 괜찮을 것 같습니다, 힘들다,"가을로, 반짝반짝하다, 여름, 힘들다"
✨ 오버핏으로 핏이 예쁘게 떨어집니다! ✨ 두꺼운 편은 아니지만 얇은 옷들로 레이어드해서 입으면 쌀쌀한 날씨에도 따뜻하게 입을 수 있어요!,온 버핏으로 핏이 예쁘게 떨어집니다 두꺼운 편은 아니지만 얇은 옷들로 레이어드해서 입으면 쌀쌀한 날씨에도 따뜻하게 입을 수 있어요," 레이어드,  쌀쌀하다","날씨, 두껍다, 따뜻하다, 떨어지다, 레이어드, 쌀쌀하다, 아니다, 얇다, 편"
검은 코치 자켓 한개 있었음 했는데 좋은 가격으로 나와서 바로 질렀습니다. 아주 맘에 들어요,검은 코치 재킷 한 개 있었으면 했는데 좋은 가격으로 나와서 바로 질렀습니다 아주 맘에 들어요, 지르다,"가격, 검다, 나오다, 재킷, 지르다, 코치"
아주 마음에 듭니다 요새 계절에 입기 딱 좋은거 같네요,아주 마음에 듭니다 요새 계절에 입기 딱 좋은 거 같네요,계절,계절
마뗑킴 옷을 정말 예쁘게 잘 뽑네요. 반짝거리고 재질도 고급져 보여요,마뗑킴 옷을 정말 예쁘게 잘 뽑네요 반짝거리고 재질도 고급 져 보여요," 고급,  마뗑킴","고급, 마뗑킴, 반짝거리다, 보이다, 뽑다, 재질"
네이비는 한참 기다려애하네요 블랙구입했는데... 블렉도 이쁘네요 약감 도톰한데 장마철에 입어도 좋을것 같아요,네이비는 한참 기다려에 하네요 블랙 구입했는데 블랙도 이쁘네요 약감 도톰한데 장마철에 입어도 좋을 것 같아요,,"기다리다, 네이비, 도톰하다, 블랙, 장마철, 한참"
과하지 않는 유광으로 분위기 살렸고 등에 부담스럽지 않게 로고플레이 가져가면서 Matin kim 느낌 잘 살렸어요. 남녀 다 잘 어울릴 옷일 것 같아요,과하지 않는 유광으로 분위기 살렸고 등에 부담스럽지 않게 로고 플레이 가져가면서 Matin kim 느낌 잘 살렸어요 남녀 다 잘 어울릴 옷일 것 같아요,,"kim, 가져가다, 남녀, 로고, 부담, 분위기, 어울리다, 유광"
너무 이쁘다.... 사길 잘했다는 생각 들어요!!! 추천~              하단 끈조절로 통조절 가능해서 각자 핏 조절하세요!,너무 이쁘다 사길 잘했다는 생각 들어요 추천 하단 끈 조절로 통조절 가능해서 각자 핏 조절하세요," 추천,  가능하다","가능하다, 조절, 추천, 하단"
"스타일링하기 좋고 남녀노소 어울릴 옷이에요. 너무 두껍지도, 얇지도 않아서 봄,가을, 초겨울까지 커버가능!",스타일링하기 좋고 남녀노소 어울릴 옷이에요 너무 두껍지도 얇지도 않아서 봄가을 초겨울까지 커버 가능, 커버,"가능, 가을, 두껍다, 봄, 스타, 어울리다, 일링, 초겨울, 커버"
배송은 주문한 다음날 바로 출고되었어요 오버핏 점퍼라서 편하게 입기좋고 아무옷에나 다 잘어울려요 굿!,배송은 주문한 다음날 바로 출고되었어요 오버핏 점퍼라서 편하게 입기 좋고 아무 옷에나 다 잘 어울려요 굿," 주문,  편하다,  배송","되어다, 라서, 배송, 어울리다, 오버핏, 점퍼, 주문, 출고, 편하다"
유니크 하고 너무 예뻐요!! 입고 나갈 때마다 친구들이 탐냅니당 교복처럼 입고 있어요!!,유니크하고 너무 예뻐요 입고 나갈 때마다 친구들이 탐냅니다 교복처럼 입고 있어요, 친구,"교복, 내다, 마다, 유니크, 처럼, 친구"
너무 멋집니다 세련된 디자인이구요~~ 배송도 파르네요,너무 멋집니다 세련된 디자인이고요 배송도 파르네요, 멋지다,"고요, 디자인, 멋지다, 배송, 세련되다, 파르네"
포장상태가 좀 별루네요 상품은 마음에 쏙 듭니다,포장상태가 좀 별로네요 상품은 마음에 쏙 듭니다,,"별로, 상태, 상품, 포장"
많이 오버핏이지만 오히려 좋습니다~! 잘입을거 같아요!,많이 온 버핏이지만 오히려 좋습니다 잘 입을 거 같아요,,버핏
키가 작어서……앞에시 보면 넘 크지만 뒤에서 보면 예뻐요! ㅎㅎ,키가 작어서 앞에 시 보면 너무 크지만 뒤에서 보면 예뻐요,,"뒤, 앞, 작다, 크다, 키"
"오버핏으로 잘맞아요 배송도 빠르고 , 가성비좋게 잘샀어요.",온 버핏으로 잘 맞아요 배송도 빠르고 가성비 좋게 잘 샀어요," 빠르다,  배송","가성비, 맞다, 배송, 버핏, 빠르다"
오버핏으로 맞아서 예뻐요 가성비 좋게샀구요 배송도 빠릅니다.,온 버핏으로 맞아서 예뻐요 가성비 좋게 샀고요 배송도 빠릅니다," 빠르다,  배송","가성비, 맞다, 배송, 버핏, 빠르다"
재질도 좋고 은근 따뜻해요 특이하고 너무 좋아요,재질도 좋고 은근 따뜻해요 특이하고 너무 좋아요,,"따뜻하다, 은근, 재질, 특이하다"
재질도 이쁘고 암때나 잘 어울려서 잘 입고 다녔습니다 ,재질도 이쁘고 아무 때나 잘 어울려서 잘 입고 다녔습니다," 재질, 어울리다","어울리다, 재질"
다른사람이 입고다니는거 보고 혹해서 질렀어요. 후회는 안합니다. 예뻐요 :),다른 사람이 입고 다니는 거 보고 혹해서 질렀어요 후회는 안 합니다 예뻐요,,"보고, 사람, 지르다, 혹, 후회"
빤딱빤딱하고 이뻐요. 꾸안꾸템으로 입기 좋을듯함니다.0,빤짝빤짝하고 이뻐요 꾸안꾸템으로 입기 좋을듯합니다,,"꾸안꾸, 빤짝"
"비싸긴 한데, 여느 브랜드 바람막이는 다 그정도 가격하니까 후회는 않해요. 예쁩니다!",비싸긴 한데 여느 브랜드 바람막이는 다 그 정도 가격하니까 후회는 안 해요 예쁩니다," 후회,  바람막이,  브랜드","가격, 바람막이, 브랜드, 비싸다, 여느, 후회"
운동갈때 걸치기 딱이에요 스트링 잡아서 입으면 힙하고 좋네요,운동 갈 때 걸치기 딱이에요 스트링 잡아서 입으면 히프하고 좋네요," 운동,  스트링,  딱이다","갈다, 걸치다, 딱이다, 스트링, 운동, 잡다, 히프"
나이키 바람막이 대신으로 샀는데 너무 캐주얼하지도 않고 힙하거 좋습니다,나이키 바람막이 대신으로 샀는데 너무 캐주얼하지도 않고 힙하거 좋습니다, 나이키,"나이키, 대신, 바람막이, 캐주얼, 힙하거"
이거 사고 진짜 교복처럼 자주 입는중 요즘같은 날씨에 진짜 딱좋아요,이거 사고 진짜 교복처럼 자주 입는 중 요즘 같은 날씨에 진짜 딱 좋아요,,"교복, 날씨, 사고, 처럼"
실물이 훨 예뻐요 !! 생각보다 얇아서 초여름까진 입을거같아요,실물이 훨씬 예뻐요 생각보다 얇아서 초여름까진 입을 거 같아요,,"실물, 얇다, 초여름"
뒷모습 마땡킴 써있어서 넘 이뻐요 사이즈도 넉넉하고 좋네요,뒷모습 마땡킴 쓰여있어서 너무 이뻐요 사이즈도 넉넉하고 좋네요," 마땡킴,  쓰이다,  사이즈","넉넉하다, 뒷모습, 마땡킴, 사이즈, 쓰이다"
옷 넘 이뻐요 다들 이쁘다고 난리네용 잘입을게요,옷 너무 이뻐요 다들 이쁘다고 난리네요 잘 입을게요,난리,난리
남자친구 선물로 사줬는데 길이감이나 재질이나 너무 좋았습니다. 너무 얇지도 두껍지도 않았으며 광택 또한 예쁩니다. 구김도 예쁘게 있고 만족스러웠습니다.,남자친구 선물로 사줬는데 길이감이나 재질이나 너무 좋았습니다 너무 얇지도 두껍지도 않았으며 광택 또한 예쁩니다 구김도 예쁘게 있고 만족스러웠습니다, 선물,"광택, 구김, 길이감, 남자친구, 두껍다, 만족스럽다, 사주다, 선물, 얇다, 재질"
할인할때 구매해서 가성비 좋아요! 가성비가 매우 좋아서 제품을 받으면 매우 만족합니다.친구한테도 구매 추천하고 싶어요.,할인할 때 구매해서 가성비 좋아요 가성비가 매우 좋아서 제품을 받으면 매우 만족합니다 친구한테도 구매 추천하고 싶어요,,"가성비, 만족하다, 받다, 제품, 추천, 친구, 할인"
광택나면서 만지면 부드럽고 등판의 마뗑킹로고가 딱 포인트로 너무 멋들어집니다. 더 더워지기 전에 자주 입어야 겠네요~많이파세요:),광택 나면서 만지면 부드럽고 등판의 마뗑킹로고가 딱 포인트로 너무 멋들어집니다 더 더워지기 전에 자주 입어야겠네요 많이 파세요," 부드럽다,  지면,  등판","광택, 나다, 더워지다, 등판, 멋, 부드럽다, 전, 지다, 지면, 파다, 포인트"
와 진짜 핏도 예쁘고 은은한 광택감이 미쳤어요 진짜 깔별로사고싶넹노,와 진짜 핏도 예쁘고 은은한 광택감이 미쳤어요 진짜 깔 별러 사고 싶네 노," 미치다,  은은하다,  사고","광택, 깔다, 미치다, 별러, 사고, 은은하다, 핏"
와 진짜예뻐요 은은한 광택감이 진짜 신의한수네요 ,와 진짜 예뻐요 은은한 광택감이 진짜 신의 한 수네요,,"광택, 신의, 은은하다"
인기좋은 이유가 있네요 디자인이나 퀄리티대비 가격이 저렴하네요 마뗑킴 감성까지 딱 간절기 아우터로 강추,인기 좋은 이유가 있네요 디자인이나 퀄리티 대비 가격이 저렴하네요 마뗑킴 감성까지 딱 간절기 아우터로 강추," 간절기,  아우터,  이유","가격, 간절기, 감성, 강추, 대비, 디자인, 아우터, 이유, 인기, 저렴하다, 퀄리티"
박시해서 왠만한 남자들은 다 착용가능합니다 가격대비 퀄도 상당히 조아요,박시해서 웬만한 남자들은 다 착용 가능합니다 가격 대비 퀄도 상당히 좋아요," 상당하다,  가능하다,  착용,  대비","가격, 가능하다, 남자, 대비, 박시, 상당하다, 웬만하다, 착용, 퀄"
핏이 너무 이쁜것 같아요 근데 입고다니는 사람이 넘 많음,핏이 너무 이쁜 것 같아요 근데 입고 다니는 사람이 너무 많음,,"많다, 사람, 핏"
너무너므 이뻐요 아직 추울때는 입기 좋아요 일교차클때 입기 좋고 가벼워서 들고다니기도 좋아요,너무너무 이뻐요 아직 추울 때는 입기 좋아요 일교차 클 때 입기 좋고 가벼워서 들고 다니기도 좋아요, 추다,"가볍다, 교차, 기도, 추다"
포장이 박스에 옷걸이에 비닐포장까지 너무 꼼꼼해요,포장이 박스에 옷걸이에 비닐포장까지 너무 꼼꼼해요, 걸이,"걸이, 꼼꼼하다, 박스, 비닐, 포장"
마뗑킴 너무 이쁘네요! 휘뚜루마뚜루 편하게 입기좋을듯해요,마뗑킴 너무 이쁘네요 휘뚜루마뚜루 편하게 입기 좋을듯해요, 마뗑킴,"마뗑킴, 편하다, 휘뚜루마뚜루"
생각보다 많이 커요 얇아서 쌀쌀할때 입고가면 적당해서 죠습니다,생각보다 많이 커요 얇아서 쌀쌀할 때 입고 가면 적당해서 죠습니다," 크다,  적당하다","가면, 습니, 쌀쌀하다, 얇다, 적당하다, 크다"
요즘 같이 일교차가 큰 날씨에 아주 산뜻하게 잘 입고 다니는 중. 마뗑킴 만세~~,요즘같이 일교차가 큰 날씨에 아주 산뜻하게 잘 입고 다니는 중 마뗑킴 만세, 마뗑킴,"교차, 날씨, 마뗑킴, 만세, 산뜻하다"
평소 상의100입어요 세미오버핏으로 핏이 이쁘네요 간절기용으로 외출할때 딱인것같아요^^ 추천이요,평소 상의 입어요 세미와 버핏으로 핏이 이쁘네요 간절기용으로 외출할 때 딱인 것 같아요 추천이요," 외출,  평소","간절, 딱이다, 버핏, 상의, 세미, 외출, 추천, 평소, 핏"
프리사이즈라 작을까봐 걱정했는데 적당한 오버핏이네요 평소 상의100 입어요 간절기 외출복으로 좋은것같네요^^ 추천해요,프리사이즈라 작을까 봐 걱정했는데 적당한 온 버핏이네요 평소 상의 입어요 간절기 외출복으로 좋은 것 같네요 추천해요, 작다,"간절기, 걱정, 버핏, 상의, 외출복, 작다, 적당하다, 추천, 평소, 프리"
핏도 예쁘고 어디에 걸치든 편하고 어울려서 손이 많이 가는 아우터입니다! 지금 환절기 입기 딱 좋은데 자주 품절되고 예약 배송이라 작년부터 눈독들이다가 이제 샀네요!,핏도 예쁘고 어디에 걸치든 편하고 어울려서 손이 많이 가는 아우터입니다 지금 환절기 입기 딱 좋은데 자주 품절되고 예약 배송이라 작년부터 눈독 들이다가 이제 샀네요, 작년,"가다, 들이다, 배송, 손, 아우터, 어울리다, 예약, 이제, 작년, 편하다, 품절, 환절기"
웃이너무이뻐요. 배송도빠르고지금입으면딱좋은거같아요,웃어 너무 이뻐요 배송도 빠르고 지금 입으면 딱 좋은 거 같아요,,"배송, 빠르다, 웃다"
옷이 너무 이뻐요. 배송도빠르고 지금 입으면 딱 좋은거같애요,옷이 너무 이뻐요 배송도 빠르고 지금 입으면 딱 좋은 거 같아요,,"배송, 빠르다"
생각보다 사이즈는 크고 스트링은 조여서 입어야 이쁩니다,생각보다 사이즈는 크고 스트링은 조여서 입어야 이쁩니다, 크다,"사이즈, 스트링, 조여, 크다"
넘 이뻐요 162여자가 입으면 오버핏정도? 남자가입으면 정핏으로 입기 좋아용,너무 이뻐요 여자가 입으면 오버핏정도 남자가 입으면 정에 핏으로 입기 좋아요," 남자,  오버핏","남자, 여자, 오버핏, 정, 핏"
사이즈도좋고 쿠폰할인도받고 품절돼ㅆ었는데 재입고되서 샀어요 배송도빠르고 옷도 역시이쁘네요,사이즈도 좋고 쿠폰 할인도 받고 품절되었는데 재입고돼서 샀어요 배송도 빠르고 옷도 역시 이쁘네요,,"되어다, 받다, 배송, 빠르다, 사이즈, 재, 쿠폰, 품절, 할인"
휘뚜루 마뚜루템 만만하니 손이 자주가요 굳굳임,휘뚜루 마뚜루템 만만하니 손이 자주 가요 굳굳임," 가요,  휘뚜루","가요, 마뚜루, 만만하다, 손, 휘뚜루"
상품이 디자인이 너무 예뻐서 친구들이 다 예쁘다고 해용,상품이 디자인이 너무 예뻐서 친구들이 다 예쁘다고 해용, 디자인,"디자인, 상품, 친구"
사이즈 박시해서 좋아요 이뻐요 스트링 쪼여서 입으면 이뻐요,사이즈 박시해서 좋아요 이뻐요 스트링 쪼여서 입으면 이뻐요,,"박시, 사이즈, 스트링, 쪼이다"
루즈한게 스타일이좋아요~ 트레이닝복에도 이쁘네요,루스한 게 스타일이 좋아요 트레이닝복에도 이쁘네요,,"루스, 스타일, 트레이닝복"
봄 바람막이용으로 아우터로 잘입고 있습니다! 이뻐요!!,봄바람막이용으로 아우터로 잘 입고 있습니다 이뻐요,,"아우터, 이용"
전부터 사고싶어서 고민 끝에 샀는데 너무 마음에 들어요,전부터 사고 싶어서 고민 끝에 샀는데 너무 마음에 들어요,,"고민, 끝, 사고, 전"
오래기다렸어요 너무 너무 이뻐요 기다린보람이 있어요 인기가 많은 이유를 알겠네요 강추합니다 간지짱,오래 기다렸어요 너무너무 이뻐요 기다린 보람이 있어요 인기가 많은 이유를 알겠네요 강추합니다 간지 짱," 인기,  간지,  보람,  이유","간지, 강추, 기다리다, 많다, 보람, 알다, 오래, 이유, 인기"
환절기에 입기 좋은 아이템입니다 누구든 다 잘어울릴 것 같아요 !,환절기에 입기 좋은 아이템입니다 누구든 다 잘 어울릴 것 같아요, 어울리다,"아이템, 어울리다, 환절기"
나이키 바람막이 사려다가 다 품절이라 마뗑킴으로 샀는데 아무데나 걸쳐도 잘 어울리는 휘뚤마뚤 템이에여,나이키 바람막이 사려다가 다 품절이라 마뗑킴으로 샀는데 아무 데나 걸쳐도 잘 어울리는 휘뚤마뚤 템이에요," 나이키,  품절","걸치다, 나이키, 마뗑킴, 바람막이, 어울리다, 품절, 휘뚤마뚤"
이뿌다 귀엽다 사랑스럽다 편하다 좋다 만족한다 최고다 굳,이쁘다 귀엽다 사랑스럽다 편하다 좋다 만족한다 최고다 굳," 귀엽다,  만족하다,  편하다","굳다, 귀엽다, 만족하다, 사랑스럽다, 최고다, 편하다"
너무 마음에 듭니다. 빠른 배송 및 할인도 너무 좋아요,너무 마음에 듭니다 빠른 배송 및 할인도 너무 좋아요,"할인,  빠르다,  배송","배송, 빠르다, 할인"
선물하려고 샀습니다. 감사합니다. 좋아하네요. 번창하세요,선물하려고 샀습니다 감사합니다 좋아하네요 번창하세요, 선물,"번창, 선물, 좋아하다"
블랙이랑 그레이 사서 출근할 때 돌려 입는 중이에요 ㅋㅋ 핏도 예쁘고 완전 무난템이라 추천추천~,블랙이랑 그레이 사서 출근할 때 돌려 입는 중이에요 핏도 예쁘고 완전 무난 템이라 추천 추천," 그레이,  돌리다","그레이, 돌리다, 무난, 블랙, 사서, 중이, 추천, 출근, 핏"
디자인도이쁘고 제가 원하던 그대로이라 더 좋네요.,디자인도 이쁘고 제가 원하던 그대로이라 더 좋네요,,"그대로, 디자인, 원하다"
"덩치있는 남성분들 이거 입으셔도 괜찮습니다 예쁩니다,,",덩치 있는 남성분들 이거 입으셔도 괜찮습니다 예쁩니다,,"남성, 덩치, 분들"
"거의 매일 입고 있습니다. 맨투맨, 셔츠 등 부담없이 입을 수 있어서 더 자주 입을 것 같습니다.",거의 매일 입고 있습니다 맨투맨 셔츠 등 부담 없이 입을 수 있어서 더 자주 입을 것 같습니다,,"매일, 부담, 셔츠, 투맨"
옷이 생각보다 크기는 한데 끝부분 조여서 입으니 괜찮구여 이것저것 걸쳐서 편하게 입을 수 있을 것 같습니다!,옷이 생각보다 크기는 한데 끝부분 조여서 입으니 괜찮고요 이것저것 걸쳐서 편하게 입을 수 있을 것 같습니다,,"조여, 크기, 편하다"
오버핏이라 하단 부분 조여서 입으니 괜찮았습니다. 옷이 얇긴한데 그래서 여름까지도 입을 수 있을 것 같습니다.,온 버핏이라 하단 부분 조여서 입으니 괜찮았습니다 옷이 얇긴 한데 그래서 여름까지도 입을 수 있을 것 같습니다,,"버핏, 부분, 얇다, 여름, 조여, 하단"
간절기나 요즘 밤애 입기 좋아요~ 핏도 예쁘고 만족해요,간절기나 요즘 밤 애 입기 좋아요 핏도 예쁘고 만족해요,,"간절기, 만족하다, 핏"
이쁘고 특이하길래 사봤는데 생각보다 엄청 이뻐요ㅎㅎ와이프랑 같이 입고 있어요,이쁘고 특이하길래 사봤는데 생각보다 엄청 이뻐요 와 이 프랑 같이 입고 있어요,,"사보다, 특이하다, 프랑"
보자마자 반했습니다 너무 예쁘고 맘에 들어요 굿,보자마자 반했습니다 너무 예쁘고 맘에 들어요 굿,,반하다
아주 만족스럽네요. 첫구맨데 핏감이 대만족입니다.,아주 만족스럽네요 첫 구맨데 핏 감이 대만족입니다,,"만족, 만족스럽다"
로고 플레이가 너무 맛집인 마땡킴 패딩에 이어서 바막도 너무이쁘네요,로고 플레이가 너무 맛집인 마땡킴 패딩에 이어서 바막도 너무 이쁘네요, 로고,"로고, 마땡킴, 막도, 맛집, 패딩, 플레이"
엄청 예뻐요 되게 얇을 줄 알았는데 생각보다 나름? 두꺼워서 좋았어요,엄청 예뻐요 되게 얇을 줄 알았는데 생각보다 나름 두꺼워서 좋았어요,,"나름, 되게, 두껍다, 알다, 얇다"
생각보다 재질도 괜찮고 두꺼워뇨! 완전 비닐처럼 얇을 줄알았는데 아니더라고요 엄청 예뻐요,생각보다 재질도 괜찮고 두꺼워요 완전 비닐처럼 얇을 줄 알았는데 아니더라고요 엄청 예뻐요," 비닐,  얇다,  재질","두껍다, 비닐, 아니다, 알다, 얇다, 재질, 처럼"
맘에 들어요!!! 소재도 특이하고 디자인도  루즈핏이라 좋아요,맘에 들어요 소재도 특이하고 디자인도 루스 핏이라 좋아요, 소재,"디자인, 루스, 소재, 특이하다, 핏"
엡버용옙버요 조아요 조아요 두껍지도않고 막얇지도않고 바람막이템으로 잘입겠습니다요. 포장도잘왓고 옷걸이도잇서요,엡버용옙버요 좋아요 좋아요 두껍지도 않고 마구 얇지도 않고 바람막이 템으로 잘 입겠습니다 포장도 잘 왔고 옷걸이도 있어요," 바람막이,  얇다","걸이, 두껍다, 마구, 바람막이, 얇다, 엡버용옙버, 오다, 포장"
사이즈도 저한테 너무 적당하고 배송이 너무 빨라서 좋았습니다,사이즈도 저한테 너무 적당하고 배송이 너무 빨라서 좋았습니다," 적당하다,  사이즈","라서, 배송, 사이즈, 적당하다"
너무 예뻐요!! 백화점에서 입어보고 샀는데 세상 힙하고 요즘 같은 환절기에 입기 진짜 좋은 것 같아요!!,너무 예뻐요 백화점에서 입어보고 샀는데 세상 히프하고 요즘 같은 환절기에 입기 진짜 좋은 것 같아요," 환절기,  히프","백화점, 세상, 입어보다, 환절기, 히프"
뒷로고가 포인트가 되는 바람막이 입니다. 바스락거리는 소재로 편하게 입을 수 있고 허리에는 스트링이 들어가 있어 사이즈조절도 가능합니다.,뒤로고가 포인트가 되는 바람막이입니다 바스락거리는 소재로 편하게 입을 수 있고 허리에는 스트링이 들어가 있어 사이즈 조절도 가능합니다," 바람막이,  허리","가능하다, 거리, 바람막이, 바스락, 사이즈, 소재, 스트링, 에는, 조절, 편하다, 포인트, 허리"
예약발송일보다 빨리 도착하긴했는데 지금날씨에 착용하기엔 살짝 덥네요. 단품으로 입는 것보단 레이어드 했을때 더 이쁜 아이템입니다.,예약 발송 일보다 빨리 도착하긴 했는데 지금 날씨에 착용하기엔 살짝 덥네요 단품으로 입는 것보단 레이어드했을 때 더 이쁜 아이템입니다, 아이템,"날씨, 덥다, 도착, 레이어드, 발송, 빨리, 아이템, 예약, 일보, 착용, 품"
바스락바스락 사이즈도 넉넉해요 날이 더워져서 가을에나 다싴ㅋ,바스락바스락 사이즈도 넉넉해요 날이 더워져서 가을에나 다시," 다시,  더워지다,  사이즈","가을, 날, 넉넉하다, 다시, 더워지다, 바스락바스락, 사이즈, 에나"
고민고민하다 질렀어요 바스락바스락 소재가 독특,고민고민하다 질렀어요 바스락바스락 소재가 독특," 지르다,  독특,  소재","고민, 독특, 바스락바스락, 소재, 지르다"
어디에 걸쳐도 힙하고 좋아요 생각보다 따뜻하고 생각보다 덥지않아서 좋아요 바스락거려서 걱정이었는데 그건 그거대로 예쁘네요,어디에 걸쳐도 히프하고 좋아요 생각보다 따뜻하고 생각보다 덥지 않아서 좋아요 바스락거려서 걱정이었는데 그건 그거대로 예쁘네요,,"거려, 걱정, 걸치다, 그거, 대로, 덥다, 따뜻하다, 바스락, 히프"
재질도 좋고 찾던 디자인인데 핏도 예뻐서 만족입니다!,재질도 좋고 찾던 디자인인데 핏도 예뻐서 만족입니다, 디자인,"디자인, 만족, 재질, 찾다, 핏"
어디에 입어도 이쁘고 오버핏이라 매치만 잘하면 굉장히 힙해지는 느낌이랄까 아무대나 걸쳐서 입기 좋아요,어디에 입어도 이쁘고 온 버핏이라 매치만 잘하면 굉장히 합해지는 느낌이랄까 아무 데나 걸쳐서 입기 좋아요,,"걸치다, 굉장하다, 끄다, 매치, 버핏"
핏이 좋고 이쁜거 같습니다. 오래 기다렸지만 만족합니다,핏이 좋고 이쁜 거 같습니다 오래 기다렸지만 만족합니다,,"기다리다, 만족하다, 오래, 핏"
기장이 쫌만 더 길었으면 하는 아쉬움이 있긴 하지만 만족해요,기장이 좀만 더 길었으면 하는 아쉬움이 있긴 하지만 만족해요," 길다,  기장","기장, 길다, 만족하다, 아쉬움"
지금 이날씨에 밤에 입기 딱 좋아요 배송도 예정보다 빨리 왔네요,지금 이 날씨에 밤에 입기 딱 좋아요 배송도 예정보다 빨리 왔네요, 배송,"날씨, 밤, 배송, 빨리, 예정, 오다"
많이 기장이 짧을거라 생각했는데 생각보단 괜찮아요,많이 기장이 짧을 거라 생각했는데 생각보단 괜찮아요,,"기장, 보단, 짧다"
5월 발송 예약 주문이라 잊고있었는데 4월에 받았어요 포장도 꼼꼼하고 너무 이뻐요 ,월 발송 예약 주문이라 잊고 있었는데 월에 받았어요 포장도 꼼꼼하고 너무 이뻐요," 포장,  받다","꼼꼼하다, 받다, 발송, 예약, 잊다, 주문, 포장"
5월배송이라 기대안했는데 빨리받아서 넘 좋아요 매장에서 보고 구매한거라 넘 이쁘네요,월배 송이라 기대 안 했는데 빨리 받아서 너무 좋아요 매장에서 보고 구매한 거라 너무 이쁘네요, 송이,"기대, 매장, 받다, 보고, 빨리, 송이, 월배"
사이즈는 진짜 크고 박시합니다  비닐 냄새가 너무 심해요,사이즈는 진짜 크고 박에 합니다 비닐 냄새가 너무 심해요," 비닐,  크다","냄새, 박, 비닐, 사이즈, 심해, 크다"
예쁘긴 진짜 예쁜데 많이 박시한 편이고  처음 받았을때 비닐 냄새가 너무 심했어요... 밖에 하루이틀 걸어뒀더니 사라지긴 했어요,예쁘긴 진짜 예쁜데 많이 박시한 편이고 처음 받았을 때 비닐 냄새가 너무 심했어요 밖에 하루 이틀 걸어뒀더니 사라지긴 했어요," 이틀,  편이","걸다, 냄새, 두다, 박시, 밖에, 받다, 비닐, 사라지다, 심하다, 이틀, 처음, 편이, 하루"
비닐봉지 룩이지만 예쁜 걸로 다했어용 사이즈가 조금만 작았으면 좋겠어욥 다음 시즌에는 S여성용 M남성용 이런식으로 출시해도 좋을 것 같네용!!!!,비닐봉지 룩이지만 예쁜 걸로 다했어요 사이즈가 조금만 작았으면 좋겠어욥 다음 시즌에는 S 여성용 M 남성용 이런 식으로 출시해도 좋을 것 같네요, 사이즈,"남성, 룩, 비닐봉지, 사이즈, 성용, 시즌, 식, 에는, 이렇다, 작다, 출시"
간절기 아우터로 포인트 주기 너무 예쁘고 남자가 입기에도 괜찮은 품이네요 바스락 거리는 원단감이 나름 괜찮은 거 같아요,간절기 아우터로 포인트 주기 너무 예쁘고 남자가 입기에도 괜찮은 품이네요 바스락거리는 원단감이 나름 괜찮은 거 같아요," 남자,  아우터","간절기, 거리, 나름, 남자, 바스락, 아우터, 원단감, 포인트, 품다"
적당한 유광재질이라 이쁘고 두께도 적당해서 좋앗어용!,적당한 유광 재질이라 이쁘고 두께도 적당해서 좋았어요," 유광,  두께","두께, 유광, 재질, 적당하다"
예상 배송일보다 빨리 와서 좋아요 가볍게 입기 좋습니다,예상 배송일보다 빨리 와서 좋아요 가볍게 입기 좋습니다,,"가볍다, 배송, 빨리, 예상, 오다, 일보"
안녕하세요 마뗑킴 상품 잘 구매했어요 디자인 색감 모두 좋아요,안녕하세요 마뗑킴 상품 잘 구매했어요 디자인 색감 모두 좋아요," 디자인,  색감,  상품","디자인, 마뗑킴, 상품, 색감, 안녕하다"
남녀공용이라 걱정했는데 사이즈 잘 맞아요~ 오히려 여성분께는 많이 오버핏일듯 소재감이 독특하니 예쁘네요,남녀 공용이라 걱정했는데 사이즈 잘 맞아요 오히려 여성분께는 많이 오버핏일듯 소재감이 독특하니 예쁘네요," 오버핏,  독특하다,  공용,  사이즈","걱정, 공용, 남녀, 독특하다, 맞다, 사이즈, 소재, 오버핏"
안녕하세요  마뗑킴 상품 잘 구매했어요 디자인 색감 모두 좋아요,안녕하세요 마뗑킴 상품 잘 구매했어요 디자인 색감 모두 좋아요," 디자인,  색감,  상품","디자인, 마뗑킴, 상품, 색감, 안녕하다"
너무 예뻐요 딱 적당하고 좋은거 같아요 잘 시킨거 같네요~~ 재구매인데 무난무난 바막으러 좋아요,너무 예뻐요 딱 적당하고 좋은 거 같아요 잘 시킨 거 같네요 재구매인데 무난 무난 바 막으러 좋아요,,"막다, 무난, 재, 적당하다"
배송 빠르고 좋습니다 상품도 훌륭합니다 감사합니다,배송 빠르고 좋습니다 상품도 훌륭합니다 감사합니다," 빠르다,  상품","배송, 빠르다, 상품, 훌륭하다"
안녕하세요 마뗑킴 점퍼 색감 핏 너무 좋네요 지금 입기도 딱이고  감사합니다,안녕하세요 마뗑킴 점퍼 색감 핏 너무 좋네요 지금 입기도 딱이고 감사합니다," 점퍼,  색감,  마뗑킴,  딱이다","딱이다, 마뗑킴, 색감, 안녕하다, 점퍼"
재질은 정말 만원짜리지만... 의리로 입습니다 땀복이네요 ,재질은 정말 만 원짜리지만 의리로 입습니다 땀복이네요,,"땀복, 리지, 의리, 재질, 짜다"
예뻐요. 깔끔하고 좋아요. 왜 사는지 알것같은 아이템! 선물용으로도 좋아보이고 어쨋든 넘 좋아요.,예뻐요 깔끔하고 좋아요 왜 사는지 알 것 같은 아이템 선물용으로도 좋아 보이고 어쨌든 너무 좋아요," 보이,  살다,  아이템","깔끔하다, 보이, 살다, 선물, 아이템, 어쨌든, 으로도"
꼭 사세요. 굿귯 포장깔끔 배송 빨라요. 실물깡패 너무 멋져요. 왜 사는지 알겠어요.,꼭 사세요 굿귯 포장 깔끔 배송 빨라요 실물 깡패 너무 멋져요 왜 사는지 알겠어요,,"굿귯, 깔다, 깡패, 끄다, 멋지다, 빠르다, 살다, 실물, 알다, 포장"
왜 사는지 알겟어요. 힙해요.ㅠ꼭 사세요. 굿귯 포장깔끔 꼼꼼 배송 빨라요. 실물깡패 너무 멋져요. 예쁨,왜 사는지 알겠어요 힙해요꼭 사세요 굿귯 포장 깔끔 꼼꼼 배송 빨라요 실물 깡패 너무 멋져요 예쁨,,"굿귯, 깔다, 깡패, 끄다, 빠르다, 살다, 실물, 알다, 포장"
왜 사는지 알겟어요. 꼭 사세요. 굿귯 포장 꼼꼼 배송 빨라요. 실물깡패 너무 좋아요. 예쁨,왜 사는지 알겠어요 꼭 사세요 굿귯 포장 꼼꼼 배송 빨라요 실물 깡패 너무 좋아요 예쁨,,"굿귯, 깡패, 배송, 빠르다, 살다, 실물, 알다, 포장"
왜 사는지 알겤어요. 굿귯 포장 꼼꼼하고 배송 너무 빨라요. 실물깡패 너무 좋아요. 예쁨,왜 사는지 알겤어요 굿귯 포장 꼼꼼하고 배송 너무 빨라요 실물 깡패 너무 좋아요 예쁨," 실물,  꼼꼼하다","굿귯, 깡패, 꼼꼼하다, 배송, 빠르다, 살다, 실물, 알겤어, 포장"
5/17 예약 배송이었는데 오늘 받았어요~ 5/17 받으면 내년에 입어야 하나 고민하고 있었는데 다행히 계절에 맞게 딱 맞춰 와서 너무 좋아요~ 더현대 가서 다른 색상 입어보고 검정색을 구매하고자 했지만 다 품절이어서 아쉬워 하던 중 무신사에 올라 와서 쿠폰 써서 너무나 저렴하게 구매 할 수 있어서 더 좋았습니다~ 제품도 하자 없이 잘 왔어요~,예약 배송이었는데 오늘 받았어요 받으면 내년에 입어야 하나 고민하고 있었는데 다행히 계절에 맞게 딱 맞춰 와서 너무 좋아요 더 현대 가서 다른 색상 입어보고 검은색을 구매하고자 했지만 다 품절이어서 아쉬워하던 중 무신사에 올라와서 쿠폰 써서 너무나 저렴하게 구매할 수 있어서 더 좋았습니다 제품도 하자 없이 잘 왔어요,,"검은색, 내년, 색상, 오늘, 오다, 올라오다, 저렴하다, 쿠폰, 품절, 하자, 현대"
할인 통해서 구매할 수 있어서 너무 좋았습니다. 잘 입고 다니겠습니돠~,할인 통해서 구매할 수 있어서 너무 좋았습니다 잘 입고 다니겠습니다,,"통해, 할인"
여자친구 선물해줬는데 이쁘고 잘맞아서 만족하네요,여자친구 선물해 줬는데 이쁘고 잘 맞아서 만족하네요, 맞다,"만족하다, 맞다, 선물, 여자친구, 주다"
처음에 너무 비닐같을까봐 걱정했었는데 딱 입어보고 걱정한거랑 달리 이뻤어요! 근데 몇몇 지인은 옷재질이 왜그러냐고 하긴 하던데 전 만족입니당!ㅋㅋ,처음에 너무 비닐 같을까 봐 걱정했었는데 딱 입어보고 걱정한 거랑 달리 이뻤어요 근데 몇몇 지인은 옷 재질이 왜 그러냐고 하긴 하던데 전 만족입니다,,"걱정, 그렇다, 달리, 만족, 비닐, 입어보다, 재질, 지인, 처음"
"원래도 뽑기라고 알고있었지만 스트링부분 끊어져 와서 1차 빡침. 근데 입어보니 이뻐서 2차빡침. 교환이 늦게될줄 알았는데 빨리되서 급빵끗😄 스트링 조여서입어야 이쁨, 사이즈 폼 다 만족, 키 큰데 상체 긴 사람은 짧을수도 있어요~  ps.도쿄여행가서 입구 다녔는데 매우 만족함ㅎㅎ",원래도 뽑기라고 알고 있었지만 스트링 부분 끊어져 와서 차 화남 근데 입어보니 이뻐서 차 박침 교환이 늦게 될 줄 알았는데 빨리 돼서 급빵끗 스트링 조여서 입어야 이쁨 사이즈 폼 다 만족 키 큰데 상체 긴 사람은 짧을 수도 있어요 ps 도쿄 여행 가서 입구 다녔는데 매우 만족함,,"ps, 교환, 급빵끗, 끊어지다, 늦다, 도쿄, 라고, 박침, 빨리, 뽑기, 사이즈, 상체, 수도, 알다, 원래, 조여, 화남"
요즘처럼 일교차 큰 날에 스타일애면서 입기 딱입니다! ,요즘처럼 일교차 큰 날에 스타일에면서 입기 딱입니다, 딱이다,"교차, 날, 딱이다, 스타일, 처럼"
너무 이뻐요 사이즈도 적당합니다 다른색상도 사고싶네요,너무 이뻐요 사이즈도 적당합니다 다른 색상도 사고 싶네요," 사고,  사이즈","사고, 사이즈, 색상, 적당하다"
마땡킴은 역시 마땡킴이죠 가격빼고 완벽합니더,마당 킴은 역시 마땡킴이죠 가격 빼고 완벽함 니더, 가격,"가격, 마당, 마땡킴이, 빼다, 완벽하다, 킴"
남자친구랑 커플로 하려구 두개구입했는데 넘 이쁘고 만족스러워요,남자친구랑 커플로 하려고 두 개 구입했는데 너무 이쁘고 만족스러워요, 남자친구,"남자친구, 만족스럽다, 커플"
지금 날씨에 가볍게 걸치기 조아요 역시 마뗑킴 로고가 이뿝니다...,지금 날씨에 가볍게 걸치기 좋아요 역시 마뗑킴 로고가 이뿝니다," 로고,  가볍다","가볍다, 걸치다, 날씨, 로고, 마뗑킴, 이뿌다"
사이즈가 정핏이 아니라 오버로 나와서 안에 후드집업 레이어드 해도 이쁘고 그냥 단독으로만 입어도 괜찮습니다,사이즈가 정 피이 아니라 오버로 나와서 안에 후드집업 레이어드해도 이쁘고 그냥 단독으로만 입어도 괜찮습니다, 오버,"그냥, 나오다, 단독, 레이어드, 사이즈, 아니다, 오버, 으로만, 피다"
이번에 바람막이로 고민하고 있었는데 캐쥬얼 하게 잘 입어져서 포인트 주기도 좋고 손이 잘 갑니다,이번에 바람막이로 고민하고 있었는데 캐주얼 하게 잘 입어져서 포인트 주기도 좋고 손이 잘 갑니다," 캐주얼,  가다","가다, 고민, 바람막이, 손, 주기도, 캐주얼, 포인트"
특유의 냄새만 빠지면 넘  이쁘네요 요즘 같은 날씨에 딱 좋아요,특유의 냄새만 빠지면 너무 이쁘네요 요즘 같은 날씨에 딱 좋아요," 냄새,  특유","날씨, 냄새, 빠지다, 특유"
포장상태 너무 좋았규 선물용으로도 좋고 가볍게입기에 편하며 스타일 내기 좋습니댜,포장상태 너무 좋았기 선물용으로도 좋고 가볍게 입기에 편하며 스타일 내기 좋습니다," 스타일,  편하다,  가볍다","가볍다, 내기, 상태, 선물, 스타일, 으로도, 편하다, 포장"
"여기저기 코디 가능 , 재질이 구김이 안가서 편하게 입기 좋아요. 더워지기전ㅇㅔ 많이 입어야겠어요.",여기저기 코디 가능 재질이 구김이 안 가서 편하게 입기 좋아요 더워지기 전 많이 입어야겠어요," 재질,  가다,  더워지다","가능, 가다, 구김, 더워지다, 여기저기, 재질, 코디, 편하다"
디자인이 너무 이뻐서 구매했는데 사이즈도 딱 맞고 핏도 딱 맞아 떨어지네요~ 재질도 너무 얇지 않아서 봄에 입기 딱 좋습니다~,디자인이 너무 이뻐서 구매했는데 사이즈도 딱 맞고 핏도 딱 맞아떨어지네요 재질도 너무 얇지 않아서 봄에 입기 딱 좋습니다," 디자인,  재질","디자인, 떨어지다, 맞다, 봄, 사이즈, 얇다, 재질, 핏"
가볍게 걸치고 다녀도 예뻐여~~ 포대자루 같은 느낌의 원단이 특이하고 힙해요,가볍게 걸치고 다녀도 예뻐요 포대자루 같은 느낌의 원단이 특이하고 힙해요," 포대자루,  원단","가볍다, 원단, 치고, 특이하다, 포대자루, 힙해"
착용감도 너무 좋고 디자인이랑 원단 질감 쵝오예요~~ 너무 바스락거리지 않고 은은해요 팔 통은 좀 큰편이고 지퍼가 첨에는 빡빡해서 잘 안올라가서 고생했는데 몇번하고 나니 잘 돼요,착용감도 너무 좋고 디자인이랑 원단 질감 최고예요 너무 바스락거리지 않고 은은해요 팔 통은 좀 큰 편이고 지퍼가 첨에는 빡빡해서 잘 안 올라가서 고생했는데 몇 번 하고 나니 잘 돼요,,"감다, 고생, 나니, 디자인, 빡빡, 올라가다, 원단, 은은하다, 지퍼, 질감, 첨, 최고, 편이"
윗부분의 길이를 조절할 수 있어서 키가 작으면 아무 생각 없이 😙,윗부분의 길이를 조절할 수 있어서 키가 작으면 아무 생각 없이," 조절,  길이","길이, 부분, 없이, 작다, 조절, 키"
예쁘고 힙하고 편하고 가볍고 어디든 다 잘 어울려요,예쁘고 히프하고 편하고 가볍고 어디든 다 잘 어울려요, 가볍다,"가볍다, 어울리다, 편하다, 히프"
고민하다가 샀는데 후회하지않고 너무나 만족스러운 선택이였습니다. 박시한핏과 얇은 소재가 지금 딱입기 너무 좋고 이뻐요~!,고민하다가 샀는데 후회하지 않고 너무나 만족스러운 선택이었습니다 박시한 핏과 얇은 소재가 지금 딱 입기 너무 좋고 이뻐요, 소재,"고민, 만족스럽다, 박시, 선택, 소재, 얇다, 후회"
딸아이사줫는데  스타일리쉬하고 너무이쁘네요 어디에 걸쳐도 멋스러운느낌입니다,딸아이 사줬는데 스타일리시하고 너무 이쁘네요 어디에 걸쳐도 멋스러운 느낌입니다, 걸치다,"걸치다, 딸아이, 사주다, 스러운, 스타일리시"
휘뚜루 마뚜루 템이에용 ㅎㅎ 편하게 입기에 좋으면서도 스타일 좋고 그냥 바람막이인가싶은데 코팅된 느낌이 얇은 가죽?느낌도 나는거 같아요,휘뚜루마뚜루 템이에요 편하게 입기에 좋으면서도 스타일 좋고 그냥 바람막이인가 싶은데 코팅된 느낌이 얇은 가죽 느낌도 나는 거 같아요, 편하다,"가죽, 그냥, 바람막이, 스타일, 얇다, 인가, 코팅, 편하다, 휘뚜루마뚜루"
재질도 빳빳하니 좋고 아무때나입기 너무좋네요 강추입니당!,재질도 빳빳하니 좋고 아무 때나 입기 너무 좋네요 강추입니다, 재질,"강추, 빳빳하, 재질"
편하게 아무때나 입기좋아서 손이자주가네요 두께도 너무얇지않아서 더 좋습니당,편하게 아무 때나 입기 좋아서 손이 자주 가네요 두께도 너무 얇지 않아서 더 좋습니다, 얇다,"가다, 두께, 손, 얇다, 편하다"
원사이즈로 크게 나와서 막 입고 다니기가 좋습니다,원 사이즈로 크게 나와서 막 입고 다니기가 좋습니다,,"나오다, 사이즈, 크게"
요즘 날씨에 입기 너무너무 좋아요 벚꽃보러 갈때 입었어요,요즘 날씨에 입기 너무너무 좋아요 벚꽃 보러 갈 때 입었어요,,"갈다, 날씨, 벚꽃"
재질이 포인트 되아서 좋아여 이뻐서 잘입고 다녀요,재질이 포인트 되어서 좋아요 이뻐서 잘 입고 다녀요,,"되어다, 재질, 포인트"
너무 빛나는 재질이 아니라서 잘입고 있어요~ 예뻐요,너무 빛나는 재질이 아니라서 잘 입고 있어요 예뻐요,,"빛나다, 아니다, 재질"
남여 모두 가능한 디자인입니다 제 키에 살짝 기장이나 팔이 짧은 감이 있지만 입을만 합니다 가볍고 얇은 소재라 요즘에 가장 손이 잘가는 옷이네요,남녀 모두 가능한 디자인입니다 제 키에 살짝 기장이나 팔이 짧은 감이 있지만 입을만합니다 가볍고 얇은 소재라 요즘에 가장 손이 잘 가는 옷이네요,,"가능하다, 가다, 가볍다, 기장, 남녀, 디자인, 소재, 손, 얇다, 짧다"
지금날씨에 딱좋아요. 마구얇지만않고 약간 광있어 느낌괸찬아요~,지금 날씨에 딱 좋아요 마구 얇지만 않고 약간 광있어 느낌 괜찮아요,,"광, 날씨, 마구, 얇다"
요즘 날씨에 걸치기 딱 좋아요 그리고 예쁩니다!!! 너무 유광도 아니고 빛 비추면 은은하게 빛나니 매력있어요! 그리구 큽니다,요즘 날씨에 걸치기 딱 좋아요 그리고 예쁩니다 너무 유광도 아니고 빛 비추면 은은하게 빛나니 매력 있어요 그리고 큽니다,,"날씨, 매력, 비추다, 아니다, 유광, 은은하다, 크다"
생각한 그대로의 핏이고 보가보단 두껍습니다 너무 예뻐요,생각한 그대로의 핏이고 보 가보단 두껍습니다 너무 예뻐요, 두껍다,"가보다, 그대로, 두껍다, 이고"
남자친구랑 커플로 맞췄어여 !! 크롭도 있고 일반 기장도 있어서 커플로 맞춰입기 너무 좋아요 봄날씨에 딱 좋은 두께라 막 입기 너무 좋고 색도 블랙이라 어디에 코디해도 좋아요 아울렛에서 사는 것보다 이것저것 할인 받을 수 있어서 좋아요,남자친구랑 커플로 맞췄어요 크롭도 있고 일반 기장도 있어서 커플로 맞춰 입기 너무 좋아요 봄 날씨에 딱 좋은 두께라 막 입기 너무 좋고 색도 블랙이라 어디에 코디해도 좋아요 아웃렛에서 사는 것보다 이것저것 할인받을 수 있어서 좋아요, 남자친구,"기장, 날씨, 남자친구, 맞추다, 블랙, 색도, 아웃렛, 일반, 커플, 크롭"
남자친구랑 커플로 맞췄어여 !! 크롭도 있고 일반 기장도 있어서 커플로 맞춰입기 너무 좋아요 봄날씨에 딱 좋은 두께라 막 입기 너무 좋고 색도 블랙이라 어디에 코디해도 좋아요 ,남자친구랑 커플로 맞췄어요 크롭도 있고 일반 기장도 있어서 커플로 맞춰 입기 너무 좋아요 봄 날씨에 딱 좋은 두께라 막 입기 너무 좋고 색도 블랙이라 어디에 코디해도 좋아요, 남자친구,"기장, 날씨, 남자친구, 두께, 맞추다, 블랙, 색도, 일반, 커플, 크롭"
운동할 때 가벼운 아우터로 입기도 평소에 데일리로 입기도 다 좋은 휘뚜루마뚜루템이고 오버핏이니까 편하게 툭 걸치기 좋아요,운동할 때 가벼운 아우터로 입기도 평소에 데일리로 입기도 다 좋은 휘뚜루마뚜루 템이고 온 버핏이니까 편하게 툭 걸치기 좋아요," 아우터,  운동","가볍다, 걸치다, 데일리, 버핏, 아우터, 운동, 이고, 편하다, 평소, 휘뚜루마뚜루"
"배송은 빨리 왔어요! 쿠폰, 적립금 등등 해서 저렴하게 구매할 수 있었어요  투웨이로 되어있어서 스타일링이 너무 편리하고 이뻐요!",배송은 빨리 왔어요 쿠폰 적립금 등등해서 저렴하게 구매할 수 있었어요 투 웨이로 되어있어서 스타일링이 너무 편리하고 이뻐요," 쿠폰,  적립금","되어다, 등등하다, 배송, 빨리, 스타, 일링, 저렴하다, 적립금, 쿠폰, 편리하다"
구매하려고 할 때 마다 품절이여서 이번에는 후다닥 구매했어요! 투웨이로 되어있어서 스타일링 하기도 편리하고 핏감도 너므 이뻐요! 밑단에 고무줄이 있어서 골반선에 맞추ㅜ 입으면 다리도 더 길어보이고 이쁘답니당,구매하려고 할 때마다 품절이어서 이번에는 후다닥 구매했어요 투 웨이로 되어있어서 스타일링 하기도 편리하고 핏 감도 너무 이뻐요 밑단에 고무줄이 있어서 골반 선어 맞춘 입으면 다리도 더 길어 보이고 이쁘답니다, 다리,"고무줄, 골반, 길다, 다리, 보이, 선어, 편리하다, 후다닥"
약간 옷 처음받았을때 옷냄새가 났음 그래도 이쁘게 잘입는중,약간 옷 처음 받았을 때 옷 냄새가 났음 그래도 이쁘게 잘 입는 중, 냄새,"나다, 냄새, 받다, 처음"
옷은 얇은 바람막이 아니에요 ~!  약간 살짝 비닐 소재보다 두꺼움 사이즈 프리로 나와서 작은여성이 입기엔 클듯 ,옷은 얇은 바람막이 아니에요 약간 살짝 비닐 소재보다 두꺼움 사이즈 프리로 나와서 작은 여성이 입기엔 클 듯,,"나오다, 두껍다, 바람막이, 비닐, 사이즈, 소재, 아니다, 여성, 작다, 프리"
커플로 주문해서 너무 잘 입고 있습니다.  지퍼가 불량인지 잘 안되는거 말고는  색감 기장 핏 모두 너무 좋네요. ,커플로 주문해서 너무 잘 입고 있습니다 지퍼가 불량인지 잘 안되는 거 말고는 색감 기장 핏 모두 너무 좋네요," 색감,  커플","기장, 말고는, 불량, 색감, 안되다, 인지, 주문, 지퍼, 커플"
밑에 고무가 있어서 다양하게 옷을 연출할 수 있어서 좋아요. 봄 가을에 입으면 패션피플.,밑에 고무가 있어서 다양하게 옷을 연출할 수 있어서 좋아요 봄 가을에 입으면 패션 피플," 고무,  다양하다","가을, 고무, 다양하다, 밑, 연출, 패션, 피플"
세상사람들 마땡킴 옷도 잘만드는거 보고 가세요. 가격은 좀 나가도 그만큼 값어치해요 진짜. 이거 고민하는 사람 바~보~,세상 사람들 마땡킴 옷도 잘 만드는 거 보고 가세요 가격은 좀 나가도 그만큼 값어치 해요 진짜 이거 고민하는 사람 바보," 가세,  세상","가격, 가세, 값어치, 고민, 그만큼, 마땡킴, 만들다, 바보, 보고, 사람, 세상"
매장에서 입어보고 샀는데 생각했던거처럼 너무나도 이쁜옷입니다. 엄마랑 같이 입고 있는네 입을때마다 이쁘다고 칭찬남발하면서 입고 댕겨요. 어디에 걸쳐도 대학민국 세상 제일가는 힙걸이 된듯한 느낌이 들어요 검은색도 그냥 검은색이 아니라 약간 레더 느낌나는 검은색이라 더 이쁜거 같아요 마땡킴 지갑만 잘만드는 줄 알았더니 옷도 잘만드네? 다음은 가방이다. 기다려라.,매장에서 입어보고 샀는데 생각했던 거처럼 너무나도 이쁜 옷입니다 엄마랑 같이 입고 있는 네 입을 때마다 이쁘다고 칭찬 남발하면서 입고 댕겨요 어디에 걸쳐도 대한민국 세상 제일가는 힙걸이 된듯한 느낌이 들어요 검은색도 그냥 검은색이 아니라 약간 레더 느낌 나는 검은색이라 더 이쁜 거 같아요 마땡킴 지갑만 잘 만드는 줄 알았더니 옷도 잘 만드네 다음은 가방이다 기다려라,,"검은색, 남발, 너무나도, 댕겨, 힙걸"
지퍼가 좀 빡빡하긴 한데 예뻐서 괜찮아요 ..ㅎ 스트링으로 조이기 필수,지퍼가 좀 빡빡하긴 한데 예뻐서 괜찮아요 스트링으로 조이기 필수,,"빡빡, 스트링, 이기, 지퍼, 필수"
디자인좋고 소재 좋고 크기도 낙낙하고 다 좋아요 다만 지퍼가 처음 올릴때 살짝 잘 안맞는 느낌?이 들긴하네요,디자인 좋고 소재 좋고 크기도 낙낙하고 다 좋아요 다만 지퍼가 처음 올릴 때 살짝 잘 안 맞는 느낌이 들긴 하네요, 소재,"낙하, 디자인, 소재, 지퍼, 처음, 크기"
남자 평균키 +몸무게 기준 잘맞아요  여자가 입으면 넉넉하고 남자도 잘맞아서 좋음  후드티 매치도 잘 어울리고 소재 좋습니다 ~~,남자 평균 키 몸무게 기준 잘 맞아요 여자가 입으면 넉넉하고 남자도 잘 맞아서 좋음 후드티 매치도 잘 어울리고 소재 좋습니다, 여자,"기준, 남자, 넉넉하다, 맞다, 매치, 몸무게, 소재, 어울리다, 여자, 평균"
지나가다 어떤 남자가 입고 있는걸보고 찾아서 구입했습니다 유니섹스 원사이즈라 L와 XL 사이 정도의 사이즈 인것같고요 키가 큰편이지만 살짝 박시한 느낌이 있습니다 그래도 손목이랑 허리에 밴딩으로 예쁘게 핏정리 가능합니다 펄감이 있지만 너무 반짝이지 않고  고급스럽습니다. 세탁하면 벗겨질수 있다고 해서  섬유탈취제도 구입했네요 투웨이 지퍼여서 다양한 연출이 가능하고 아무렇게나 걸쳐도 이쁩니다,지나가다 어떤 남자가 입고 있는 걸 보고 찾아서 구입했습니다 유니섹스 원 사이즈라 L와 XL 사이 정도의 사이즈인 것 같고요 키가 큰 편이지만 살짝 박시한 느낌이 있습니다 그래도 손목이랑 허리에 밴딩으로 예쁘게 핏정리 가능합니다 펄감이 있지만 너무 반짝이지 않고 고급스럽습니다 세탁하면 벗겨질 수 있다고 해서 섬유탈취제도 구입했네요 투웨이 지퍼여서 다양한 연출이 가능하고 아무렇게나 걸쳐도 이쁩니다,,"고급스럽다, 벗겨지다, 사이즈, 섬유, 손목, 제도, 탈취, 펄감"
역시 무신사 너무 합리적이에여 세탁후 변형도 없고 너무 좋아요 배송도 빠르고 휘뚜루마뚜루입기 좋습니다,역시 무신사 너무 합리적이에요 세탁 후 변형도 없고 너무 좋아요 배송도 빠르고 휘뚜루마뚜루 입기 좋습니다, 배송,"물다, 배송, 변형도, 빠르다, 세탁, 합리, 휘뚜루마뚜루"
넉넉하게 입기 좋구 얇아서 여름까지도 입을 수 잇어요,넉넉하게 입기 좋고 얇아서 여름까지도 입을 수 있어요, 얇다,"넉넉하다, 얇다, 여름"
 넉넉하게 입는 거 좋아하는 사람한텐 딱 맞는 크기예요 ~~~~ 체격이 작은 저한텐 좀 큰데 편하게 입기 좋슴당,넉넉하게 입는 거 좋아하는 사람한텐 딱 맞는 크기예요 체격이 작은 저한텐 좀 큰데 편하게 입기 좋슴당," 작다,  사람,  크다,  편하다","넉넉하다, 사람, 작다, 좋슴당, 좋아하다, 체격, 크기, 크다, 편하다"
친누나 선물로 줬는데 누나가 너무 좋아해서 저도 기분이 좋네요 옷도 이뻐요,친누나 선물로 줬는데 누나가 너무 좋아해서 저도 기분이 좋네요 옷도 이뻐요," 주다,  누나,  선물","기분, 누나, 선물, 좋아하다, 주다, 친누나"
가볍게 입기 좋고 스타일 좋아요. 남자에게는 살짝 짧은감이 있어요.,가볍게 입기 좋고 스타일 좋아요 남자에게는 살짝 짧은 감이 있어요," 스타일,  짧다","가볍다, 남자, 스타일, 짧다"
여자친구랑 같이 입으려고 두장 구매했는데요 둘 다 만족하고 예쁘게 입고다니는 중입니다 고민하시는분 어서 구매하세요!,여자친구랑 같이 입으려고 두 장 구매했는데요 둘 다 만족하고 예쁘게 입고 다니는 중입니다 고민하시는 분 어서 구매하세요,,"고민, 만족하다, 어서, 여자친구"
요즘 마뗑김 인기많아서 저도 함 구매해봤어여 이뻐여 사이즈 생각보다 많이 크지않고 지금 입기 딱좋아요,요즘 마뗑김 인기 많아서 저도 함 구매해 봤어요 이뻐요 사이즈 생각보다 많이 크지 않고 지금 입기 딱 좋아요, 크다,"사이즈, 인기, 크다"
얇지만 예뻐요 무난하고 얇은 만큼 가벼워서 자주 손이 감,얇지만 예뻐요 무난하고 얇은 만큼 가벼워서 자주 손이 감,,"가볍다, 무난, 손, 얇다"
생각보다 주름이 잘지긴하는데요 모르고 산것도아니라섷ㅎ 이쁘긴해요 증맬루 근데 얇아서 날씨 쌀쌀할땐 비추합니다 ,생각보다 주름이 잘 지긴 하는데요 모르고 산 것도 아니라 설 이쁘긴 해요 증맬루 근데 얇아서 날씨 쌀쌀할 땐 비추합니다," 주름,  쌀쌀하다","날씨, 모르다, 비추다, 쌀쌀하다, 아니다, 얇다, 주름, 증맬루, 지다"
조임 고무줄 끊어진게와서 교환하느라 좀 시간걸렸네여. 품질이 엄청 좋다고 할순 없지만 데일리 스타일링 하기에는 좋은거같아요.,조임 고무줄 끊어진 게 와서 교환하느라 좀 시간 걸렸네요 품질이 엄청 좋다고 할 순 없지만 데일리 스타일링 하기에는 좋은 거 같아요," 교환,  고무줄","걸리다, 고무줄, 교환, 끊어지다, 데일리, 스타, 일링, 조이다, 품질"
역시 마뗑킴 믿고 사ㅛ 다만 사이즈가 조금만 더 커도 예쁠거 같아용,역시 마뗑킴 믿고 사 다만 사이즈가 조금만 더 커도 예쁠 거 같아요, 마뗑킴,"마뗑킴, 믿다, 사이즈, 크다"
사진이랑 그대로예요! 예뻐요! 추리닝에 입어도 예쁘고 꾸안꾸로 대충 걸쳐도 예뻐요 ㅎㅎ 간절기에 더 잘 입어질 것 같아요!,사진이랑 그대로예요 예뻐요 운동복에 입어도 예쁘고 꾸안꾸로 대충 걸쳐도 예뻐요 간절기에 더 잘 입어질 것 같아요," 걸치다,  사진,  꾸안꾸","간절기, 걸치다, 그대로, 꾸안꾸, 대충, 사진, 운동복"
진짜 돈 안아까워요!!! 어디에 입어도 힙스러움 사람들이 다 어디꺼냐고 이뻐서 물어봐요 재질도 흔치 않고 팔 부분 라인에 점퍼 뒤 로고가 으쓱하게  만들어요 고민하지마시고 ㄱㄱ,진짜 돈 안 아까워요 어디에 입어도 히프스러움 사람들이 다 어디 거냐고 이뻐서 물어봐요 재질도 흔치 않고 팔 부분 라인에 점퍼 뒤 로고가 으쓱하게 만들어요 고민하지 마시고," 물어보다,  라인","고민, 냐, 라인, 만들다, 말다, 물어보다, 부분, 사람, 아깝다, 으쓱, 점퍼"
진짜 돈 안아까워요!!! 어디에 입어도 힙스러움 사람들이 다 어디꺼냐고 이뻐서 물어보네요 고민하지마시고 ㄱㄱ,진짜 돈 안 아까워요 어디에 입어도 히프스러움 사람들이 다 어디 거냐고 이뻐서 물어보네요 고민하지 마시고, 고민,"고민, 냐, 말다, 물어보다, 사람, 아깝다"
생각보다 널널하고 남녀공용인거같아요 두께도 마냥 두껍지도 얇지도 않아서 요즘 날씨에 딱 좋은거같아요 ,생각보다 널찍하고 남녀 공용인 거 같아요 두께도 마냥 두껍지도 얇지도 않아서 요즘 날씨에 딱 좋은 거 같아요," 얇다,  두께","공용, 날씨, 남녀, 널찍하다, 두껍다, 두께, 마냥, 얇다"
이뻐요 선물했는데 마음에들어하네요 고급집니다,이뻐요 선물했는데 마음에 들어 하네요 고급 집니다,,"고급, 선물, 지다"
무난하니 이뻐요 오늘 날씨 좋아서 입었는데 같은 옷 다른 색깔 입고 간 사람 마주쳤어요 헤헤,무난하니 이뻐요 오늘 날씨 좋아서 입었는데 같은 옷 다른 색깔 입고 간 사람 마주쳤어요 헤헤, 무난,"날씨, 마주치다, 무난, 사람, 색깔, 오늘, 헤헤"
너무너무너무 사고 싶던 옷인데 계속 담아두다가 샀우요 예뻐용,너무너무너무 사고 싶던 옷인데 계속 담아두다가 샀우요 예뻐요," 사고,  계속","계속, 다가, 담다, 사고"
배송빠르고 포장꼼꼼합니다 잘입겠습니다 감사합니다 ,배송 빠르고 포장 꼼꼼합니다 잘 입겠습니다 감사합니다," 포장,  빠르다","꼼꼼하다, 배송, 빠르다, 포장"
착용감도 좋고핏도 이쁩니다 약간의 광택있지만 부담스럽지않아요 배송도빠르고 포장꼼꼼합니다  잘입겠습니다^^,착용감도 좋고 핏도 이쁩니다 약간의 광택 있지만 부담스럽지 않아요 배송도 빠르고 포장 꼼꼼합니다 잘 입겠습니다, 배송,"감다, 광택, 배송, 부담, 착용, 포장, 핏"
배송빠르고 포장꼼꼼합니다 잘쓰겠습니다 감사합니다 ,배송 빠르고 포장 꼼꼼합니다 잘 쓰겠습니다 감사합니다," 포장,  빠르다","꼼꼼하다, 배송, 빠르다, 쓰다, 포장"
"뒤집어지게 예쁘고요,, 그냥 사야합니다. 사이즈는 매우 크기때문에 스트링 필수로 조여야 예뿌더라구용 비닐봉지같은 느낌 오래갔으면 좋겠어용!!",뒤집어지게 예쁘고요 그냥 사야 합니다 사이즈는 매우 크기 때문에 스트링 필수로 조여야 예뿌더라구용 비닐봉지 같은 느낌 오래갔으면 좋겠어요, 크기,"가다, 뒤집어지다, 비닐봉지, 뿌더, 스트링, 오래, 조여, 크기, 필수"
일단 소재 재질이 유니크해서 눈에 들어오네요  입고 나가면 이쁘다는 소리 많이 들었어요  얇아서 봄 가을에 적합해요,일단 소재 재질이 유니크해서 눈에 들어오네요 입고 나가면 이쁘다는 소리 많이 들었어요 얇아서 봄 가을에 적합해요, 재질,"가을, 들어오다, 소리, 소재, 얇다, 유니크, 재질, 적합하다"
전부터 사구싶었는데 품절이라 못사구잇다가 이번에 삿는데 완전 만족합니다,전부터 사구 싶었는데 품절이라 못 사고 있다가 이번에 샀는데 완전히 만족합니다, 품절,"만족하다, 사고, 완전하다, 전, 품절"
전부터 사구싶었는데 품절이라 못사구잇다가 이번에 삿는데 완전 만족합니다.,전부터 사구 싶었는데 품절이라 못 사고 있다가 이번에 샀는데 완전히 만족합니다, 품절,"만족하다, 사고, 완전하다, 전, 품절"
이뻐여 배송빠르고 옛날부터 고민한건데..가격대비 비싸서ㅠㅠ 군데 휘뚜루 잘입을듯요 코팅 재질감은 제가생각한거랑 좀 다른데 핏은 이뽀용,이뻐요 배송 빠르고 옛날부터 고민한 건데 가격 대비 비싸서 군데 휘뚜루 잘 입을 듯요 코팅 재질감은 제가 생각한 거랑 좀 다른데 핏은 이뻐요, 재질감,"가격, 고민, 군데, 다르다, 배송, 비싸다, 재질감, 휘뚜루"
쿠폰적용해서 저렴하게 구매했습니다. 디자인 마음에 들어요.,쿠폰 적용해서 저렴하게 구매했습니다 디자인 마음에 들어요," 쿠폰,  디자인","디자인, 저렴하다, 적용, 쿠폰"
배송 빨라서 좋아요. 생각보다 얇아서 좀 더 날 풀리면 입기 좋을 것 같아요.,배송 빨라서 좋아요 생각보다 얇아서 좀 더 날 풀리면 입기 좋을 것 같아요, 얇다,"라서, 배송, 얇다, 풀리다"
"배송도 빠르고, 포장도 잘 해와서 좋습니다ㅎㅎ 잘 입을게옹",배송도 빠르고 포장도 잘 해와서 좋습니다 잘 입을게 옹," 빠르다,  배송","배송, 빠르다, 포장, 해오다"
로고 코팅이 주는 유니크한 느낌이 개성 있는 스타일을 완성시켜줘요,로고 코팅이 주는 유니크한 느낌이 개성 있는 스타일을 완성시켜줘요," 유니크,  로고,  개성","개성, 로고, 스타일, 완성, 유니크, 주다, 코팅"
예뻐요!  일단 재질은 말할것없구 은은한 광택이 너무 예쁩니당 꼭사세요꼭,예뻐요 일단 재질은 말할 것 없고 은은한 광택이 너무 예쁩니다 꼭 사세요 꼭,,"광택, 말, 없다, 은은하다, 재질"
너무너무 이뻐요 재질도 가볍고 스타일리쉬해서 좋아요,너무너무 이뻐요 재질도 가볍고 스타일리시해서 좋아요, 가볍다,"가볍다, 스타일리시, 재질"
와이프 선물로 사줬는데 좋아하네요 너무 튀지도 않고 잘입을거 같아요,와이프 선물로 사줬는데 좋아하네요 너무 튀지도 않고 잘 입을 거 같아요, 좋아하다,"사주다, 선물, 와이프, 좋아하다, 튀다"
다른 후기들보고 샀는데 예쁘네요 웬만하면 후기 안남기는데  진짜 예쁨  냄새 문제로 말들 좀 있길래 뭐지 싶었는데 진짜 이상한 냄새가 좀 나네요 가죽냄새도 아니고 아노락 재질이라 그런건지 냄새 좀 빠지면 입고 다닐수있을거같네요 대만족 사이즈도 생각했던거와 비슷해서 남친이랑도 공유 가능할거같네요,다른 후기들 보고 샀는데 예쁘네요 웬만하면 후기 안 남기는데 진짜 예쁨 냄새 문제로 말들 좀 있길래 뭐지 싶었는데 진짜 이상한 냄새가 좀 나네요 가죽 냄새도 아니고 아노락 재질이라 그런 건지 냄새 좀 빠지면 입고 다닐 수 있을 거 같네요 대만족 사이즈도 생각했던 거와 비슷해서 남친이랑도 공유 가능할 거 같네요,,"가죽, 건지다, 남기다, 남친, 냄새, 문제, 사이즈, 아노락, 아니다, 웬만하다, 이상하다, 재질, 후기"
비닐봉지같다길래 사알짝 걱정해ㅛ는데 걍 예쁘고 바스락거리게 입가좋아요 ,비닐봉지 같다길래 살짝 걱정해는데 그냥 예쁘고 바스락거리게 입가 좋아요, 비닐봉지,"거리, 걱정, 그냥, 바스락, 비닐봉지, 입가"
여자친구 선물로 줬는데 너무너무 맘에들어해서 좋네요.,여자친구 선물로 줬는데 너무너무 맘에 들어 해서 좋네요, 선물,"선물, 여자친구, 주다"
비닐같을줄 알고 구매 망설였는데 세미유광 재질이예요 스트링 조이면 핏예쁨,비닐 같을 줄 알고 구매 망설였는데 세미 유광 재질이에요 스트링 조이면 핏예쁨," 비닐,  유광,  조이,  스트링","망설이다, 비닐, 세미, 스트링, 알, 유광, 재질, 조이, 핏예쁨"
오버사이즈여서 힙스러워여 재질은 가격대비 실망적이네요..,오버사이즈여서 히프스러워요 재질은 가격 대비 실망적이네요," 가격,  재질","가격, 대비, 사이즈, 스럽다, 실망, 여서, 오버, 재질, 적다, 히프"
박시하고 힙스러운 사이즈네요 남자가 입어도충분해여,박식하고 히프스러운 사이즈네요 남자가 입어도 충분해요, 사이즈,"남자, 박식하다, 사이즈, 스러운, 충분하다, 히프"
예뽀요 고민하지말고 진작살껄 다른컬러도 살까 고민될정도랄까 아무데나 막 걸치기에도 좋고 얇아서 지금 부터 입기가 너무 좋네여,예뽀요 고민하지 말고 진작 살걸 다른 컬러도 살까 고민될 정도랄까 아무 데나 막 걸치기에도 좋고 얇아서 지금부터 입기가 너무 좋네요," 컬러,  살걸","고민, 끄다, 살걸, 살다, 얇다, 예뽀, 진작, 치기, 컬러"
간절기에 입으려고 샀어요 얆아서 긴팔이나 반팔에 입기 좋구요 쌀쌀할때 걸치기 딱이에요 괜히고밍하다가 늦게산거같아서 후회되용 예쁩니다,간절기에 입으려고 샀어요 얇아서 긴팔이나 반팔에 입기 좋고요 쌀쌀할 때 걸치기 딱이에요 괜히 고민하다가 늦게 산 거 같아서 후회돼요 예쁩니다," 간절기,  고민","간절기, 걸치다, 고민, 늦다, 딱이다, 쌀쌀하다, 얇다, 이나, 팔, 후회"
배송 빠르고 예뻐요 매장 보다 저렴히 구매했어요,배송 빠르고 예뻐요 매장 보다 저렴히 구매했어요," 빠르다,  배송","매장, 배송, 빠르다, 저렴하다"
배송도 빠르고 매장보다 저렴하게 구매했어요 예뻐요,배송도 빠르고 매장보다 저렴하게 구매했어요 예뻐요," 빠르다,  배송","매장, 배송, 빠르다, 저렴하다"
좋아요 예뻐요 맘에들어요 아직은 좀 얇아서 춥고 더 따뜻해져야할거같아요,좋아요 예뻐요 맘에 들어요 아직은 좀 얇아서 춥고 더 따뜻해져야 할 거 같아요, 얇다,"따뜻하다, 아직, 얇다, 추다"
박시하게 나오기 때문에 여성분들은 저처럼 젤 작은 사이즈 해도 크게 입을수 있어요~~,박시하게 나오기 때문에 여성분들은 저처럼 젤 작은 사이즈 해도 크게 입을 수 있어요," 크게,  작다,  박시,  사이즈","나오다, 때문, 박시, 사이즈, 여성, 작다, 처럼, 크게, 해도"
생각보다품이넓습니다 오버하게A핏으로이쁜것같아요,생각보다 품이 넓습니다 오버하게 A 핏으로 이쁜 것 같아요,,"넓다, 오버, 품, 핏"
남녀공용으로입어도 좋을거같아서삿어요 저랑남편다마음에드네요,남녀 공용으로 입어도 좋을 거 같아서 샀어요 저랑 남편 다 마음에 드네요, 남녀,"공용, 남녀, 남편"
작년에 아이보리 입었는데 맘에들어서 블랙도 구매했어요 블랙도 매력있네요,작년에 아이보리 입었는데 맘에 들어서 블랙도 구매했어요 블랙도 매력 있네요, 아이보리,"들어서다, 매력, 블랙, 아이보리, 작년"
실물로 보고 너무 예뻐서 무신사로 할인받아서 구매했네요!! 고민은 배송만 늦출뿐 ㅠㅠ언넝 사세요,실물로 보고 너무 예뻐서 무신사로 할인받아서 구매했네요 고민은 배송만 늦출 뿐 얼른 사세요," 실물,  얼른","고민, 늦추다, 무신, 배송, 보고, 사, 실물, 얼른"
진짜 이쁘고 좋아요 그거 말고 할말이 있을까 할정도로,진짜 이쁘고 좋아요 그거 말고 할 말이 있을까 할 정도로,,"그거, 말, 말고"
스타일리시 하고 입기 편하고 요새 날씨에 입기 정말 좋아요,스타일리시 하고 입기 편하고 요새 날씨에 입기 정말 좋아요, 날씨,"날씨, 스타일리시, 편하다"
옷이 원사이즈라서 조금 크긴한데 입기 편하고 좋아요,옷이 원 사이즈라서 조금 크긴 한데 입기 편하고 좋아요, 크다,"사이즈, 크다, 편하다"
흠....사진이랑 비슷한데 요상한 냄새가 나요...그리고 지퍼가 퍽퍽하네요,흠사진이랑 비슷한데 이상한 냄새가 나요 그리고 지퍼가 퍽퍽하네요," 이상하다,  지퍼","나요, 냄새, 사진, 이상하다, 지퍼, 퍽퍽"
살펴보다가 마음에 들어서 고민하다가 바로 구매 결정했는제 택배상태도 꼼꼼하고 배송도 빨리 왔어요!,살펴보다가 마음에 들어서 고민하다가 바로 구매 결정했는 제 택배 상태도 꼼꼼하고 배송도 빨리 왔어요," 배송,  고민,  상태","결정, 고민, 꼼꼼하다, 들어서다, 배송, 빨리, 살펴보다, 상태, 오다, 택배"
운동복에도 일상복에도 잘활용할수있을것같아요 잘입을께요,운동복에도 일상복에도 잘 활용할 수 있을 것 같아요 잘 입을게요,,"운동복, 일상복, 활용"
박스랑 옷걸이까지 세트로 이쁘게 포장해서 왔어요 할인할때 샀고 요즘같이 낮에 실내활동할땐 딱 좋아요! 조금만 날씨 풀리면 자주 입을거같습니당,박스랑 옷걸이까지 세트로 이쁘게 포장해서 왔어요 할인할 때 샀고 요즘같이 낮에 실내 활동할 땐 딱 좋아요 조금만 날씨 풀리면 자주 입을 거 같습니다," 풀리다,  할인,  박스","걸이, 날씨, 박스, 세트, 실내, 포장, 풀리다, 할인, 활동"
따뜻한봄이네요. 캠퍼스를 누비며~잘 입기 시작합니다^^,따뜻한 봄이네요 캠퍼스를 누비며 잘 입기 시작합니다, 캠퍼스,"누비, 따뜻하다, 시작, 캠퍼스"
생상도 이쁘고너무조아요 봄에 입기에 딱좋을거같아요 남녀누구나 핏하기 좋을거같아요 강력추천합니다,생상도 이쁘고 너무 좋아요 봄에 입기에 딱 좋을 거 같아요 남녀 누구나 피하기 좋을 거 같아요 강력 추천합니다, 생상,"강력, 남녀, 봄, 생상, 추천, 피"
날 풀리고 입으려고 샀는데 디자인이나 색상 둘다 넘 이뻐요,날 풀리고 입으려고 샀는데 디자인이나 색상 둘 다 너무 이뻐요,,"디자인, 색상, 풀리다"
유광 바람막이 GOAT 마뗑킴 당장 사세요 이 가격이면 안 살 이유 없음,유광 바람막이 GOAT 마뗑킴 당장 사세요 이 가격이면 안 살 이유 없음," 유광,  이유","가격, 마뗑킴, 바람막이, 없다, 유광, 이면, 이유"
마뗑킴만의 감성이 물씬하고 프리사이즈이지만 남녀 다 착용가능하여 커플켐으로 맞추었어요! 너무너무 이쁜 디자이너 브랜드,마뗑킴만의 감성이 물씬하고 프리사이즈이지만 남녀 다 착용 가능하여 커플 켐으로 맞추었어요 너무너무 이쁜 디자이너 브랜드," 디자이너,  브랜드","감성, 남녀, 디자이너, 만의, 맞추다, 물씬하다, 브랜드, 착용, 커플, 켐, 프리"
이쁘고 사이즈가 좀 넉넉해요. 바스락 재질에 광택나는 유광,이쁘고 사이즈가 좀 넉넉해요 바스락 재질에 광택 나는 유광," 광택,  재질,  바스락","광택, 넉넉하다, 바스락, 사이즈, 유광, 재질"
얇지만 휘뚜루마뚜루 잘 입어질것같아요 생일선물로 받았는데 너무 맘에 듭니다,얇지만 휘뚜루마뚜루 잘 입어질 것 같아요 생일선물로 받았는데 너무 맘에 듭니다, 얇다,"받다, 생일, 선물, 얇다, 휘뚜루마뚜루"
재질이 특이해서 더 이쁜 것 같아요. 사이즈는 남자가 입기에도 작지 않습니다!,재질이 특이해서 더 이쁜 것 같아요 사이즈는 남자가 입기에도 작지 않습니다," 남자,  작다","남자, 사이즈, 작다, 재질, 특이하다"
간지가나용.. 간절기에 힙하게 입을 수 있겠어요! 살짝 냄새 나서 며칠 통풍시켜줫네용,간지가 나요 간절기에 합하게 입을 수 있겠어요 살짝 냄새나서 며칠 통풍시켜줬네요,,"간절기, 간지, 나서다, 나요, 며칠, 주다, 통풍, 합"
남자가 입어도 이쁘네요  따뜻해지면 자주입을거같아요,남자가 입어도 이쁘네요 따뜻해지면 자주 입을 거 같아요,,"남자, 따뜻하다"
스타일리쉬하고 핏도 좋아요 ㅎ 포장도 꼼꼼히 오고 옷걸이까지와서 너무 좋습니다,스타일리시하고 핏도 좋아요 포장도 꼼꼼히 오고 옷걸이까지 와서 너무 좋습니다," 포장,  꼼꼼하다","걸이, 꼼꼼하다, 스타일리시, 오다, 포장, 핏"
예쁜 오버핏이에요~ 재질이 특이하면서 포인트되네요,예쁜 온 버핏이에요 재질이 특이하면서 포인트 되네요, 재질,"버핏, 재질, 특이하다, 포인트"
전부터 엄청 사고 싶었던 건데 간절기에 입기 좋을 것 같아서 질렀어요..! 재질이 비닐봉지 같다고 한 후기 많이 봐서 기대 안 했는데 생각보다 너무 괜찮아요 깔끔하게 꾸안꾸 느낌줄 수 있어서 좋고 전 잘 입을 것 같아요 나만 입을래…,전부터 엄청 사고 싶었던 건데 간절기에 입기 좋을 것 같아서 질렀어요 재질이 비닐봉지 같다고 한 후기 많이 봐서 기대 안 했는데 생각보다 너무 괜찮아요 깔끔하게 꿈 안 꾸 느낌줄 수 있어서 좋고 전 잘 입을 것 같아요 나만 입을래,,"간절기, 깔끔하다, 비닐봉지, 사고, 재질, 전"
옷걸이까지 함께 보내주고 옷도 깔끔하고 무난하게 입을수있지싶어요!!,옷걸이까지 함께 보내주고 옷도 깔끔하고 무난하게 입을 수 있지 싶어요,,"걸이, 깔끔하다, 무난, 보내다"
좋아요.핏도원하는핏이구요. 다른색상도사고싶어요,좋아요 핏대 원하는 핏이고요 다른 색상도 사고 싶어요, 사고,"고요, 사고, 색상, 원하다, 핏, 핏대"
딱맞아요.잘어울리는거가타  기분좋아요.근데생각보다너무얇아요,딱 맞아요 잘 어울리는 거가 타 기분 좋아요 근데 생각보다 너무 얇아요, 기분,"거가, 기분, 맞다, 얇다, 어울리다"
마뗑킴 베스트 자켓인듯 무신사에서 저렴하게 구매했어요,마뗑킴 베스트 재킷인 듯 무신사에서 저렴하게 구매했어요, 재킷,"마뗑킴, 무신, 베스트, 재킷, 저렴하다"
길이감도 적당하고 스트링 조이면 크롭하게도 가능해서 아주 만족합니다 bb,길이감도 적당하고 스트링 조이면 크롭 하게도 가능해서 아주 만족합니다 bb," 크롭,  가능하다,  적당하다,  스트링,  조이,  길이감","bb, 가능하다, 길이감, 만족하다, 스트링, 적당하다, 조이, 크롭"
예뻐요 예전부터 보던 제품인제 아른아른 거려서 구입했네요 ,예뻐요 예전부터 보던 제품 인제 아른아른 거려서 구입했네요," 예전,  제품,  인제","거려, 아른아른, 예전, 인제, 제품"
"구매했는데 실물이 더 괜찮고, 외출용으로 괜찮은듯 너무 추울때 입기는 그렇고 약간 환절기나 날 좋을때 입기 좋을듯",구매했는데 실물이 더 괜찮고 외출용으로 괜찮은 듯 너무 추울 때 입기는 그렇고 약간 환절기나 날 좋을 때 입기 좋을 듯, 환절기,"그렇다, 실물, 외출, 추다, 환절기"
잘받았어요 마음에 들어요 정가보다 저렴히 구매해서 좋아요!!,잘 받았어요 마음에 들어요 정가보다 저렴히 구매해서 좋아요, 받다,"받다, 저렴하다, 정가"
"아직 착용은 안했는데 목 부분이 하얗게 바란건 왜인지는 모르겠지만,, 만족합니다ㅎㅎ 약간 어벙한(?)핏인데 그래도 얇아서 덩치가 커보이지 않아요! 투웨이라서 스타일링 다양하게 할 수 있어서 자주 입을 것 같아용 하의는 뭐든 입어도 꾸밈, 안꾸밈 모두 될 것 같아용 저렴하게 할인할때 사서 좋숩니다~~",아직 착용은 안 했는데 목 부분이 하얗게 바랜 건 왜인지는 모르겠지만 만족합니다 약간 어벙한 핏인데 그래도 얇아서 덩치가 커 보이지 않아요 투 웨이라서 스타일링 다양하게 할 수 있어서 자주 입을 것 같아요 하의는 뭐든 입어도 꾸밈 안 꾸밈 모두 될 것 같아요 저렴하게 할인할 때 사서 좋습니다,,"다양하다, 모르다, 바랜, 보이지, 얇다, 어벙, 착용, 하얗다, 하의, 할인"
거대한 비닐봉지 느낌이 있긴 하지만 그게 또 매력인 거 같고 핏이 너무 예뻐요…! 바람도 잘 막아지는 것 같습니다! 안에 조금 껴입으면 요새 입기 딱 괜찮아용,거대한 비닐봉지 느낌이 있긴 하지만 그게 또 매력인 거 같고 핏이 너무 예뻐요 바람도 잘 막아지는 것 같습니다 안에 조금 껴입으면 요새 입기 딱 괜찮아요," 매력,  비닐봉지","거대하다, 그게, 끼다, 막다, 매력, 바람, 비닐봉지"
배송도 빨랐고 딱 생각한대로예용 빨리 날이 풀려서 단독으로 입고싶어요,배송도 빨랐고 딱 생각한 대로예요 빨리 날이 풀려서 단독으로 입고 싶어요," 풀다,  대로","날, 단독, 대로, 배송, 빠르다, 빨리, 풀다"
포장이 너무 꼼꼼해서 놀랫어요 마뗑킴 특유의 느낌이 나서 너무좋고 이뻐요 교복처럼 입고다닐거같아요,포장이 너무 꼼꼼해서 놀랬어요 마뗑킴 특유의 느낌이 나서 너무 좋고 이뻐요 교복처럼 입고 다닐 거 같아요,,"교복, 꼼꼼하다, 나서다, 놀래다, 마뗑킴, 처럼, 특유, 포장"
너무 비닐같지않고 살짝 유광있는정도예요 스트링 쪼이면 핏 딱 예뻐요 ,너무 비닐 같지 않고 살짝 유광 있는 정도예요 스트링 쪼이면 핏 딱 예뻐요, 스트링,"비닐, 스트링, 유광, 쪼이다"
상품 잘 받았습니다 디자인이 너무 이뻐요 자주 입고 다닐예정,상품 잘 받았습니다 디자인이 너무 이뻐요 자주 입고 다닐 예정," 받다,  상품","디자인, 받다, 상품, 예정"
배송 빠르고 디자인 힙하고 좋아요 ㅎㅎ 근데 처음에 지퍼가 안 열리길래 불량인 줄 알았네요... 열심히 잡아당기니 열리긴 했습니다만 가격 생각하면 조금 아쉽습니다,배송 빠르고 디자인 히프하고 좋아요 근데 처음에 지퍼가 안 열리길래 불량인 줄 알았네요 열심히 잡아당기니 열리긴 했습니다만 가격 생각하면 조금 아쉽습니다, 잡아당기다,"가격, 디자인, 배송, 불량, 빠르다, 아쉽다, 알다, 열리다, 열심히, 잡아당기다, 지퍼, 처음, 히프"
가격대비 퀄리티가 아주 좋아요 잘 입을거같아요,가격 대비 퀄리티가 아주 좋아요 잘 입을 거 같아요, 가격,"가격, 대비, 퀄리티"
배송 빠르고 포장 상태 좋네요 다른 컬러도 구매할까싶네요,배송 빠르고 포장 상태 좋네요 다른 컬러도 구매할까 싶네요," 포장,  빠르다,  배송","배송, 빠르다, 상태, 컬러, 포장"
피팅감은 만족스럽고 두께감도 생각보다 좋네요 지퍼가 살짝 아쉽습니다,피팅감은 만족스럽고 두께감도 생각보다 좋네요 지퍼가 살짝 아쉽습니다, 두께감,"감다, 두께감, 만족스럽다, 아쉽다, 지퍼, 피팅"
친구 선물용으로 사줬는데 폼 넉넉하니 오버하게 입으니 이뻐요,친구 선물용으로 사줬는데 폼 넉넉하니 오버하게 입으니 이뻐요,,"넉넉하다, 사주다, 선물, 오버, 친구"
아주좋아요 너무좋아요 최고의 상품입니다최고,아주 좋아요 너무 좋아요 최고의 상품입니다 최고,,"상품, 최고"
생일 선물로 구매했는데 친구가 너무 맘에 들어해요,생일 선물로 구매했는데 친구가 너무 맘에 들어 해요,,"생일, 선물, 친구"
소재 재질 하나만으로도 포인트 되는 자켓~ 활용도 넘 조아요,소재 재질 하나만으로도 포인트 되는 재킷 활용도 너무 좋아요," 활용,  재질,  소재","소재, 재질, 재킷, 포인트, 하나, 활용"
고민햇는데 핏도 이쁘고 배송도 빠르고 너무 이뻐요 ㅎ 다른 색상도 구매예정이에요😀😀😀😀😀😀😀😀최고입니다아 🫰🫰🫰🫰🫰🫰🫰🫰🫰🫰,고민했는데 핏도 이쁘고 배송도 빠르고 너무 이뻐요 다른 색상도 구매예정이에요 최고입니다아," 최고,  배송,  빠르다","고민, 배송, 빠르다, 색상, 예정, 최고, 핏"
예쁜데 생각보다 얇네요 초여름까지도 입을수 있을것 같은 너낌,예쁜데 생각보다 얇네요 초여름까지도 입을 수 있을 것 같은 너 김,,"얇다, 초여름"
음 퀄은 그닥인거같고 핏도 죽여준다 이건 아닌 거 같지만 일단 안고 가볼게여 하의는 치마든 바지든 숏츠입을 때 더 이뿐 듯,음 퀄은 별로인 거 같고 핏도 죽여준다 이건 아닌 거 같지만 일단 안고 가볼게요 하의는 치마든 바지든 숏츠 입을 때 더 이쁜 듯," 가보다,  죽여주다","가보다, 바지, 별로, 숏츠, 아니다, 안고, 이건, 죽여주다, 치마"
이뻐요. 다른색도 사고싶을정도. 두깨는 조금 얇은편,이뻐요 다른 색도 사고 싶을 정도 두께는 조금 얇은 편," 사고,  얇다","두께, 사고, 색도, 얇다"
재질도 특이해서 마음에들고 마뗑킴로고도 이뻐서 좋네요 봄에 자주입을듯합니다!!,재질도 특이해서 마음에 들고 마뗑킴로고도 이뻐서 좋네요 봄에 자주 입을듯합니다, 재질,"마뗑킴로고, 봄, 재질, 특이하다"
엄청이쁘고 남자가 입어도 잘맞아요!!!! 봄되면 자주 입을듯합니다! 뒤에 마뗑킴로고도 이쁘고 재질도 특이해서 좋아요!,엄청 이쁘고 남자가 입어도 잘 맞아요 봄 되면 자주 입을듯합니다 뒤에 마뗑킴로고도 이쁘고 재질도 특이해서 좋아요," 남자,  재질","남자, 마뗑킴로고, 맞다, 재질, 특이하다"
지금날씨에는 추운데 조금 풀리면 딱 좋을것같아요,지금 날씨에는 추운데 조금 풀리면 딱 좋을 것 같아요,,"날씨, 에는, 추다, 풀리다"
소재는 바람막이?같은 얇은 소재로 바스락거려요. 품도 넉넉해서 가볍게 여기저기에 걸치기 좋고 초여름까지 애용할듯해요. 길이는 제 키에서 엉덩이 안 가리는? 허리보다는 아래쪽까지 오는 길이감이라 적당해요. 흰색 스티치가 은근 포인트 확실히 백로고가 주는 임팩트가 상당하고 디자인이 특별한건 아니지만 재질이 펄?같이 은은하게 반짝거려서 나름 차별점을 주네요. 유행 안타고 오래 입을 수 있을 베이직한 아이템같아서 좋아요,소재는 바람막이 같은 얇은 소재로 바스락거려요 품도 넉넉해서 가볍게 여기저기에 걸치기 좋고 초여름까지 애용할듯해요 길이는 제 키에서 엉덩이 안 가리는 허리보다는 아래쪽까지 오는 길이감이라 적당해요 흰색 스티치가 은근 포인트 확실히 백로 고가 주는 임팩트가 상당하고 디자인이 특별한 건 아니지만 재질이 펄같이 은은하게 반짝거려서 나름 차별점을 주네요 유행 안 타고 오래 입을 수 있을 베이직한 아이템 같아서 좋아요,,"걸치다, 길이, 백로, 소재, 아래쪽, 애용, 얇다, 엉덩이, 적당하다, 허리"
사이즈가 한 종류라서 후기 잘보고 구매해야할 것 같아요.,사이즈가 한 종류라서 후기 잘 보고 구매해야 할 것 같아요," 후기, 종류,  사이즈","라서, 보고, 사이즈, 종류, 후기"
색감 화면과 같습니다. 여성분들께 추천드립니다.,색감 화면과 같습니다 여성분들께 추천드립니다," 색감,  여성","드리다, 색감, 여성, 추천, 화면"
확실히 겨울에 입기에는 얇으나 봄가을에 걸치기 이쁜 자켓인 거 같아요,확실히 겨울에 입기에는 얇으나 봄가을에 걸치기 이쁜 재킷인 거 같아요,,"걸치다, 겨울, 얇다, 재킷, 확실하다"
얇긴한데 재질도 특이하고 로고도 큼직하게 있어서 부담없이 평상시에 많이 입을 수 있을 것 같아요 빨리 날 풀렸으면 좋겠네용,얇긴 한데 재질도 특이하고 로고도 큼직하게 있어서 부담 없이 평상시에 많이 입을 수 있을 것 같아요 빨리 날 풀렸으면 좋겠네요," 큼직하다,  얇다","로고, 부담, 빨리, 얇다, 재질, 큼직하다, 특이하다, 평상시, 풀리다"
역시 믿고 입는 마뗑킴 재질이랑 사이즈 매우 좋습니다,역시 믿고 입는 마뗑킴 재질이랑 사이즈 매우 좋습니다," 마뗑킴,  사이즈","마뗑킴, 믿다, 사이즈, 재질"
배송 빠르고 잘 도착했어요 재질이 생각보다 반딱이는? 재질이에요,배송 빠르고 잘 도착했어요 재질이 생각보다 반짝이는 재질이에요," 배송,  도착","도착, 반짝이다, 배송, 빠르다, 재질"
남자친구 선물로 줬는데 엄청 좋아해요 사이즈도 잘맞아요ㅔ,남자친구 선물로 줬는데 엄청 좋아해요 사이즈도 잘 맞아요," 주다,  사이즈","남자친구, 맞다, 사이즈, 선물, 좋아하다, 주다"
봄가을에 날씨 풀렸을 때 입기 좋을 것 같아요! 소재도 독특해서 매력있네요,봄가을에 날씨 풀렸을 때 입기 좋을 것 같아요 소재도 독특해서 매력 있네요," 매력,  풀리다,  소재","날씨, 독특하다, 매력, 소재, 풀리다"
새 옷이라 그런지 살짝 냄새는 나지만 넘 이뻐여 ㅎㅎ 바스락 거려서 조용한데서는 못입을거같습니다,새 옷이라 그런지 살짝 냄새는 나지만 너무 이뻐요 바스락거려서 조용한 데서는 못 입을 거 같습니다,,"거려, 그렇다, 냄새, 바스락, 서다, 조용하다"
아 ㅜㅜㅠ 마뗑킴은 진짜 천재에요… 광 완전 빤딱빤딱할까봐 걱정했는데 그런 거 아니고 무채색 데일리룩에 맛있게 활용할 수 있는 정도네요 강추드립니다,아 마뗑킴은 진짜 천재에요 광 정말 빤짝빤짝할까 봐 걱정했는데 그런 거 아니고 무채색 데일리룩에 맛있게 활용할 수 있는 정도네요 강추 드립니다," 천재,  활용,  데일리룩","강추, 걱정, 그렇다, 데일리룩, 드리다, 맛있다, 무채색, 천재, 활용"
봄에 입기 좋은 두께에 누구나 좋아할 디자인에 포인트 로고가 등 뒤에 있는 깔끔한 옷입니다,봄에 입기 좋은 두께에 누구나 좋아할 디자인에 포인트 로고가 등 뒤에 있는 깔끔한 옷입니다, 좋아하다,"깔끔하다, 두께, 뒤, 디자인, 로고, 봄, 좋아하다, 포인트"
일단 디자인이 너무 예쁘구요 흔하지 않은 질감의 재질이 너무 맘에 드네요 유니크한 옷 득한거 같아서 너무 맘에 듭니다 ,일단 디자인이 너무 예쁘고요 흔하지 않은 질감의 재질이 너무 맘에 드네요 유니크한 옷 득한 거 같아서 너무 맘에 듭니다,,"득, 디자인, 유니크, 재질, 질감, 흔하다"
진짜 너무 만족 해요 ㅠㅠ이뻐요  세택후 변형되는것고 없고 배송도 빠르고 깔끔하고 좋아요 디자인은 진짜 너무이쁘고 만족입니더 너무 잘입고 있어요 가격대도 너무좋아요 이런상품은 진짜 최고에요,진짜 너무 만족해요 이뻐요 세택후 변형되는 것고 없고 배송도 빠르고 깔끔하고 좋아요 디자인은 진짜 너무 이쁘고 만족입니다 너무 잘 입고 있어요 가격대도 너무 좋아요 이런 상품은 진짜 최고예요,,"깔끔하다, 디자인, 만족, 만족하다, 배송, 상품, 이렇다"
디자인 너무맘에들고 핏은 좀 널널한 편입니다 사세요,디자인 너무 맘에 들고 핏은 좀 널찍한 편입니다 사세요," 널찍하다,  디자인","널찍하다, 디자인, 편입, 핏"
기다렸다거 샀는데 역시나 매우 만족스럽고 이쁩니다,기다렸다 거 샀는데 역시나 매우 만족스럽고 이쁩니다,,"기다리다, 만족스럽다"
생각보다 배송도 빠르고 이쁘게잘 입을것같슴니다,생각보다 배송도 빠르고 이쁘게 잘 입을 것 같습니다,,"배송, 빠르다"
