Review,Keyword
사려다 샀는데 살 걸 우선 다른 피케 원피스보다 기장이 길었고 시원한 재질이여서 손이 잘 가요 단정한 느낌도 줘서 굿,"S, 피케원피스, 재질, XS, 단정, 기장"
키가 매우 매우 크기 때 무네 저에게는 미니 기장이 긴 한데 짧을 건 이 미 예상하고 구매했습니다 근데도 너무 예뻐요상체 이인데 팔뚝살 잘 감춰주고 단추 오픈해서 입으면 그나마 덜 이로 보여서 너무 좋아요 얇아서 좀 비치 긴 하지만 속 바지 속 치마 입으면 갠춘합니당 다른 색도 살까 고민중이에 요 너무 예뻐,"미니, 얇다, 색, 퉁퉁이, 팔뚝, 퉁퉁, 오픈, 속치마, 짧다, 속바지, 덜, 키, 단추"
네이비랑 블랙 고 밈하다가 블랙 구매했어요 허리 잘록하게 잘 들어가고 핏이 뻐요 다만 많이 비치는 거 같아서 신경 써야 할 거 같아요,"허리, 핏, 블랙, 고밈, 비치, 네이비"
처음에 살까 살까 고민하다가 샀어요 질도 좋고 예뻐요 네이비도 살까봐 여,"네이비, xs, 질"
많이 짧지도 않고 깔끔한 핏에 허리 라인이 살짝 들어가서 예뻐요 옷감이 얇아서 밝은 데서 보면 원피스 속 다리 라인이 비쳐 보여서 속 치마를 입는 게 좋을 듯 해요 다른 컬러도 살 예정,"원피스, 컬러, 핏, 속치마, 허리라인"
한 편인데 엠사이즈 잘 맞아요 딱 기 본 스타일이라서 매우 맘에 듭니다,"통통, 스타일, 엠사이즈"
키가 있어서 살지 살 지 고민했는데 후기 보고 샀어요 제 체형이라면 은 사진 참고하시면 될 거 같아 요 딱 깔끔하게 예쁜 느낌이고 앞태가 진짜 예뻐요,"허리, 핏, 블랙, 고밈, 비치, 네이비"
소재가 얇고 시원해서 땀도 잘 흡수해줘요 근데 단점은 허벅지 부분이 다 비쳐 요 속 바지보다는 속 치마 입어야 좀 안 비칠 것 같아 요 저도 리뷰 하게 봤는데 이렇게까지 비칠 줄 몰랐어요 햇빛 비치면 그냥 다 보입니다 주의하시고 예쁜 옷 사세요,"네이비, xs, 질"
반 에게 타이트하게 맞아요 이 쁘고 핏하고 시원하지만 계속 숨 참고 있어야 한다는 게 단점입니다 그래도 잘 입고 다니고 있어요 키는 입니다,"원피스, 컬러, 핏, 속치마, 허리라인"
요즘 나오는 피케이 원피스들은 너무 달라붙거나 짧아서 입지를 못하는데 이건 제 키 기준 딱 이쁜 길이에 요 허리도 적당히 라인이 들어가서 날씬해 보입니다 약간 비침이 있어서 속 바지는 입는 게 좋아요,"통통, 스타일, 엠사이즈"
동생 사줬는데 키에 비해 기 장 짧지도 않고 스판끼 있어서 편하다고 하네 여 다른 색상도 있으면 좋겠대요,"후기, 앞태, 사진, L, 깔다끄다, 키, M"
편하게 입고 나가기 좋을 거 같아 요 기장은 저는 짧은 걸 더 선호해서 수선할 예정입니다,"시원, 허벅지, 소재, 땀, 비치, 속치마, 속바지, 햇빛"
허리에 라인이 살짝 들어가 있어 하지 않고 편안한 원피스에 여성스러움까지 느낄 수 있어요 기장도 괜찮고 어깨가 넓은 편인데 어깨도 딱 맞았어요 만족스러운 소비입니다,"시원, 타이트, 키, 핏, 숨참고"
초딩딸에게 사이즈 딱 예쁘게 맞아요 두껍지 않아 시원하다 구 합니다,"원피스, 비침, 허리, 피케, 속바지"
귀여워 귀여웡 이고 예쁘게 맞아 용 어깨 넓은 편인데 괜 차나 용 가슴도 좀 있는데 괜 차나 용 다른 색 마니 왔으면 조 켔어 여 딸기 우유색 같은 거 글구 가슴팍에 로고 하나 박아도 예쁠듯 무탠다드 로고 기 깔나게 함 뽑아봐용,"편하다, 스판끼, 동생, 색상"
너무 너무 마음에 들어 요 저랑 비슷한 스펙이시면 추천 드립니당,"편하다, 수선, 기장"
뱃살이 좀 있는 편이라 허리 라인이 들어간 원피스 찾고 있었는데 진짜 맘이 들어 요 스타일 후기도 올려봅니다 핏 참고하세요 정도입니다,"원피스, 여성스럽다, 허리, 만족스럽다소비, 라인, 어깨, 기장"
사이즈도 굿 딱 원라던 핏인데 기장이 길어서 잘 랏어여,"시원하다, 초딩딸, xs사이즈, 두껍다"
예뻐요 길이가 정말 맘에 들어 요 몸매 보정이 잘 되는 옷이네요,"귀엽다귀웡, 괜차나용, 깔다, 색, 글구, 박아, 오다, 말다, 넓다편, 로고, 하나, 뽑다, 가슴, XS, 딸기우유색"
예뻐요 생각했던 핏입니다 이런 스타일 옷 찾고 있었는데 좋아요,"원피스, 여성스럽다, 허리, 만족스럽다소비, 라인, 어깨, 기장"
보통 입는데 다들 시켰길래 작은 걸로 시켰는데 딱 맞아 요 인데 기장도 안 짧아서 좋아요 허리 쪽은 좀 남지만 궁댕 쓰쪽에 많이 안 붙어서 오히려 좋아 소재도 시원한 소재에 요 대신에 좀 비칠 수 있으니 속 바지 필수입니데이,"시원하다, 초딩딸, xs사이즈, 두껍다"
기장도 안 짧고 이 쁜데 다른 분들 후기대로 원단이 엄청 얇아서 블랙 색상인데도 비치네요 하지만 원단은 견고하네요,"귀엽다귀웡, 괜차나용, 깔다, 색, 글구, 박아, 오다, 말다, 넓다편, 로고, 하나, 뽑다, 가슴, XS, 딸기우유색"
기본템으로 무난합니다 다 만 어두운 색임에도 불구하고 비침이 있어요 조금 얇아서 아쉽긴 하네여,스펙
편하게 입 기 좋아요 많이 짧지 않고 해서 좋아요,"스타일, 뱃살, 원피스, 핏"
길이가 다른 원피스들에 비해 긴 편이에 요 엄마가 좋아하는 길이 그래도 허리 라인 잡혀 있어서 예뻐요,"사이즈, 기장, 핏"
완전 휘뚜루 마 뚜루템 임 짱 편하구 짧지도 않음,"몸매보정, 길이"
사이즈 적당히 맞아요 역시 키가 작아서 허리가 우 글우글하긴 하네요 기장도 한 센티미터 더 짧으면 좀 더 이 쁠 거 같아 요 수선하려 구용 그래도 가격 대비 만족합니다,"스타일, 핏"
어깨 좁다는 평이 있어서 좀 걱정했는데 잘 맞아요 길이도 적당해서 활동성 좋고 몸매 완전 좋아 보여 요 여름에 잘 입고 다닐 듯,"속바지, 소재, 허리, 기장"
키도 있고 덩치도 있는데 길이도 괜찮고 허리도 적당히 라인이 들어가 있어서 괜찮은 것 같아요,"원단, 견고하다, 기장, 비치다"
사이즈 탁월하네요 안성맞춤형 사이즈에요 딱 맞음,"두운, 비침, 기본, 얇다"
살짝 짧은 기장을 선호하여 로 주문했습니 당 타이트 하지 않아서 꾸안 꾸 아님 으로 편하게 입 기 조아여 볼캡이랑 스니커즈로 편하게 입거나 로 퍼나 부츠 신어도 예뻐 여 부드러운 재질은 아니지만 거칠 거칠 하지도 않아 용 예민하신 분들 아니면 괜찮을 것 같아 여 허리 라인이 잡혀 있어서 몸매 좋아 보입니 당 재질이 시원하고 얇은 재질이여서 그런지 비침이 넘 심해서 속 치마나 속 바지 필수예 요,"편하다, 많이, 넉넉, 짧다"
피케 원피스 사려고 오래 서치했는데 무신사 제작템 사길 잘했네요 아스킨 원단 운동복으로 잘 입는 거라 기대했는데 입어보니 역시나 냉감이 좋네요 사이즈가 조금 크다고 해서 하니 딱 맞게 예뻐요 어벙하게 남는 게 싫어서 실측 확인하고 구매했더니 딱 맞네요 다른 색상도 사야겠어요,"길이, 허리라인, 엄마좋아하다"
실루엣 자체가 허리가 좀 얇게 되 있는 디자인이라 라인이 굉장히 예쁘게 떨어집니다 길이도 적당한 길이감이라 움직이기도 편하고 발목이 긴 워커랑 매치하면 비율도 좋고 시크하게도 입을 수 있어 용 허리가 쪼끔 얇은 디자인이라 벗을 때 조금 불편할 순 있습니당,"두운, 비침, 기본, 얇다"
체격이 있는데도 사이즈 불편하지 않게 잘 맞습니당,"편하다, 많이, 넉넉, 짧다"
다리 사이 비침은 실제로 있는 거 같습니다 하지만 옷은 이쁘구요 여름에 시원하게 입을 수 있을 거 같습니다,"길이, 허리라인, 엄마좋아하다"
편한 핏 딱 붙지도 않고 너무 하지 않고 편하게 입을 수 잇다 생각보다 재질은 조금 얇아요 예뻐요,"짧다, 굳다굳다, 휘뚜루마뚜루, 짱편하다"
작년 여름에 너무너무 잘 입었던 정말 좋아하는 원피스입니다 염색약이 묻어서 버리게 됐는데 다시 안 파는 것 같아서 속상하던 차에 다시 판매하는 거 보고 너무 기쁘게 재구매해요 계속 계속 팔아주세요,"가격, 허리, 사이즈, 키, 기장"
후기를 보고 를 주문했는데 전체적인 핏이 너무 예뻐요 길이도 피케 원피스치고 짧지 않아서 출근할 때도 입을 수 있겠어요 근데 샀어도 여유 있는 핏으로 예뻣을 것 같아서 랑 은 선호하는 핏에 취향대로 고르면 될 것 같습니다,"여름, 길이, 몸매, 활동성, 어깨"
시원하고 편하게 잘 입고 다닐 수 있을 거 같아 요 길이도 많이 안 짧아서 좋아요,"덩치, 허리, 길이, 라인, 키"
후기대로 얇긴 한데 여름에 입 기 시원해서 좋습니다,"사이즈, 안성맞춤형"
키커서 많이 짧을까바 걱정했는데 전혀 걱정 말고 사세요 그냥 등치도 있고 그런데 입고 있어도 안 불편하고 편해요 비치는 거 많이 들 말하시는데 속 바지 입우면 그만 하나쯤 무조건 가지고 있으면 뭐 찾아 있기 귀찮을 때 하나만 딱 입어도 이 쁨이쁘,"편하다, 재질, 스니커즈, 속바지, 타이트, 로퍼, 알다, 속치마, 허리라인, 기장, 아니다, 몸매, 짧다, 거칠거칠하다, 꾸안꾸, 얇다, 심하다, 비침, 볼캡, 부드럽다, 필수예요, 시원하다, 부츠"
다리 길어 보이고 허리 라인 쏙 들어가 있어서 열라 맘에 듦,"실측, 무신사작, 피케원피스, 벙하다, 스킨원단"
두께가 살짝 얇은 것 같아 요 하지만 핏이 너무 이 쁘고 날씬해 보여 요 다른 색도 구매할 예정입니당,"실루엣, 발목, 허리, 길이, 시크, 벗"
무난하니 좋았어요 편하게 막 입으려고 산 거구 오랜만에 짧은 치마 입은 거라 부담스러워서 부 레깅스로 좀 더 편하게 입었네요,"니당다, 자다, 사이즈, 체격, 불편"
핏 너무 예쁘고 길이도 적당해서 부담스럽지 않게 입을 수 있어요,"여름, 다리비침, 시원하다"
이쁘고 길이도 적당한데 살짝 긴 느낌 허리 라인 이쁘게 들어가요,"실루엣, 발목, 허리, 길이, 시크, 벗"
늠무 이 뻐여 여름이니까 원피스 필수 다들 쟁여놓으세여,"니당다, 자다, 사이즈, 체격, 불편"
제 키 몸무게에는 가 딱 좋네요 시원한 소재라 더 더워져도 잘 입을 것 같아요,"여름, 다리비침, 시원하다"
여름 내 잘 입었어요 딱 맞게 입고 싶어 할까 고민하다가 구입한 건데 어깨가 딱 맞더라구요,"편하다, 벙벙, 재질, 핏"
아주 깔끔한 기 본핏의 피케 원피스입니다 괜춘 추천해욤,"염색약, 재다, 계속계속파다, 원피스"
딱 적당히 핏하게 입고 싶으면 살짝 하게는 하면 될 거 같아 요 가성비 짱 좀 더 다양한 색 있으면 좋겠어여,"피케원피스, 취향, 핏, 선호, 길이, 출근, 여유"
어디든 잘 어울리고 아무데나 잘 어울립니 다 좋네요,"편하다, 시원, 길이"
길이가 짧으면 어쩌나 했는데 적당해 요 허리가 살짝 들어가 있어서 완전 이 뻐요,"여름, 얇다, 시원"
생각보다는 길지만 편하고 핏 좋아요 소재도 얇습니당,"편하다, 무조건, 말, 비치다, 많이, 하나, 키크다, 귀찮다, 짧다, 걱정, 속바지, 가다, 불편"
한 번 빨았는데 많이 손상되지는 않지만 처음 핏은 아니네요 그래도 옷이 예뻐요,"다리, 열, 허리라인"
얇은 만큼 비쳐서 꼬옥 속치마 속 바지 필수예 요 여름엔 원피스만한 게 없어요,"두께, 색, 핏"
원피스 많이 알아봤는데 너무 짧지도 않고 너무 붙지도 않고 가격도 저렴하고 라코스테 안 사고 이 거 사도 충분히 만족할 거 같아 요 무탠다드 짱입니다 살짝 비치는 게 흠이 긴 하지만 막 신경 쓰일 정도 아닌 거 같아 요 속 치마바지랑 같이 입으세요,"편하다, 부, 부담스럽다, 치마, 오랜, 레깅스, 짧다, 막"
원피스 끝단이 라인처럼 됐으면 하비인 제 체형에는 좀 더 좋았을 것 같아 요 하지만 비침은 없는데 원단이 생각보다 더 얇아서 여름용으로 시원하고 여기저기 편하게 입고 다니기 좋아요,"길이, 부담스럽지수, 핏"
허리 라인이 들어가 있어서 핏이 괜찮네요 길이 적당하고 생각보다 많이 안 커서 좋아요,"두께, 색, 핏"
진짜 괜찮음 다들 사 세용 저는 만 원 초반대에 구매,"편하다, 부, 부담스럽다, 치마, 오랜, 레깅스, 짧다, 막"
무단횡단 아니고 행사해서 차도를 인도처럼 다닐 수 있는 거예요 진짜 구입한 후로 교복처럼 입고 다녀 요 생각보다 얇아서 속 바지 입으면 다리 라인 다 보이기 땜에 차라리 짧은 바지 입는 거 추천 드림,"길이, 부담스럽지수, 핏"
날씬해 보이고 너무 좋아요 시원하고 편합니 당 추천,"들어가다, 길이적당하다, 허리라인"
허리라인 잡아줘서 몸매 좋아 보이고 편해 요 덥지도 않구,"늠무, 여름, 원피스"
사이즈 딱임 고민들 말고 사세요오,"소재, s, 더워지다, 시원하다"
이 입기에는 좀 조신한 길이지만 그 덕에 편하게 어 디든 입고 다닐 수 있어요 이상이면 예쁜 길이 일 듯 핏도 예뻐요 밝은 곳에서는 비침 약간 있어요,"여름, s, xs"
얇아서 좀 비추긴 한데 사이즈 딱 맞아요 길이도 적당합니다,"괜춘, 추천욤, 피케원피스, 기본핏"
요근래 살이 쪄서 사이즈 사봤는데 무난하게 잘 맞습니 당 근데 배 하게 먹고 입으면 라인 다 나오니까 이 거입은 날엔 적당히 먹어야 할 듯 오프라인에 디피 안 돼 있어서 입어보지 못하니 참고하세여,"다양하다색, s, xs, 핏, 가성비"
이런 원피스 사고 싶어서 고민하다가 후기가 좋아서 구매 해 봅니닷 소재는 여름이 시원 할 소재구 용 편하게 입기 좋을 것 같아 용 팔뚝이 많이 두꺼운데 팔 접으면 꽉 끼는 느낌이 나서 아마 왠만한 분들도 하게 맞을 것 같아 융 제 기준 로 구매하는 개 맞지만 살 빼고 있 으로 구매 했어 용 딱 핏되고 이쁘게 맞아 유 다른 색도 구매하려고 합니닷 추천 추천,어울리다
생각보다 되게 얇은 데 그래서 여름에 잘 입을 것 같아요,"들어가다, 길이, 허리"
로 사 길 진짜 잘한 것 같아 요 제가 원하던 딱 정핏,"소재, 편, 얇다니당다, 핏"
생각보다 얇아서 다리 쪽이 조금 비쳐 요 속 치마 입어야 할 것 같아 요 핏은 예뻐요,"처음핏, 손상"
딱 좋은데 좀 붙어요 이쁘긴 해요 편하게 입기에 좋은 듯,"들어가다, 길이, 허리"
심플해서 여름 잘 입었어요 생각보다 많이 안 짧았어요,"소재, 편, 얇다니당다, 핏"
비침이 심해요 얇아서 시원하긴 한데 안에 속 치마 정말 필수입니다,"처음핏, 손상"
좋아요 너지라서 하긴 하지만 합격 잘 입을께요,"얇다, 원피스, 속치마, 속바지, 꼬옥"
예쁜데요 속 치마를 입어도 속 바지를 입어도 다리 라인 그대로 보이는 건 너무 심한 디요 다른 분들은 대체 어떤 속 치마랑 속 바지를 입는 건가요 옷은 너무 맘에 드는데 다리 라인이 너무 그대로 보여서 입지를 못하네요,"원피스, 비치다, 가격, 라코스테, 속치마바지, pk"
무탠다드 원피스 최고입니 당 두 번째 구매에 오 가격이 저렴해서 입 다가 해지면 또 사면 됩니다 기장도 적당하고 입엇을 때 라인이 예쁨,"편하다, 체형, 여름, 비침, A라인"
편하게 입을 옷이 필요해서 샀는데 괜찮아요 근데 제가 허리가 많이 얇은 편이라 그런 가 펑퍼짐한 건 아닌데 좀 커요,"커서, 적당, 핏, 길이, 허리라인"
무신사에서 여러 번 구매했었는데 역시 이번에도 좋은 상품을 구매하게 되었네요 와이프가 입으면 이 쁘겠다고 생각해서 구매했는데 역시 잘 선택했네요 조금 젊게 입었으면 해서 요 스타일도 그렇고 너무 타이트 하지 않고 잘 어울리는 느낌이네요,"초반대, 만원, 사세용"
얇아서 시원하고 좋아요 얇은 대신 비침이 있어서 속 치마 입는 게 좋을 것 같아요,"행사, 교복, 속바지, 차도, 인도, 무단횡단"
했어도 될 뻔 여유 있게 편해 요 너무 짧지 않아서 좋아요 신랑도 이 쁘다고 하네요 옷이,"편하다, 시원, 날씬"
무탠다드에서 직접 입어 보고 샀는데 너무 맘에 들어 요 베이직하면서도 핏되는 느낌이 좋습니닷,"편하다, 덥다, 허리라인, 몸매"
편하고 좋아 여 흰색도 살 예정이에 여 라인도 잡아쥼,"말고, S사이즈, 딱이다, 고민, 오"
편한 마실용 원피스 찾았는데 싸게 잘 샀어요 배송도 빨라요,"비침, 핏"
편하고 이쁘게 잘 입을 수 있을 것 같아 요 기장도 너무 짧지 않아 좋습니다,"편하다, 덥다, 허리라인, 몸매"
아무 옷이나 잘 어울려서 편하게 입 기 너무 좋아요,"말고, S사이즈, 딱이다, 고민, 오"
편하게 입 기 좋아요 조금 비치는 것 빼고는 다 좋아요,"비침, 핏"
예뻐요하나 정도 구매 해서 이 신발 저 신발에 입기도 좋고 가방도 아무거나 들고 다녀도 잘 어울려 요 사이즈는 살짝 큰 감이 있지만 더 작았으면 밥 먹었을 때 살짝 불편했을지도 모르겠어요,"얇다, 길이, s사이즈"
무릎 딱 위까지 와서 좋아요 얇아서 지금 잘 입고 댕길 듯,"배, 살, m사이즈, 라인, 디피"
맘에 쏙 드네요 상체보다 하체에 살이 많은데 이범에 살이 좀 빠져서 들어가는 것 같아 요 원래 엉덩이가 커서 이런 원피스 입으면 엉덩이만 오리궁뎅이 처럼 튀어 나와 있었는데 엉덩이 그래도 작으시거나 마르신 분이 입어야 할 거 같아 요 가 품절이라서 구매한 거긴 한데 맘에 듭니당,"편하다, 여름, 소재, 팔뚝, 핏, 팔"
살짝 라인이 들어가 있어서 핏이 정말 마음에 쏙 듭니다 피케 원피스 계속 편한 사이즈로 크게 입 다가 살짝 핏되게 입으니까 이쁘네요 밝은 곳에서 보면 다리 비침이 좀 있어서 속 치마를 입는 게 좋을 듯,"여름, 얇다, 자다"
키인데 잘 맞고 이 쁘네요 비춤 있지만 속 바지 입음되니까요,"XS, 정핏"
와 진짜 너무 예뻐요 저 원래 깔별로 옷 사모으는 거 별로 안 좋아하는데 이 옷은 파란색 하나 더 샀네요 진짜 쫭,"다리, 얇다, 비치다, 핏, 속치마"
다른 피케 원피스들 대부분 끈으로 허리 조이게 나왔는데 이 제품은 애초에 허리 골반 라인이 잡혀서 나왔네요 더 이 뻐용 다만 단점이라면 다리가 비칩니다 속 치마 사야겠어요 길이는 기준 약간 길 긴 한데 이 정도는 돼야 생활하기 안 불편하더라구요,"편하다, 딱좋다"
사진은 비율이 똥망으로 나오긴 했는데 날씬해 보여 요 근데 뒤에 엉덩이 윗부분이 좀 떠서 옆 모습은 어 정쩡하긴 해요,"여름, 심플, 짧다"
반신반의하면서 사이즈 주문했는데 예쁘게 맞아요 그런데 벗는 게 너무 너무 너무 불편해요 피케 원피스가 다 그런 건지 사이즈라서 그런지 잘 모르겠네요,"얇다, 비침, 필수, 속치마, 시원하다"
원단은 시원하고 사이즈도 좋아요 비침이 살짝 있어요,"심심, 합격"
허리를 잡아줘서 엄청 날씬해 보이고 살 없는 편이 아닌데도 입을 수 있는 원피스에요,"여름, 심플, 짧다"
하루 만에 배송 왔고 옷도 이 뻐요 저한텐 길어서 좀 잘랐어요,"얇다, 비침, 필수, 속치마, 시원하다"
사이즈 정말 좋네요 편하려고 입는 옷이니 딱 붙지 않은 게 좋은 거 같아 요 질가도 해서 좋아요,"심심, 합격"
딱 생각했던 핏이에 요 편하게 입기 좋아요 마음에 듭니당,"분들, 못, 입지, 다리라인, 보여서, 가요, 심하다디, 속치마, 대체, 속바지, 어떻다, 그대로"
아 짧을 것 같은데 고민하다 그래도 예뻐서 샀는데 좋아요 키도 몸무게도 나가는 편이라 짧은 감이 없잖아 있긴 합니다 품은 딱 좋아요 약간 얇긴 하나 가격 대비 매우 만족스럽네요,"저렴, 적당, pk원피스, 가격, 입엇을때, 해지, 두번째, 라인, 기장"
사이즈 딱 좋아요 너무 붙지도 않고 너무 부해 보이지도 않고 이 뻐요 대신 왕 얇아서 속 치마 속 바지 필수입니다 다리 라인 다 보여 요 길이는 서 있을 땐 부담 없고 이 쁜데 어디 앉으면 좀 조심해야 할 것 같은 길이 전체적으로 얇아서 시원할 것 같네요 완전 추천합니당,"편하다, 얇다, 아니다, 크다, 편이, 허리, 많이, 펑퍼짐하다, 런가, 필요"
적당히 예뻐여 팔뚝 두꺼운 신분은 고려해야 할 듯해 여 나름 몸매가 드러나 여 그래도 이 쁘긴 합니다,"타이트, 스타, 젊다, 와이프, 물다"
원래 가지고 있던 원피스는 길이가 너무 짧아서 새로 구매 했는데 너무 만족 스러워요 세탁 건조기에 돌려도 짧아지거나 작아 않고 허리도 하게 잘 잡아주고 라인도 딱 좋게 떨어지며 허벅지 쪽도 통이 크거나 작거나 하지도 않게 딱 좋아요 옷감도 너무 두껍거나 얇지도 않아서 여름 입을 수 있을 거 같고 가을에도 가디건 하나 챙겨서 입 기 딱 좋을 것 같아 요,"얇다, 비침, 속치마, 시원하다"
완전 마음에 들어 요 기장이 무릎 위까지 와서 회사에도 입을 수 있을 정도의 길이에 요 허리 라인도 적당히 잡아줘서 단품으로 입어도 예뻐용,"편, 신랑, 여유, 짧다"
가격 대비 퀄리티 괜찮습니다 시원하고 좋아 요잉,"베이직, 핏"
다른 후기처럼 좀 비치긴 해요 여름에 입을 때 시원할 것 같고 요 길이 걱정을 했는데 엄청 짧지도 무릎 바로 위에 올 만큼 긴 기장도 아니라서 완전 만족해요,"편하다, 흰색, 라인"
여자친구랑 커플로 샀는데 너무 잘 어울리고 예뻐요,"편하다, 싸다, 원피스, 자다, 배송, 말다, 빠르다"
딱 무난한 피케 원피스에 요 저렴하게 사서 좋긴 한데 다른 분들 말대로 많이 비치긴 해요 속 치마 입어도 신경 쓰이긴 합니다만 디자인은 맘에 들어요,"편하다, 기장, 짧다"
치고 사이즈가 큰 편이에 요 저는 상비인데도 잘 맞아요,"편하다, 흰색, 라인"
핏 진짜 장난아님 편하게 입으려고 샀는데 오히려 좋아,"편하다, 싸다, 원피스, 자다, 배송, 말다, 빠르다"
올해 여름은 이 옷이랑 보냈습니다 길이도 적당하고 엄청 시원하구 땀 흡수도 잘 돼서 운동 할 때 자주 입었습니다아,"편하다, 기장, 짧다"
허리 라인이 쏙하고 들어가 있어서 지금 완전 자주 입는 데일리 템 중에 하나에 요 날씬해 보여서 다른 컬러도 사고 싶은데 품절이네요,"편하다, 이나"
길이는 조금 짧은 느낌이긴 한데 편해서 잘 입었어요,"편하다, 비치다"
사이즈 적당해요 깔끔해 보여서 좋아요 길이도 적당해요,"사이즈, 가방, 신발"
사길 잘한 것 같아 요 적당히 핏 되고 허리 부분이 확실하게 라인 잡혀서 예뻐요 길이도 딱 마음에 듭니다,"자다, 얇다, 무릎, 위"
우선 배송이 빨라서 좋았습니다 제 스팩에 사이즈가 여유 있게 맞았고 허리나 배 쪽으로 여유도 있는 쳔이어서 밥 먹어도 걱정 없겠더라구 요 재질이 얇고 가 벼워서 안입은 것 같이 시원하고 땀도 금방 마를 것 같습니다 다 만 햇빛에 나가면 엄청 비쳐 보여서 속옷에 신경 써야겠네요,"엉덩이, 원피스, 하체, xs, 상체"
진짜 말 그대로 스탠다드 그 자체 다른 색상 재구매 하고 싶어용,"피케, 크게, 원피스, 핏"
허리를 예쁘게 잡아줘서 좋았습니다 얇아서 여름에 입 기 딱인 것 같아 요 길이가 여유 있어서 좋았습니다,"속바지, 키, 비추다"
리뷰대로 딱 정핏에 날씬해 보이고 편하고 다 좋아요 근데 핏이 이 쁜 대신 뱃살 커버는 좀 어려워요,"원래, 파란색, 쫙"
키에 비해 체중이 나가는 편이고 가슴 큰 체형이라 하려다가 그래도 핏되는 게 나을 것 같아서 했어요 다른 후기들 처럼 얇아서 비치긴 하는데 드 로즈랑 입으면 속 바지 같고 좋아요 확실히 핏되는 게 이 뻐유,"다리, 허리골반라인, 피케원피스, 허리, 길이"
사진 그대로 드럽게 예뻐여 몸매 좋아 보이고 배송도 담날 바로 시작하고 세탁해도 변형 보풀 없습니다 이 가격에 이 퀄리티 미쳣 네 여 남찡구가 완전 조아합니당,"엉덩이, 날씬, 비율, 어정쩡"
예쁘고 얇아서 한 여름에 입어도 안 더워서 좋아요,"원래, 파란색, 쫙"
키가 이라서 혹시 짧을까봐 시켰는데 적당히 안 부담스러운 기장이라 맘에 들어 용,"다리, 허리골반라인, 피케원피스, 허리, 길이"
얇아서 검은색 도 다리 사이가 비치고 그러네요 군살 모양새까지 다 드러나 고 입을 때 좀 조심해야 힐거 같아 요 밝은 색 샀으면 큰일 날 뻔 랬네요 허리도 아예 라인이 잡혀 있어서 밥 먹고 힘줘 여 할 듯요,"엉덩이, 날씬, 비율, 어정쩡"
다들 구매 하세요 여름에 입 기 너무 좋아요 특히 장마철 치마라서 바지 걱정도 없어요 레인 부츠 에 신으세요,"반신반의, 피케원피스, 벗다, 불편하다, xs사이즈"
소재가 시원한 여름 소재라서 자주 입을 것 같아 요 길이가 저에게 길어서 조금 잘랐더니 훨씬 나아요,"시원, 사이즈, 비침"
우선 쿨탠다드 이름 처럼 완전 시원한 재질이고요 여름 장마철에 휘뚜루마 뚜루하게 입을 수 있어서 강추합니다,"허리, 살, 원피스"
사이즈는 적당한 데 기장이 길어서 기장은 짧게 수선했어요 핏이랑 소재 다 만족스러워용,하루만에배송
허리 리인이 들어가서 날씬해 보여요 세탁기랑 건조기까지 돌렸는데 변형도 없네요,"편하다, 사이즈, 틀다틀다, 붙다"
길이 때문에 후기 보고 고민 많이 했는데 아주 적당해요 만세해도 엉덩이가 안 보여요 재질도 시원한 재질이 고 팔 길이나 핏도 날씬해 보이는 핏이라 아주 맘에 들어요,"편하다, 듭니당, 핏"
배송 엄청 빨리 왔어요 다른 후기들처럼 다리 사이가 비치긴 한데 속 바지마 속 치마 입고 입으면 을 거 같아 요 적당히 하고 길이도 딱임,"얇다, 키도, 몸무게, 짧다"
너무 예뻐요 다리 사이 실루엣 비침이 있어서 좀 신경 쓰이지만 게의치 않고 잘 입고 다닙니다 집 앞 마실 나갈 때 그냥 쓱 입고 나가기 좋아욭,"얇다, 부담, 추천, 사이즈, 길이, 시원하다, 전체"
키가 작아서 길이 수선 했습니다 기장감 빼고는 다 마음에 들어요,"드러나다, 팔뚝, 몸매"
얇아서 더운 날에도 시원하게 잘 입을 수 있을 것 같아요,"허벅지, 옷감, 원피스, 건조기, 허리, 가디건, 세탁, pk"
사이즈 너무 좋고 가볍고 여름에 입 기 딱 좋을 거 같아 요 골프 칠 때 입을 려고 구매 했는데 시원할 거 같고 가볍고 빨리 마를 거 같아서 좋네요 키가 인데 길이도 적당하니 좋네요,"허리라인, 단품, 기장"
허리 라인 때문에 핏도 예뻐요 기장도 부담 없어요,"얇다, 부담, 추천, 사이즈, 길이, 시원하다, 전체"
길이도 그렇고 두께도 적당해서 여름에 입 기 너무 좋아요 예뻐요,"드러나다, 팔뚝, 몸매"
쿨텐다드로 후기도 매우 많은 제품이라 사이즈 고민 조금 하고 으로 결제했어요 보시다시피 사이즈도 잘 맞고 라인도 잘 잡아줘요 무엇보다 더운 느낌이 없어서 좋았고 검정 가방 흰 가방 뿐 아니라 포인트로 노랑 초록과 도 잘 어울리더라고 여 색상도 검정이라 어디에나 다 무난하게 잘 어울렸습니다 활동하기에도 너무 짧지 않아 편하고 가 벼워요,"허벅지, 옷감, 원피스, 건조기, 허리, 가디건, 세탁, pk"
원단도 피케이 원단이라 굉장히 시원하고 합니다 허리 라인도 들어가 있어서 날씬해 보이고 좋네요 강추,"허리라인, 단품, 기장"
가격도 저렴하고 시원하고 편안하게 입을 수 있어요 비치는 게 좀 그렇치만 좋아요,"퀄리티, 가격, 시원"
길이 적당하고 생각보다 많이 안 커서 좋아요 허리 라인이 들어가 있어서 핏이 괜찮네욤,"시원, 후기, 만족, 길이, 걱정"
오우 시원시원하고 이 뻐요 길이도 치고 적당해요,"여자친구, 커플"
이 뻐요 좀 짦긴 한데 덩치 큰 디 잘 맞아요 안에 속 바지 필수,"저렴, 디자인, 원피스, 비치, 피케"
나무 맘에 들어 요 소라색도 갈겨야겠어요 허리 선도 들어가 있고 쿨탠다드 닉값답게 얇고 시원해요 다만 소재가 너무 얇아서 다리 라인이 다 비쳐 여 그래도 만족합니다 예쁨요,"XS, 사이즈, 상비, 자다"
원피스는 처음인데 진짜 맘에 들어 요 근데 좀 짧긴 해요 아랫배 부각도 있긴 있어요 그래도 이 뻐요 스트레이트 체형이라면 도 전하십 쇼,"편하다, 핏"
예뻐요 입어봤을 때 비침 있어서 걱정했는데 생활하다 보면 티 안나요 사면 딱 예쁘어요,"시원, 땀흡수, 올해여름, 길이, 운동"
키 큰 편인데 길이 딱이에요 라인도 예쁘게 잡혀 있음,"나씬, 허리라인, 품절, 데일리"
길이도 적당하고 슬림핏이라 말라보여 요 넘 얆아서 다리 라이인이 비치긴 하지만 속 치마 입으면 괜찮습니 당,"길이, 편"
기존에 라코스테 슬림핏 원피스를 입고 있었고 이번에 무신 사 꺼가 길이가 좀 길어 보여서 출근룩 및 데일리룩으로 구매했습니다 출근룩으로 입기엔 간당 간당하긴 하지만 무난하니 이쁩니 당 기존에 라코스테 사이즈 입으시는 분들에게는 라인이 덜 사는 듯 합니다 그래도 가성비 대비 좋아여,"사이즈, 길이, 깔다끄다, 적당"
허리라인도 들어가 있어서 핏도 넘 예쁘고 착용 감도 너무 좋아요,"시원, 땀흡수, 올해여름, 길이, 운동"
배송도 빠르고 기본템으로 좋아요 편하게 잘 입을 거 같아 요 라인이 있어서 해 보이지 않아서 좋아요,"나씬, 허리라인, 품절, 데일리"
허리 라인이 들어가고 길이도 적당하게 무릎 위류 옵니다 처음엔 좀 짧나 싶었는데 막상 입으니 적당해요 깔별로 샀어요 후회 없습니다,"길이, 편"
최근 스파오에서 같은 디자인 원피스 샀는데 같은 사이즈인데 이 옷이 조금 더 여유 있어서 배에 힘이 덜 들어가요 개인적으로 무신사에 한 표요,"사이즈, 길이, 깔다끄다, 적당"
상품 질이 가격대에 비해 더 좋아 보여 요 핏도 괜찮아서 잘 입고 다닐 것 같아 요 추천 추천,"허리, xs, 길이, 핏"
딱 기 본 원피스 느낌이고 비침은 있지만 얇아서 덥진 않을 거 같아요,"허리, 재질, 스팩, 배송, 햇빛"
핏도 소재도 좋고 가격도 착하고 여러 모로 만족스러운 제품입니다,"재다, 색상, 스탠다드"
비치는 것만 빼면 괜찮을 것 같아 요 그거 빼면 시원하고 핏도 괜찮아요,"여름, 얇다, 허리, 길이"
블랙 색상인데도 불구하고 살짝 비침이 있긴 한데 핏이 마음에 들어용,"핏, 편, 커버, 뱃살, 정핏"
밑부분이 많이 비치긴 합니 더 하지만 시원한 소재이고 입기도 편해요 그치만 너무 비쳐서 손이 잘 안가요,"체중, 핏, 비치, 가슴, 드로즈"
사이즈도 맞는데 너무 딱 맞아서 활동하기 불편한 거 같아 으로 교환해서 입었더니 활동하기 편하고 길이도 적당해서 올해 여름 동안 잘 입고 다녔어요 비침이 있어서 반바지 필수 고 반바지 입어도 골반쪽이 불 펴하지 않았습니다,"변형, 남찡구, 퀄리티, 가격, 조아하다, 사진, 드럽다, 배송, 몸매"
신축성도 좋고 한 느낌도 아니에 용 봄 가을에도 가디건 같이 해서 입기 좋을 재질,"얇다, 덥다, 한여름"
원피스을 처음 도 전했는데 너무 잘 어울려서 좋았어요 여름에 입 기 딱 좋아요,"L, 키, 기장"
길이가 거어 업나 길어요 수선 하고 입으면 이쁠거같네요,"변형, 남찡구, 퀄리티, 가격, 조아하다, 사진, 드럽다, 배송, 몸매"
차콜샀다가 너무 핏이 맘에 들어서 블랙도 샀어요 정 사이즈 핏이라서 너무 맘에 들고 옷 자체가 쿨탠다드로 나와서 좀 얇은 편이 긴 해요,"얇다, 덥다, 한여름"
사고 싶엇지만 없어서 걍 샀는데 첫 번째 사진이 최대한 내린 길이고 두 번째 사진이 약간 자연스럽게 살짝 올라간 길이에 요 짧은 거 안 좋아해서 길이는 마음에 드는데 이라 좀 작아서 뒤에서 보면 엉덩이가 부각되고 첫 번째 사진처럼 엉덩이 옆 살 골반쪽 살이 부각됩니다 그래도 약간 올려 입으면 티가 덜 나서 그냥 입으려구요,"L, 키, 기장"
진짜 너무너무너무 예쁘고 맘에 들어 요 편하게 잘 입고 다닐 수 있을 것 같아요,"검은색, 얇다, 다리, 드러나다, 밥먹다, 모양새, 큰일날뻔, 힘주다, 밝다색, 그렇다군살, 허리, 아예, 조심하다힐거, 비치, 라인, 잡히다"
키 작은 편이라 길이가 길지 않을까 싶었는데 짧은 걸 싫어하는 편이라 길이 딱 맘에 들어용,"여름, 레인부츠, 장마철"
제 키 기준 기장이 길어서 한 번 수선이 필요해요 비침은 많이 없지만 허벅지 위쪽이 살짝 보이는 수준인데 속 바지 입으면 별로 티 안 나요 그 외에는 깔끔하고 편해서 평소에 잘 입고 다녀요,"소재, 길이, 여름소재"
제 키에는 길이가 조금 긴 편이라 수선하고 입을 것 같아 요 피케 원피스 치고는 얇은 원단이라 여름에도 입기 좋을 것 같아요,"장마철, 여름, 강추, 재질, 휘뚜루마뚜루"
원단 얇고 시원한 재질이라서 더운 여름에 딱이에요 핏도 날씬해 보이고 편하기까지 해서 너무 맘에 들어 요 다른 색깔도 살까 봐요,"사이즈, 소재, 기장, 핏"
예쁜데 많이 비쳐 요 기장이랑 핏은 좋아요 앞으로 다른 색도 살 거 예요,"허리, 변형, 세탁기, 건조기"
여름에 입 기 딱 좋아요길이 감도 좋구 재질도 맘에 들어요,"후기, 재질, 핏, 길이, 팔"
길이가 조금 길어서 수정했어요 허리선 알아서 들어가서 넘 예쁘 네용,"다리, 속, 넉넉하다, 적당하다, 빨리, 길이, 배송, 비치, 바지"
예뻐요 기 장 딱이고 라인 잘 잡아줘서 만족합니다,"의치, 쓱, 신경쓰이다, 실루엣"
예뻐요 핏이 완전 여리여리해요 원래 깔별로 잘 안사는 데 이건 파란색도 삼,"키, 기장감, 길이"
완전 이 뻐요 비침은 약간 있어서 속 바지 필수에요,"다리, 속, 넉넉하다, 적당하다, 빨리, 길이, 배송, 비치, 바지"
길이도 품도 딱이네요 허리만 조금 여유 있어 부담스럽지 않아 좋아요 이 가격에 재질도 부드럽고 얇은 편이라 완젼 만족합니다,"의치, 쓱, 신경쓰이다, 실루엣"
골프웨어 같으면서도 예쁜 원피스 같은 느낌 여리 여리하지 않아서 호불호 갈릴 수도 갠적으로 짧지 않아서 만족,"키, 기장감, 길이"
핏도 길이 감도 다 좋은데 얇아서 그런지 조금 비치네요 검은색이라 안심했는데 다리 쪽이 비쳐서 실루엣이 보입니다 그거 말고는 다 좋아요 깔끔해용,"얇다, 자다수, 시원하다, 덥다날"
젤 큰 거 제꺼 입혀보고 다시 스몰로 구입했네요 이 뻐요,"여름, 적당하다, 사이즈, 빨리, 길이, 마르다, 시원하다, 가볍다"
기대만큼 예쁘지는 않은데 그래도 편하게 잘 입을 거 같아요,"허리라인, 기장, 핏"
옷 진짜 너무 예뻐요 여름 원피스는 처음 사는 건데 처음부터 넘 맘에 들어서 기분이 좋네요 허리도 잘 잡아줘서 자주 입을 거 같아요,"두께, 여름, 길이"
다른 분들 말대로 비침 있어요 브이넥 피케 원피스보다는 기장은 길어요 키 크 신 분들한테 괜찮은 사이즈입니다 훨씬 타이트하기도 하구요 속바지 챙겨 입으세요,"희다, 초록, 검정, 활동, 노랑, 사이즈, 편, 가방, 라인, 가볍다"
시원한 한 소재예요 기장도 적당하고 허리선이 들어가서 가슴이 있으신 분들도 부해 보이지 않고 좋습니다,"원단, 시원, 촘촘, 강추, 피케, 날씬, 허리라인"
입고 깜짝 놀랐어요 기장도 적당하고 허리 라인을 살짝 잡아줘서 진짜 날씬해 보여요 모두 구매 하시는 것을 추천합니다,"시원, 가격, 편안, 비치"
키에도 짧지 않고 사이즈도 편하게 잘 맞아요,"길이, 허리라인, 핏"
걸을 때 살에 좀 붙어서 말려 올라가는 경향이 있어요 조심스럽긴 하지만 크게 불편할 정도는 아닙니다 가성비 좋다고 생각해요,"시원, 길이, 적당"
예뻐용 검은색이라 먼지 붙는 거 신경 쓰이지만 남자친구도 예쁘대요,"속바지, 덩치"
굿 핏 예뻐요 없는 허리 만들어 줌 예뻐용 굿베리짱,"허리선, 얇다, 비치다, 소재, 다리라인, 닉값답, 소라색, 시원하다, 만족하다"
어깨 좁은 편인데 딱 맞고 허리를 잡아줘서 핏도 예쁘게 나옵니다 어깨가 넓으시거나 골반이 크 신 분들은 마르셨더라도 는 조금 더 고려해보셔야 할 것 같아요,"길이, 허리라인, 핏"
옷이 좀 해 보여서 벨트도 하나 주문했습니 당 같이 하면 예쁠 것 같아서 오기만을 기다리고 있네요 옆 모습이 좀 원래 체격보다 커 보여서 그게 좀 아쉬워요 벨트 오면 해결되겠죠 근데 원피스 자체가 깔끔한 스타일이고 개인적으로 짧은 건 못 입겠어서 길이 감도 좋네요 잘 입을 것 같습니다,"시원, 길이, 적당"
허리선 적당히 있어서 몸 선 예뻐 보여 요 얇긴 얇아서 실 내에 조명 있으면 비쳐 요 길이는 신경 안 쓰일 정도로 적당히 길어서 좋아요 저한텐 어깨랑 팔 가슴이 딱 맞았어요,"속바지, 덩치"
저렴한 가격에 좋은 옷 구매했습니다 한 여름에 입을 수 있을 만큼 얇네요,"허리선, 얇다, 비치다, 소재, 다리라인, 닉값답, 소라색, 시원하다, 만족하다"
인쇼에서 파는 피케 원피스는 허리 끈이 있고 깔끔하지 못한 느낌 이어서 구매하지 않았는데 무신사 피케 원피스 너무 깔끔하고 마음에 들어 요 허리도 적당히 들어가 있어서 라인 예뻐보입니다 그리고 길이가 짧아서 불편한 정 아니고 보기에 딱 좋은데 워낙 치마를 잘 입지 않는 저로서는 허리를 숙이거나 앉을 때 조금 신경 쓰일 것 같았어요 너무 예쁜 피케 원피스 겟해서  기분 좋습니다,"아랫배, pk원피스, 스트레이트체형"
네이비 컬러 주문 하고 마음에 들어서 블랙 컬러 추가 주문 했습니다 여름에 아주 시원하고 편하게 잘 입을 수 있을 것 같아요,"XS, 비침, 티안나"
예뻐요 전에 사이즈 고민하다 품절돼서 재입고만 기다리고 있다가 바로 샀는데 마음에 들어 요 샀으면 핏 어 정쩡할 뻔 했네요 입을 때 어깨 쪽이 낑겨서 좀 힘든데 입고 나면 어깨가 불편하거나 하지는 않아서 괜찮아요 어깨 좀 넓은 편이 신 분들은 편하게 입으시려면 사는 게 좋을 것 같아 요 길이 너무 짧지도 길지도 않아서 좋아요 소재가 엄청 얇아서 다 비치니까 속옷  조심해서 입거나 속 치마나 속 바지 입는 게 좋을 것 같네요 배 조금만 나와도 다 보이는 소재라 힘 꽉 주고 있어야 해요,"라인, 키, 길이"
그간 무신사에서 정말 많이 샀지만 가격 상관 없이 가장 만족스러워요 다만 다리 쪽 비침이 있으니 이너 등으로 입어주세요,"다리, 길이, 속치마, 슬림핏"
입으면 기지개도 못 켭니다 마네킹 마냥 차렷하고 걸어다녀야 함 천 얇아서 다리 갈라지는 거 다 보임 심하게 얇 음 아무리 그래도 진짜 너무 얇 다 원가 얼마나 아낀다고,"데일리룩, 원피스, 라코스테, 슬림핏, 출근룩, 물다, 가성비, 라코스테사이즈"
블랙이긴 한데 햇빛에 비추면 약간 네이비 같기도 해 여 비침은 약간 있더라구 요 심하지 않아서 괜찮고 길이도 적당하고 허리 부분이 약간 들어가 있어서 라인도 이 쁘네영,"허리라인, 착용, 핏"
길이 적당하고 잘 맞긴 한데 얇아서 다리가 다 비쳐요,"편하다, 뚱뚱, 기본, 배송, 라인"
사려다가 사이즈 샀는데 샀으면 쫄 원피스 될 뻔 했어요 라지샀으면 더 편하게 입을 수 있을 것 같아용,"적당, 적당하다, 길이, 무릎위류, 깔별, 허리라인, 후회"
세일 기간에 저렴해서 구매했는데 생각보다 길이가 애매해서 입지는 못했어요 내년을 기 약해봅니다,"편하다, 이나"
핏이 예술입니다 블랙샀다가 입어보고 넘 편하고 시원해서 네이비 그린 하나씩 더 샀어요 맘에 듭니다 참고로 블랙은 네이비 그린은 핏이랑 어깨 등 가 더 예뻐요,"편하다, 뚱뚱, 기본, 배송, 라인"
첫 구매인데 포장도 하고 깨끗해요 무엇보다 디자인이 깔끔하고 예쁘네요 살짝 생각보다 기장이 긴데 그래도 사진과 같이 예뻐요,"적당, 적당하다, 길이, 무릎위류, 깔별, 허리라인, 후회"
다른 피케 보다 길어서 휘뚤마뚤 진 녹색샀다가 검정도 샀어요 편하게 막 입 기 딱 좋아요,"편하다, 이나"
인데 길이가 딱 예쁘게 짧아서 좋아요 아주 맘에 들어요,"물다, 원피스, 스파오"
허리도 적당히 잘 잡아주고 얇아서 여름에도 무난하게 입 기 좋아요 기장감은 좀 길어서 수선해 입는 것도 추천합니다,"추천, 질, 가격대, 핏"
살이 있는 편인데도 내 옷을 입으면 날씬해 보인다는 소리를 많이 들었습니다,"비침, 덥다, 원피스"
딱 맞을까봐 걱정했는데 라인은 예쁘게 잡히고 배나 엉덩이 커버도 너무 잘 됩니다 너무 만족해요 사이즈도 딱이 고 편해서 데일리로 입 기 좋습니다,"소재, 만족, 가격, 핏"
허리 핏도 잡아주고 길이도 적당해서 만족합니다,"시원, 비치, 핏"
핏은 좋은데 얇아서 좀 비쳐 요 그래도 가볍고 좋습니다,"비침, 블랙색상, 핏"
너무 타이트 하지도 않고 여유 있어서 좋았어요 저랑 키 몸무게 비슷하신 분들은 가면 좋을 것 같아요,"편하다, 비치다, 밑부분, 손, 비치, 시원하다"
길이가 그리 짧지 않아서 좋고 몸매 커버해주고 기준 딱 길이 좋음,"S사이즈, 활동, 길이, M, 반바지"
저한테 살짝 긴 느낌이에요 로 사면 좋을 것 같아요,"가을, 빳빳, 재질, 봄, 가디건, 신축성"
재질 얇고 딱 맞는데도 필요한 각은 들어 있으면서 허리는 들어가고 핏이 괜찮아요 어깨가 둥글어서인지 뭔가 듬직해 보이고 옷 입으면 좀 해 보이는 체형인데 보완이 되는 듯해서 좋습니다,"여름, 원피스"
얇아서 여름에 입 기 시원 할 듯 허리가 잘록하게 들어 가 있어서 핏되는 게 예쁩니다,"S사이즈, 활동, 길이, M, 반바지"
후기처럼 진짜 얇은 소재 구 기준 무릎 위까지 와서 무난하게 입기 좋습니다,"가을, 빳빳, 재질, 봄, 가디건, 신축성"
여성스럽고 예뻐요 옷은 슬림해요 라인이 예뻐요,"여름, 원피스"
길이가 많이 짧지 않아서 좋고 허리가 잘록해 보이고 몸매가 예뻐 보여 요 강 추강추,"수선, 길이"
얇긴 하지만 그래도 그만큼 시원해서 좋아용 그리고 무엇보다 몸매를 좀 예쁘게 만들어줍니다 굿,"정사이즈, 핏, 차콜, 블랙"
다른 후기들처럼 생각보다 얇아 요 그래도 편하게 입을 수 있어서 좋답니다,"엉덩이, 살, xs, 길이, 부각"
시원한 재질감으로 여름에 입 기 딱 좋습니다 기장감은 기준 허벅지 중간 정도 오네요 너무 짧지도 길지도 않습니다 허리를 적절히 잡아 주어 몸매 보정 효과가 있습니다,"편하다, 수, 자다"
너무 얇아서 안에 입는 거 신경 써야 할 거 같아 요 할인하길래 구매해봤는데 손이 많이 갈 거 같지는 않아요,"키, 길이"
가볍고 얇아서 여름에 입 기 좋았어요 인데도 생각보다 많이 안 짧아서 활동 시에 편했구요 그치만 앉으면 조금 짧아서 조심하셔야 합니다 저랑 키랑 몸무게 비슷하시면 적당하고 좀 더 핏하고 짧은 걸 원하시면 하셔도 될 듯 합니다 저는 딱 뱃살 커버도 되고 키도 있어서 이 좋았어요,"수선, 허벅지, 평소, 속바지, 기장"
선물용으로 샀는데 옷도 이 쁘고 재질도 좋습니다,"원단, 수선, 길이, 여름"
잘 맞아요 동생 선물해줬는데 좋아해서 다른 것도 사러 구여,"원단, 편하다, 재질, 핏, 시원하다"
착한 가격에 너무 이쁜 옷이예요 원단도 짱 좋아요,"살, 핏, 앞, 기장이랑, 색도, 많이비치다, 예요"
조금 꽉 끼는 감이 있는데 그래도 허리 라인 잡히고 하니까 예쁘네요 날씬해 보이고 근데 다리 쪽이 넘 비쳐서 속 치마 필수일 듯 하네요,"여름, 재질, 길이감"
매우 편하게 잘 입을 것 같습니다 잘 입어보겠습니다,"원단, 편하다, 재질, 핏, 시원하다"
사이즈도 맞고 너무 예쁘네요 길이가 짧지도 않고 예뻐요 배송도 하루 만에 왔어요 중학생이라 결혼식 때 입으려고 주문했는데 퀄리티도 좋고 너무 괜찮아요,"살, 핏, 앞, 기장이랑, 색도, 많이비치다, 예요"
너무 짧지 않고 딱 좋아요 허리 라인도 잘 들어가서 몸매 좋아 보임,"여름, 재질, 길이감"
예쁘고 여기저기 입기 좋아 재 구매 했습니다 편해요,"허리선, 길이"
너무 이 뻐요 시원하기도 하고 핏도 예쁘고 가성비까지,"허리선, 길이"
블랙 색상이라 비치지 않고 라인도 예뻐요 사이즈도 잘 맞아요,"딱이다, 라인, 만족하다, 잡다, 기장"
무신사 양말과 반스 단화랑 조합해 봄 잘 어울려서 만족,"여리다여리다, 파란색, 깔별, 핏"
다이어트하고 입으려고 샀어용 예쁜데 속 치마 잘 입어야 해여,"속바지, 비침, 필수"
원피스라서 위 아래 매치할 필요도 없고 걍 입을 거 없다 싶으면 입게 되는 옷이에요 핏은 진짜 개완벽한데 바람 불면 뱃살 보입니다,"허리, 재질, 얇다편, 길이, 부드럽다, 품, 만족하다"
너무 휘뚜루마 뚜루 잘 입는 템이 될 것 같아 요 몸매 보정도 정말 잘해주고 예뻐 보여요 그래서 꾸안 꾸일 때 자주 입을 것 같네요 너무 맘에 들어요,"호불호, 원피스, 짧다, 골프웨어, 여리다"
옷감이 좀 얇아서 입기가 망설여 집니다 집에서 입던 지 해야겠어요,"얇다, 실루엣, 핏, 길이감, 깔끔하다"
배송 빠르고 물건 좋습니다 실물이 훨 좋아요 색감도 좋구요,"꺼, 스몰, 젤크다"
요즘 자주 입어요 꾸안 꾸 느낌으로 예쁨 근데 얇아서 속 바지 꼭 입어야 합니다,"편하다, 기대"
편하게 입 기 좋고 얇아서 딱 입기 좋아요 살짝 비치는데 속 바지 입으면 괜찮아요 이라 쪼금 짧았어요,"얇다, 실루엣, 핏, 길이감, 깔끔하다"
시원한 재질에 피케 원피스 딱 정석입니다 비침이 살짝 있지만 신경 쓰 일 정도는 아닙니다 추천합니다,"꺼, 스몰, 젤크다"
여자친구 선물해줬는 대 이쁘게 잘 입고 다녀 요 시원하고 좋아요,"편하다, 기대"
다른 원피스는 기 장 때문에 구매를 못했는데 이건 속 바지 입고 입으면 괜찮더라고요,"허리, 여름원피스"
얇고 시원하고 신축성 좋아요 재 구매하러 왔다 후기 남겨요 편하고 좋아요 세탁 변형도 없어요,"타이트, 비침, 피케, 키크다신분, 속바지"
이렇게 깔끔하고 그냥 하나만 입어도 딱 좋은데 저렴하기까지 하고 모든 게 만족스럽네 용 왜 후기가 많은 지 알 것 같아요,"허리선, 빳빳, 소재, 부, 가슴, 시원하다, 기장"
갑자기 피케 원피스가 사고 싶어서 들어와 봤더니 아니나 다를까 핫한 아이템이 있어 열심히 훑보던 중 후기에 저처럼 키 큰 언니야들의 찐 후기 보고 바로 구매했습니 당 키 인데 사이즈 길이 감 보세요 역시나 쉐잎 딱 좋구요 디자인이 군기 없이 깔끔하네요 여름옷이라 재질도 얇고 시 원합니 당 다른 컬러로 또 살까 봐요,"날씬, 허리라인, 기장"
할인하길래 저렴한 가격으로 구매했어요 원단이 얇아서 시원해요,"편하다, 사이즈"
핏도 너무 예쁘고 시원한 소재로 만들어져서 입고 다니면서 땀 흘러도 괜찮은 옷이에요 휘뚜루마 뚜루 편하게 입고 다니기 딱 좋아요,"아니다, 살, 경향, 말리다, 걸, 불편하다, 올라가다, 가성비, 조심스럽다, 붙다, 크게"
엄청 편하고 좋아요 사이즈 정 사이즈 고 배송 빨리요,"검은색, 남자친구, 먼지"
검은색 기본 원피스 너무 너무 추천합니다 우선 배송도 빠르고 옷도 얇아서 여름에 시원하게 잘 입을 수 있을 것 같아 요 허리 라인을 예쁘게 잡아줘서 몸매도 예뻐 보이는 것 같아 요 까만색이라 가방이나 신발로 포인트 주면 더 예쁘게 입을 수 있어요 정말 추천합니다앙,"줌, 만들다, 허리, 굿베리짱, 핏, 굿, 없다"
레드 예전에 구매했다가 재구매 했어요 휘뚤마툴 입기 좋아용,"허리, 골반, 어깨, 핏"
후리해 보이지도 않고 여름에 가볍게 잘 입을 것 같아요,"벨트, 옆모습, 길이감, 원피스"
저렴한 가격에 여름 교복 구입했어요 가볍고 아무 때나 잘 입을 수 있을 것 같아 여,"허리선, 어깨팔가슴, 몸선, 실내조명, 길이"
착한 가격에 깔끔하고 길이도 적당해서 다른 색 재구매 하려 구여,"줌, 만들다, 허리, 굿베리짱, 핏, 굿, 없다"
와 시원하고 편해요 소재도 좋아요 고급스러워요 나이가 있어서 라지 사이즈 여유롭게 입으려고 샀어요 아무래도 짧아서 앉을 때 조심해야 되겠어요,"허리, 골반, 어깨, 핏"
얇아서 좀 많이 비치긴 하는데 핏이랑 길이 다 마음에 들어요,"벨트, 옆모습, 길이감, 원피스"
길이도 적당하고 편하게 잘 입을 수 있을 것 같아요,"허리선, 어깨팔가슴, 몸선, 실내조명, 길이"
옷이 가볍고 시원해요 길이도 너무 짧지 않고 적당하구요 허리 라인이 살짝 들어가서 핏도 이 쁘네요 배송도 빠릅니다,"가격, 얇다, 한여름, 저렴하다"
허리 라인이 살짝 들어가 있어 이 쁘고 옷도 가볍고 좋아요 잘 입어질 것 같아요,"원피스, 허리, 길이, 피케, 깔다끄다"
옷이 가볍고 시 원합니다 길이도 너무 짧지 않아 부담스럽지 않고 허리 라인이 살짝 들어가 있어 핏도 이 쁘게 잡히네요,"편하다, 시원, 여름, 블랙컬러, 네이비컬러"
가볍고 시원해서 손이 잘 갑니다 가격도 착해서 부담 없이 막 입을 수 있어요 여름엔 요녀석입니다 추천해요,"배, 품절, 속옷, 소재, 재, 조심하다, 힘, 사이즈, 길이, 비치, 불편하다, 보이다, 속치마, 속바지, 주다, 꽉, 어깨, 어깨쪽"
피케 원피스로 가장 무난합니다 여름에 입을 수 았는 두께라서 비침이 있습니다,"다리, 만족, 가격, 비침, 물다"
길이는 허벅지 중간쯤까지 오는 것 같아 요 기본 원피스에 충실한 디자인입니다,"다리, 얇다, 기지개, 마네킹, 원가"
기대 없이 샀는데 편하고 좋아요 다리 사이는 좀 비쳐서 속 치마 입으면 딱입니당,"비침, 허리, 블랙, 길이, 네이비"
핫걸로 만들어줘서 너무 만족했어요 감사 합 미당,"다리, 얇다, 길이, 적당"
예쁩니다 가볍고 시원해서 여름에 입 기 짤 떡이에 요 대신 골반 있는 분들은 붙는 거 감안하시고 사세요 밥 많이 먹으려고 사이즈도 추가 구매 하렵니당,"쫄원피스, s사이즈, 라지"
면이 막 한 면은 아니고 얇고 땀이 좀 잘 마르는 재질이에 요 일자로 툭 덜어지는 게 아니라 허리를 좀 잡아주는 잘록핏이라 날씬해 보이고 좋네요 요즘 살도 좀 찌 고 작지 않을까 걱정했는데 찰랑하고 라인도 잡아줘서 이번 여름 예쁘게 입고 있습니다,"저렴, 입지, 길이, 내년, 세일기간"
심플하고 깔끔합니다 편하고 얇아서 여름에 입 기 좋을 것 같습니다 속 바지는 입고 입는 것을 추천합니다 핏이 좋아요,"다리, 얇다, 기지개, 마네킹, 원가"
심플하고 이 뻐요 편하고 얇아서 여름에 입 기 좋을 것 같습니다 속 바지는 입고 입어야 할 것 같아 요 추천합니다,"비침, 허리, 블랙, 길이, 네이비"
편하고 이 뻐요 다만 후기에 나온 것처럼 비침 현상은 좀 있네요 이것만 신경 쓴다면 여름에 입 기 좋을 것 같아 요 추천합니다,"다리, 얇다, 길이, 적당"
길이가 애매하게 길어요 그리고 다리 사이가 다 비쳐서 신경 쓰이더라구요,"쫄원피스, s사이즈, 라지"
허리 라인이 들어가 있어서 좋아요 다행히도 많이 짧지 않네요,"저렴, 입지, 길이, 내년, 세일기간"
허리가 라인이 들어가서 부해 보이지 않고 예쁩니다 부담스럽게 달라붙는 옷은 아니고 한데 라인이 들어가 있는 옷입니다 다 만 생각보다 많이 비춥니다 저는 속 치마를 따로 입긴 했는데 안 입으면 하체 라인이 그대로 비춥니다 치마 기장도 생각보다 길었지만 부담스럽지 않고 좋습니다 한 사이즈 작은 거 사도 괜찮았을 거 같아요,"s, 블랙, 그린, 핏, 네이비"
일단 예뻐요 샀더니 안 붙고 시원하네요 핏도 만족해요 다른 색깔도 구매하고 싶어용,"기장, 첫, 포장, 디자인"
얇고 이 뻐요 다른 색도 쟁이려 구요 여름에 딱인 원피스입니당,"편하다, 검정, 피케, 진녹색, 휘뚤마뚤, 막"
길이도 엄청 짧지 않고 적당히 입을 수 있어서 추천합니다,"길이, 짧다"
허리라인 예쁘게 잡혀 있어서 핏 예뻐요 길이는 조금 수선하면 더 예쁠거 같아요,"여름, 얇다, 허리, 기장감"
딱 한단만 짧으면 완벽했을 거 같아 요 수선해서 입으려구요,"날씬, 살, 내"
확실히 얇고 시원해서 편해요 무난하고 귀여운 디자인이라서 가볍게 입 기 좋습니 당 근데 얇아서 다리 라인 비침이 좀 있고 속옷 라인이 생각보다 잘 보입니다 그거 빼고는 진짜 편하게 잘 입고 있어요 요즘 애용템이에요,"배, 엉덩이, 편하다, 딱이다, 데일리, 사이즈, 라인, 커버"
옷 자체에 라인이 들어가 있어서 입었을 때 핏이 예뻐요 무엇보다 하고 더운 소재 아니고 얇고 후들 후들해서 좋아요 다만 얇아서 좀 비칩니다,"허리, 길이, 핏"
너무 이 쁘고 핏도 만족스러워요 배송은 정말 빨라요,"가볍다, 얇다, 핏"
무신사 스탠다드 오프라인 매장에 사 보고 예뻐서 구먀했습니다 휘뚤마뚤 잘 입어요,"타이트, 여유, S"
생각보다 하서 편하게 입기 좋아요 핏도 예쁘구 굿,"날씬, 살, 내"
좋아요 다들 타이트하게 입으시는 걸 좋아하시나 보네요 저는 사이즈 해도 딱 맞아요 살짝 길긴 한데 그래도 허리나 핏이 저에겐 딱 맞네요 늘씬해 보이네 유 아유 좋타 다른 색상 나오면 또 사고 싶네용,"배, 엉덩이, 편하다, 딱이다, 데일리, 사이즈, 라인, 커버"
디자인이 예뻐요 옷이 얇으니까 이너 신경 써서 입어야 합니다,"허리, 길이, 핏"
제스펙 정도 되면 엠사이즈 이상으로 사길 바랍니다,"가볍다, 얇다, 핏"
입으니까 너무 깔끔하고 이 뻐요 기장은 좀 길지만 키로 이상은 엠사이즈 이상으로,"타이트, 여유, S"
배송도 빠르고 가성비 최고네요 디자인도 이쁘고 날씬해 보이네요,"길이, 커버, 몸매"
원단이 앏아서 여름에 시원하게 입기 좋을 것 같아요,xs
얇아서 여름에 입 기 좋을 것 같아요 다리 쪽 비침 있어요,"보완, 얇다, 체형인데, 필요하다, 툼툼, 허리, 재질, 핏, 뭔가, 듬직하다보이, 둥글다인지, 들어가다, 되다, 어깨"
허리가 라인이 들어가서 부해 보이지 않고 예쁩니다 다 만 생각보다 많이 비춥니다 저는 속 치마를 따로 입긴 했는데 안 입으면 하체 라인이 그대로 비춥니다 치마 기장도 생각보다 길었지만 부담스럽지 않고 좋습니다,"얇다, 시원, 핏되, 잘록하다, 여름, 허리, 가다"
얇고 허리 라인 살짝 들어가 있어서 어해 보이지 않길래 여름 교복으로 잘 입구 있습니다,"후기, 얇다, 무릎, 소재"
심플하고 덥지 않고 날씬해 보이는 원피스 맘에 들어요,"슬림해, 라인, 여성스럽다"
질이 좋고 싸고 좋은 가격에 구매했습니다 세일 할 때 잘 산 것 같아요,"길이, 허리, 몸매"
여친 선물로 사 줌 타이트한 핏인 옷은 아니나 배나 옆구리에 군살이 있으면 입 기 힘들긴 해요 딱 하나 단점은 여름 옷이고 얅다 보니 허벅지가 얇으신 여성분이라면 햇빛이 강한 낮일 경우 옷의 면 사이로 다리 가랑이 보일 수 있습니다 속 치마나 속바지 입으시길,"시원, 얇다, 굿, 몸매"
재질이 엄청 얆 고 시원해 요 허리가 잡혀 있어서 통자 허리인데도 라인 예뻐 보여 요 굿 길이는 좀 수선해야 겟어요 조금 긺,"편하다, 후기"
단정해서 마음에 들어 요 가격도 저렴하고 좋습니다 나중에 좋은 원단으로 조금 더 비싸게 나와도 좋을 것 같아요,"허벅지, 재질감, 여름, 허리, 몸매보정, 시원하다, 기장감"
사이즈가 해서 평소 편안하게 입을 수 있어요 가격도 저렴하고 단정한 느낌이라 마음에 듭니다,"슬림해, 라인, 여성스럽다"
인데 엉덩이 다 가리고 편하게 맞는 기장이에요 너무 좋아여,"길이, 허리, 몸매"
편하게 휘뚜루마 뚜루 입고 다닐 수 있어 좋습니다 진짜 얇아서 시원해요,"시원, 얇다, 굿, 몸매"
핏이 이 뻐서 샀어요 여름에 편하게 입고 다니기 좋고 가격도 저렴해요,"편하다, 후기"
길이가 쪼꼼 긴 편이지만 진짜 너무 맘에 들어 요 다른 색상도 다 쟁이고 싶을 정도 근디 얇아서 실루엣 좀 비치긴 하지만 속 바지 입으면 대영,"허벅지, 재질감, 여름, 허리, 몸매보정, 시원하다, 기장감"
소재가 시원하고 얇아서 여름에 입고 다니기 딱이네요 제키에 길이도 적당해서 자주 입는 중이에요,"얇다, 해봤다, 할인, 손많이갈다, 신경써다"
시원하고 여름에 입 기 딱 좋네요 길이도 적당하고 예뻐요,"편하다, 활동시, 앉다, 그치다, 핏하고, 키, s, 적당하다, 몸무게, 키도, 여름, 많이, 짧다, 가볍다, 되다, 커버, 뱃살, 얇다, m, 조심하다야하다, 원하다"
생각보다 많이 길고 합니다 허리 쪽이 살짝 들어가는 게 핏이 정말 예쁩니다 마감이 아주 완벽하진 않지만 가격이 가격인 만큼 만족스럽습니다,"재질, 선물"
생각보다 많이 길고 합니다 허리 쪽이 살짝 들어가는 게 핏이 정말 예쁩니다,"동생, 선물"
사이즈 잘 맞고 허리 라인이 들어가서 이 뻐요 배송 빨라요 비침이 약간 있지만 깔끔해서 자주 입게 될 것 같아요,"착하다가격, 짱, 원단"
비침이 있다고 해서 고민했는데 재질이 엄청 시원한 기능성 원단 같아서 맘에 듭니다 안에 속 바지 입으면 돼 여 입으면 더 예뻐요 찐 블랙입니다,"비치다, 다리쪽, 날씬, 꽉, 허리라인"
사진이 좀 짤리네요 비침이 있다고 해서 고민했는데 재질이 엄청 시원한 기능성 원단 같아서 맘에 듭니다 입으면 더 예뻐요 찐 블랙입니다,"편하다, 입어보다"
따봉 무신사야 고맙다 다음에 색깔별로 구매해야지 사이즈 하게 만들어줘서 고맙다,"중학생, 퀄리티, 사이즈, 길이, 배송"
개가성비템 여름에 이것만 입은 문제 없어요 핏도 소재도 기장도 다 너무 만족합니다 다른 색도 지름,"몸매, 허리라인, 짧다"
어깨가 넓은 편이라 걱정했는데 예쁘게 맞아요 화면과 색상 형태 동일하고 얇지만 비침이나 구김이 없어서 좋아요 기장이 생각보다 깁니다,"편하다, 입어보다"
매장에서 입어보고 앱으로 구매했어요 편하게 입으려고 사이즈업했는데도 라인이 들어가서 예뻐요 다른 원피스는 너무 짧아서 신경 쓰이는데 기장감도 아주 좋아요 다만 얇아서 밝은 컬러는 비침 있을 거 같아 요 블랙은 괜찮았습니다,"편하다, 여기저기, 재다"
한 원피스에 스트라이프 숄 두르고 입으려고 코디해봤어요,"비치다, 다리쪽, 날씬, 꽉, 허리라인"
편하게 입기 좋고 꾸안꾸로 딱 좋은 원피스 같아요,"편하다, 입어보다"
얇아서 시원하고 편해요 많이 하지고 않고 좋아요,"중학생, 퀄리티, 사이즈, 길이, 배송"
얇고 시원하고 아주 아주 만족합니다 저렴하게 잘 샀어유,"몸매, 허리라인, 짧다"
시원하고 좋아요 매장에서 직접 입어 보고 어플이 훨씬 저렴해서 구매했어요,"편하다, 입어보다"
고민하다가 샀는데 진작 살 껄 통이 하디망 라인이 잡혀 있어 군살은 안 보이고 아주 날씬해 보여 요 보는 분들마다 말랐다며 원단도 많이 두꺼운 편이 아니라 여름에 입 기 괜찮고 땀이나도 크게 티가 나지 않아 땀쟁이도 입기 좋네요,"편하다, 여기저기, 재다"
고민하다가 샀는데 진작 살 껄 통이 하디망 라인이 잡혀 있어 군살은 안 보이고 아주 날씬해 보여 요 보는 분들마다 말랐다며 원단도 많이 두꺼운 편이 아니라 여름에 입 기 괜찮고 땀이나도 크게 티가 나지 않아 땀쟁이도 입기 좋네요 색깔도 정석 블랙이라 좋아요,"시원, 가성비, 핏"
리뷰에도 나와 있듯이 소재가 시원한 대신 안이 훤히 다 비춰 요 안에 슬립 입고 입어야 할 것 같아 요 시원한 재질이 긴 합니다 막 짧은 편은 아닌 것 같아요,"시원, 가성비, 핏"
여름에 입 기 좋을 거 같고 가볍게 입 기 좋아요 사이즈 도 나왔으면 좋겠어요,"사이즈, 블랙색상, 라인"
사이즈 적당하고 재질이 좋아서 편하게 잘 입고 다녀요,"만족, 무신사양말, 단화, 반스, 조합"
사이즈 딱 좋고 기장도 딱 좋아요 비침이 있어서 슬립 같이 입어줘야 하는데 여름에 교복으로 입어질 거 같아요,"다이어트, 속치마"
초반까지 출근룩 가능이에요 길이가 짧지 않아서 딱 붙어도 부담스럽지 않아 요 여름에 잘 입고 다닐 것 같아요,"바람, 핏, 원피스, 매치"
핏 예쁨 기장이 좀 길긴 한데 수선하면 됨 하나 더 구매 할 예정,"보정, 몸매"
배송도 빨랐고 핏이 너무 예쁨 기장이 좀 길다는 단점이 았는데 그런 걸 다 커버할 정도로 핏 예쁨 하나 더 살 예정,옷감
옷걸이까지 사은품으로 받았고 몸매 진짜 좋아 보여 요 샀다가 뭔가 통 짜 자루 같아서 로 교환했더니 딱 길이도 인데 딱 이쁜 길이고 완벽함,"배송빠르다, 색감, 실물"
옷걸이까지 사은품으로 받았고 몸매 진짜 좋아 보여 요 샀다가 뭔가 통 짜 자루 같아서 로 교환했더니 딱,"만족, 무신사양말, 단화, 반스, 조합"
핏이 좋아요 비침이 살짝 있을 수 있어요 가격 대비 만족합니다,"다이어트, 속치마"
와 진짜 제 맞춤 옷인가요 사이즈며 길이며 다 너무 완벽해요,"바람, 핏, 원피스, 매치"
학년 초등학생 딸아이한테 딱 맞네요 기장은 약간 길지만 아이도 입어보고는 맘에 들어 좋아합니다 배송도 빠르고 포장도 아주 하게 잘 되어 있고 사은품 옷걸이도 맘에드네요,"보정, 몸매"
진짜 이 거 너무 편하고 재질도 시원하고 입니다 그레이 먼저 구입해서 입어보고 너무 좋아서 블랙으로 또 구입한 건데요 사이즈 선택 폭이 막 넓은 건 아니지만 핏이 정말 예쁜 기본 원피스입니다,옷감
진짜 이 거 너무 편하고 재질도 시원하고 입니다 그레이 먼저 구입해서 입어보고 너무 좋아서 블랙으로 또 구입한 건데요 사이즈 선택 폭이 막 넓은 건 아니지만 핏이 정말 예쁜 기본 원피스입니다,"배송빠르다, 색감, 실물"
생각해 던거보다 너무 이쁨요 가성비 꾸안 꾸 짱입니다,"속바지, 근데, 얇다, 꾸안꾸"
생각보다 엄청 시원한 재질이 엥요 꾸안 꾸 삽 가능,"편하다, 얇다, 쪼금, cm이르다, 비치다, 짧다, 속바지"
하비인데 사이즈 딱 좋고 핏 예뻐요 소재는 얇아서 속 치마 필수예요,"신경쓰이다, 비침, 피케원피스, 재질, 추천, 정석, 시원하다"
하비인데 사이즈 딱 좋아요 핏 예뻐서 손이 자주 가요 다만 얇아서 비치는 감이 있어 속 치마 꼭 입어줍니다,"시원, 선물, 여자친구"
하비인데 사이즈 딱 좋아요 핏 예뻐서 손이 자주 가요,"속바지, 기장"
사고 싶었던 제품인데 드디어 사 서 너무 좋아요 다들 구매하세요,"편하다, 얇다, 신축성, 없다, 세탁변형도, 시원하다"
무난하게 쉬원하고 좋아요 너무 짧지도 않아서 키 큰 사람들한테도 잘 맞을 것 같습니다,"만족스럽다용왜후기많다알다, 깔다끄다, 저렴"
이런 스타일 원피스는 처음인데 예뻐요 제 체형에 사이즈는 좀 짧아서 바이커 팬츠랑 같이 입습니다,"원피스, 디자인, 언니, 핫, 키크다, 컬러, 군더더기없이, 피케, 길이감, 시원하다, 살다, 깔끔하다, 아이템"
시원한 재질에 허리 라인이 들어가서 핏도 마음에 들어요,"원단, 시원, 할인, 저렴하다"
핏도 대박이고 엄청 만족해요 가격도 대 박 이건 꼭 사여해요,"편하다, 얇다, 신축성, 없다, 세탁변형도, 시원하다"
옷 핏이 이 쁘고 정말 좋았습니다 배송도 빨랐어요,"만족스럽다용왜후기많다알다, 깔다끄다, 저렴"
기장감이 너무 좋고 가격도 저렴하네요 너무 좋습니다,"원피스, 디자인, 언니, 핫, 키크다, 컬러, 군더더기없이, 피케, 길이감, 시원하다, 살다, 깔끔하다, 아이템"
진짜 이 원피스 여름에 너무너무 잘 입고 있어요 작년에 샀다가 너무 만족해서 재구매했습니다,"원단, 시원, 할인, 저렴하다"
오자마자 입어봤는데 너무 편하고 시원하고 가볍고 좋아요 깔별로 다 사고 싶네요,"편하다, 소재, 휘뚜루마뚜루, 핏"
너무 마음에 들어 요 처음에는 조금 더 라인이 있으면 좋겠다고 생각했는데 오히려 데일리로 입기에는 지금이 딱 좋은 것 같아 요 여름 교복이 되았어요,"편하다, 사이즈, 배송, 정사이즈, 빨다"
좋아요 여자친구 선물 했는데 너무 이 쁘고 옷도 이 쁘네요,"검은색, 얇다, 앙, 원피스, 까만색, 자다, 여름, 포인트, 신발, 추천, 기본, 배송, 수, 보이다, 가방, 시원하다, 빠르다, 주다"
키 에 엉덩이랑 배가 좀 많이 았는 편인데 날씬 보이는 핏으로 잘 잡아주네요 무신 사꺼라서 원단은 걱정 안 하고 샀는데 할인해서 싸게 샀지만 아주 잘 삼 다른 색도 더 사려다가 살쪄서 입기 좀 그래서 하나만 샀는데 후회 중,"레드, 휘뚤마툴"
너무 길지도 짧지도 않고 제 체형에 딱 맞아서 좋았어요 하체 콤플렉스인데 허리선이 자연스럽게 들어가면서도 커버가 돼서 좋았고 건조기에만 안 돌리면 사이즈나 기 타 변형 없이 이곳 저곳 입고 다니기 좋습니다 다 만 조금 비침이 있어서 속 치마 필수예 요 제 키에 길이는 허벅지 중간까지 옵니다 엉덩이 쪽 살이 있는 편인데도 부각 없어요,"여름, 후리, 가볍다"
길이 적당하고 좋아요 바람 잘 통하는 느낌 편하네용,"여름교복, 저렴하다가격, 자다수, 가볍다"
면이 생각보다 얇고 먼지가 잘 붙는 재질이에 요 털고 입으면 되서 그렇게 신경 쓰이진 않았고 일자로 떨어지는 핏이 아니라 허리를 잡아주는 느낌이라 날씬해 보이고 좋은 것 같습니당,"착하다가격, 깔다끄다, 길이, 색"
조금 더 길면 좋을 것 같아 요 살짝 짧은 감이 없잖아 있네요,"시원, 조심, 라지, 앉다, 소재, 고급, 편, 여유"
가격도 저렴하고 이 뻐요 핏도 너무 이 뻐요 다른 컬러 또 구입하러 갑니다,"얇다, 길이, 핏"
입을수록 너무 만족 스럽네요 보는 사람마다 날씬해 보이고 이 쁘다고 칭찬 칭찬 다른 컬러 구입 하러 갑니다,"편하다, 길이"
제가 입은 거 보고 조카가 이 쁘다고 사주라 해서 사 줌 너무 시원하고 너무 날씬해 보인다그 좋아함,"적당하다, 핏, 길이, 배송, 짧다, 가볍다, 들어가다, 허리라인, 빠르다, 시원하다"
무릎 위로 기 장 좋구요 사이즈도 좋아요 원단도 너무 얇지도 두껍지도 않고 딱 좋구요,"시원, 조심, 라지, 앉다, 소재, 고급, 편, 여유"
얇고 엄청 시원해요 매장에서 입어보고 거의 반값에 구매 햇어요 좋네요,"얇다, 길이, 핏"
너무 예쁜데 뭐죠 너무 비치는 것도 있어서 이너 진짜 조심해야 할 듯,"편하다, 길이"
너무 잘 사고 만족해요 온라인 가격도 합리적이고 저렴해 자주 이용하고 있어요 오프라인보다 가격 대비 짱이에요 모든 분께 추천 드립니다 굳,"적당하다, 핏, 길이, 배송, 짧다, 가볍다, 들어가다, 허리라인, 빠르다, 시원하다"
너무 잘 사고 만족해요 온라인 가격도 합리적이고 저렴해 자주 이용하고 있어요 오프라인보다 가격 대비 짱이에요 모든 분께 추천 드립니다,"가볍다, 들어가다, 허리라인, 자다"
너무 잘 사고 만족해요 온라인 가격도 합리적이고 저렴해 자주 이용하고 있어요 오프라인보다 가격 대비 짱이에요 모든 분께 추천 드립니다,"허리, 핏, 길이, 부담스럽지, 라인, 짧다, 가볍다, 들어가다, 잡히다, 시원하다"
허리 라인이 살짝 들어가서 이쁘네 욤 얇아 요 여름에 딱이에요 움직이기에도 편해서 손 자주 갈 거 같아요,"녀석, 막수, 부담없이, 여름, 추천, 가격넘다넘다착하다, 손자다가다, 시원하다, 가볍다"
시원한 소재에 스포티하고 편안한 원피스입니다,"원피스, 여름, 비침, 피케, 두께"
배송 시 구김이 있어서 물 뿌려두고 사진 찍어서 약간 얼룩이 덜 룩이 긴 한데 실물은 깔끔하고 예뻐요 프리하게 입으려고 사이즈 업 했는데 딱 좋숩니 다 다 만 어깨 디자인이 좀 각지게 박 음질 된 것이 조금 아쉽네요,"디자인, 길이, 허벅지, 기본pk원피스"
생각보다 시원한 소재여서 좋았고 살짝 비침 있는 건 후기 보고 알고 사 서 괜찮았숩니 다 다양한 컬러로 많이 나오면 좋겠네요,"다리, 편, 속치마"
후기 읽고 사이즈 구입했는데 딱 잘 맞아요 길이가 짦지 않아 편하게 입을 수 있을 거 같아요,"감사, 핫걸, 만족"
옷 선물해줬는데 엄청 좋아하네요 시원하고 사이즈도 잘 맞데요,"짤떡, 먹다, 추가, 여름, 많이, 대신, 골반, 사이즈, 밥, 렵니당다, 시원하다, 가볍다, M"
허리를 잡아줘서 라인이 예뻐요 단추 풀고 입으면 목도 길어 보입니당,"찌, 땀, 살, 핏"
여름에 시원하게 입으려고 샀어요 여행가서 입고 다녔는데 땀도 잘 마르고 갸벼워서 좋네욯 잘 입을 것 같아요,"얇다, 여름, 추천, 핏, 편, 심플, 속바지, 깔다끄다"
가볍고 시원하고 이 뻐요 날씬해 보여요 원단이 얇아 요 다른 컬러로 더 구입 하려고요,"감사, 핫걸, 만족"
핏도 이 쁘고 편하게 막 입 기 좋아요 가격 대비 만족합니다,"짤떡, 먹다, 추가, 여름, 많이, 대신, 골반, 사이즈, 밥, 렵니당다, 시원하다, 가볍다, M"
한 사이즈 적게 주문하세요 정말 이 뻐요 여름에 입 기 좋아요,"찌, 땀, 살, 핏"
입으면 사이즈가 너무 해서 사이즈로 교환해서 입었는데 너무 맘에 들어요,"얇다, 여름, 추천, 핏, 편, 심플, 속바지, 깔다끄다"
으로 샀다가 로 교환했는데 라인 이쁘게 잘 맞아요 천은 얇아요,"편하다, 얇다, 여름, 추천, 심플"
역시 믿고 보는 무신사 옷이에요 카라 원피스 중에 제일 핏 이 쁘고 편하게 잘 입고 다니는 중입니다,"편하다, 후기, 처럼, 쓴다, 비침, 여름, 나오다, 신경, 현상, 추천"
예뻐요 길이도 안 짧고 천도 안 두꺼워서도 젛아요 딱 달라붙는 소재도 아님,"다리, 길이, 신경쓰이다"
너무 가볍고 편해서 다른 색상 추가로 하나 더 샀어요,"다리, 길이, 신경쓰이다"
친구 추천받아 구매했고 만족하고 쿨탠다드라 살에 닿는 느낌도 좋아요 하지만 세탁 시 물이 많이 빠져요 꼭 단독 세탁하세요,"허리라인, 짧다"
사이즈도 좋구요 재질이 부드럽네요 무게도 너무 가볍,"부담, 허리, 치마, 사이즈, 라인, 널널, 기장"
사이즈 해서 입기 좋아요 블랙 이어도 여름 옷은 소재별로 비치는 게 있던데 다행히 비치지 않아 좋네요,"붙다, 색깔, 핏, 시원하다"
시원한 소재에 스포티한 원피스입니다 입으면 편하고 여성스럽습니다,"여름, 얇다, 원피스"
햇빛 아래로 가면 살짝 비침 있어서 스킨 색 내의 입고 입으면 좋을 거 같아 용 기준 무릎 약간 위까지 올라와서 편하게 입고 다니고 있습니다 앉았을 때는 옷이 많이 올라가서 쪼끔 불안할 수 있어 용,"시원, 선물, 여자친구"
재질도 시원하고 딱 예쁜 핏이에 요 길이도 넘 조음,"시원, 선물, 여자친구"
재질도 시원하고 딱 예쁜 핏이에 요 너무 사길 잘 함,"부담, 허리, 치마, 사이즈, 라인, 널널, 기장"
생각보다 이쁘고 배송이 빨리 왔어요 싼 가격에 잘 샀습니다,"붙다, 색깔, 핏, 시원하다"
너무 이 뻐요 너무 싸게 샀고 사이즈도 딱 맞아 요 배송도 빨리옴,"여름, 얇다, 원피스"
배송도 빠르고 저렴하게 잘 구매한 서 같아 요 좋네요,"시원, 선물, 여자친구"
너무 이 뻐요 맘에 들어 새 엄청 잘 입고 있어요,"시원, 선물, 여자친구"
무신사 가서 입어보고 샀습니다 라인 잡혀 있어서 너무 이 뻐용 많이 비치기는 하는데 속 바지 입으면 신경 안 쓰이는 정도라 상관 없어요 오히려 시원해서 좋음,"길이, 추천"
대아줌마가 무신사에서 구매하는 거 고민 됐는데 사는 제품들이 다 퀄리티도 좋고 핏도 좋아서 자구 구매할 듯 싶어요 야리야리 한 체형이 아니여서 모델핏은 안 나지만 만족합니른 색도 구매 희망 있어요,"길이, 허리라인, 핏"
악 너무 잘사서 소리 지르고 싶어 악 사랭해 따봉 무신사야,"구, 완벽, 한단, 수선"
얇은 원단에 핏도 이 쁘게 맞습니다 길이도 부담스럽지 않아요,"편하다, 얇다, 니당다, 디자인, 애용이에요, 자다, 비침, 그거빼다, 다리라인, 귀엽다, 속옷라인, 하고, 보이다, 시원하다, 가볍다"
남자친구랑 데이트할 때 입으려고 아껴두고 있는데 늘씬해 보이고 이 쁘더라구 요 무탠다드는 정석이죠,"편하다, 얇다, 니당다, 디자인, 애용이에요, 자다, 비침, 그거빼다, 다리라인, 귀엽다, 속옷라인, 하고, 보이다, 시원하다, 가볍다"
선물용으로 구매했는데 무난해서 나쁘지 않습니다,"얇다, 답답, 소재, 핏, 비치, 라인, 후후"
이 거 장점이 얇아서 시원하긴 한데 단점이 얇아서 다리가 안에 비쳐 요 허벅지 쪽이 다 비쳐서 회사 입고 갈 때 신경 쓰여서 한 번 입고 그 뒤로는 안 입고가요,"얇다, 답답, 소재, 핏, 비치, 라인, 후후"
리뷰에 비침 있다고 해서 걱정 했는데 소재가 얇은 만큼 비침이 있긴 하네요 어쩔 수 없이 이너 슬립 하나 따로 구매하고 입으려고 합니다 제품 자체는 마음에 들어 요 허리 라인을 잡아줘서 날씬해 보여요,"배송, 핏"
편하게 입으려고 산 거라 사이즈가 꽤 커요 제 신체 사이즈 비슷하신 분들은 사이즈가 더 나을 듯 합니다 옷 자체는 천도 시원하고 허리도 잡혀 있어서 가격치고 괜찮아요,"물다, 매장, 휘뚤마뚤, 스탠다드, 오프라인"
확실히 얇아서 시원하네요 다만 비침이 좀 있습니다,"편하다, 굿, 널널, 핏"
사이즈했는데 해도 생각했던 것보다 했어요 무난하게 입기조아용,"얇다, 답답, 소재, 핏, 비치, 라인, 후후"
상체보다 하체가 발달한 편이라 주로 상체가 딱 붙는 스타일의 옷을 선호하며 다리를 드러내지 않을 수 있는 원피스나 통이 넓은 바지를 선호합니다 재질은 세탁 후에도 구김이 가지 않고 통풍이 잘 될 것 같은 재질이 고 사이즈는 정 사이즈입니다 허리 부분이 잘록해서 더 날씬해 보이고 적당히 길이 감도 있어서 신경 쓰이진 않네요 가방과 여름 가디건으로 포인트를 줬더니 아주 만족스 러운 코디가 완성됐어요,"얇다, 답답, 소재, 핏, 비치, 라인, 후후"
엄청 만족스러워요 무신사에서 처음 산 옷인데 마음에 들어서 계속 무신사 옷 사게 되네요 추천합니다 라인이 넘 예뻐요 가격 넘 착해요 세탁해도 안 늘어나고 안 줄어들어요,"배송, 핏"
우리 신랑이 당신 몸 본떠서 만든 옷이냐고 그 정도로 찰떡이에요 길이도 넘 짧지도 너무 길지도 않고요 라인이 끝내줘 요 얇다고 하는 분도 있던데 흐린 날에는 문제 없습니다 매우 만족스러워서 핑크색도 추가 구매했는데 검정색이 더 예쁜 것 같아 요,"물다, 매장, 휘뚤마뚤, 스탠다드, 오프라인"
여름 교복 시원하고 휘뚜루마 뚜루 키가 있어서 좀 짧긴 해요 내년에는 롱 버전 숏버전 두 가지로 내 주심 앙대요,"편하다, 굿, 널널, 핏"
배에 힘주고 입어야 해요 흑 이럴 줄 알고 큰 사이즈 하나 더 주문했는데 다행이 다 살 빼서 입어야지,"편하다, 굿, 널널, 핏"
이 뻐요 길이가 좀 만 더 길었으면 좋겟다는 생각이 들어요,"편하다, 굿, 널널, 핏"
넘 두껍지 않고 후들 후들촤 느낌 허리도 약간 들어가서 라인도 예쁨 대신 원단이 얇아서 햇빛 한 대낮에 입고 나가면 다리 실루엣이 다 비춰서 쪼끔 민망할 수 있는데 저는 노상관이라 괜찮아 써요,"타이트, 허리, L사이즈, 핏, 늘씬하다보이유"
배송도 빠르고 좋아요 근데 후기대로 얇아서 좀 비쳐 요 속 바지 필수,"신경써다, 이너, 디자인"
선물해줬는데 상대방이 엄청 좋아하네요 엄청 옷도 시원하대여,"엠사이즈, 스펙"
생각보다 날씬해 보여서 좋아요 근데 다리 쪽 좀 비칠거 같아서 속 바지 필수일 듯,"깔다끄다, 키, 엠사이즈, 기장"
무신사 스탠다 드라서 믿고 샀습니 당 길이도 너무 짧지 않고 재질도 얇아서 여름에 입 기 딱 좋아요 우리 집 거울이 요술 거울이 아닌데 날씬해 보임 조만간 바다놀러 갈 때 입으려고 요 에 키로도 라지는 잘 맞음 굿,"디자인, 날씬, 배송, 가성비"
완전 하니 잘 맞아서 좋더라고요 배송도 빨라서 좋아용,"원단, 여름, 시원"
배송 빠르고 가격 저렴하고 가볍게 입기 좋고 안 살 이유가 없네요,"여름, 얇다, 다리쪽비치다"
너무 맘에 들어 요 배송도 빠르고 시원한 재질이에요,"하체, 부, 허리, 부담스럽지, 라인, 비추다, 기장"
배도 해서 너무 좋아요 최고 배송도 빨라서 더욱 봏았어 영,"깔다끄다, 키, 엠사이즈, 기장"
할인을 아주 해줘서 싼 값에 잘 샀습니 당 생각보다 너무 이쁘네요 길이도 너무 짧지 않고 원단도 얇아서 잘 입을 거 같아요,"디자인, 날씬, 배송, 가성비"
사이즈 하고 주문했어요 그래도 옷 디자인 자체가 라인이 있어서 예뻐요 제가 원하던 핏과 길이감이에요,"원단, 여름, 시원"
하게 나왔다고 해서 핏되게 로 구매했더니 정말 핏되게 맞네요 쿨탠다드인데 그렇게 시원한 느낌은 아니고 비침도 살짝 있어 이너 신경 써야 할 것 같아요,"여름, 얇다, 다리쪽비치다"
다리 쪽이 비친다는 말이 뭔지 알 것 같아 요 얇아서 좋은데 허리를 잡아주기 때문에 배에 힘을 줘야 흡니다,"하체, 부, 허리, 부담스럽지, 라인, 비추다, 기장"
샀다가 마음에 들어서 샀는데 이게 더 잘 어울려요,"얇다, 자다, 여름, 벙벙하다보이지, 교복, 들어가다, 허리라인, 입구"
딱 좋아요 재질 사이즈도 잘 맞고 추천해요 스타일도 좋어요,"덥다, 날씬, 심플, 원피스"
배송은 하루 만에 왔고 옷도 저렴하니 좋아요 얇아서 속 치마 꼭 입어야 하네요,"싸다, 자다, 가격, 질, 세일"
배송 빠르고 옷도 저렴해서 좋아요 핏도 예뻐서 자주 손이 가요,"타이트, 허벅지, 여름, 핏, 여친, 속치마, 속바지, 햇빛"
어느 날 갑자기 신랑이 무신사에 대한 사랑이 생겨서 저도 한 번 볼까나 하고 어플도 깔고 집 근처에 가서 보기도 했는데 너무 좋더라구 요 너무 시원하고 바느질도 진짜 이런 신세계가 있나 싶을 정도에 요 그리고 스타일도 너무 좋아서 알림 신청 해놓고 괜찮은 거 있으면 바로 살거에요,"시원, 수선, 허리, 라인, 얆"
저렴한데 너무 예뻐요 허리를 잡아줘서 날씬해 보여요,"시원, 수선, 허리, 라인, 얆"
허리라인이 예뻐요 다만 길이감이 어 중간해서 수선하면 더 예쁠 것 같아요,"시원, 수선, 허리, 라인, 얆"
좀 길이가 짧아요 나이가 많은 저에게는 부담되는 길이,"원단, 가격, 단정"
길이는 살짝 긴데 핏이 예뻐여 상하의 따로 신경 안 쓰고 원피스 하나 딱 입으면 되니까 여름에 너무 편하고,"저렴, 편안, 가격, 넉넉, 사이즈, 단정"
허리도 잘 잡혀 있고 예뻐요 기장은 처음에는 살짝 애매하다고 생각했는데 더 짧으면 불편했을 것 같습니다,"편하다, 엉덩이, 기장"
길이가 무릎 위로 오고 군기 없이 깔끔한 디자인이에 요 제 질도 두껍지 않고 세탁해도 변형 크게 없이 좋네요,"시원, 수선, 허리, 라인, 얆"
쿨탠다드라 믿고 구매한 제품입니다 여름에 쿨탠다드는 진짜 사랑이 고 진리입니 양하게 디자인이 나와서 너무 좋아요 더 다양한 디자인 기대할게요 데일리 예쁜 원피스 찾으시는 분들 무조건,"시원, 수선, 허리, 라인, 얆"
원피스 처음 사보는 거라 무난하게 검정 먼저 도 전해봅니 당 기본템 느낌으로 추천해 여 키가 큰 편인데 허벅지 중간 정도 오고요 이 정도 길이면 적당 무난해 요 여름에 시원하게 입고 다니기 가능,"원단, 가격, 단정"
비치는 원단이라 안에 이너를 입어야 할 것 같아요,"저렴, 편안, 가격, 넉넉, 사이즈, 단정"
허리라인을 잡아줘서 옷 핏이 예쁘게 나와서 만족합니당,"편하다, 엉덩이, 기장"
핏이랑 전체적인 길이 그렇게 막 짧지 않아서 만족해요,"편하다, 시원, 휘뚜루마뚜루"
배송 완전 빠르고 비친다는 후기 많았는데 진짜 비침이 심해요,"편하다, 저렴, 여름, 가격, 핏"
편한데 길이가 좀 애매하게 길어서 수선 맡겨야겠어요,"속바지, 길이, 색상, 실루엣"
사진에 색감이 흐릿하게 나왔지만 실제로 보면 그냥 검은색 원피스 입니다 깔끔하고 핏이 예뻐서 다른 색도 사고 싶어요 길이 감 적당하고 맘에 듭니다,"시원, 얇다, 적당, 소재, 여름, 길이"
적당한 길이 감 원피스 찾고 있었는데 잘 맞아요 단정하고 허리에 라인 있어서 잘 잡아주고 예쁩니다 다른 색도 사고 싶어 유,"여름, 시원, 길이"
단추 실밥 처리가 좀 아쉬운 상태로 왔는데 할인 가격 생각하면 그래도 잘 산 것 같아 요 핏도 어깨 길이도 생각한 대로 나와서 맘에 들어 요 근데 총장 길이가 애매하게 긴 편이라 수선을 해야 되나 그냥 편하게 입을 까 고민이 되기는 하네요,"길다, 가격, 많이, 만족스럽다, 핏, 허리쪽, 들어가다, 널널, 마감이아주완벽하다"
디자인도 심플하고 믿고 찾는 무탠다드에 요 배송도 빨라용 최고,"길다, 많이, 핏, 허리쪽, 들어가다, 널널"
합리적인 가격에 좋른 소재 쿨탠다드 좋아요,"사이즈, 배송, 허리라인, 비침"
이런 원피스 사고 싶었는데 제가 키가 커서 길이가 긴 게 필요했습니다 이건 길이도 적당히 길고 라인도 있어서 강추합니다,"사이즈, 배송, 허리라인, 비침"
샀는 대 엄마가 탐나대서 로도 시켰어요 개조아 하심,"사이즈, 배송, 허리라인, 비침"
키가 커서 기장 긴 원피스 찾기 어려웠는데 이건 길이도 딱 좋아요,"길다, 가격, 많이, 만족스럽다, 핏, 허리쪽, 들어가다, 널널, 마감이아주완벽하다"
사이즈랑 시원한 재질이 마음에 들어서 다른 색으로 재구매했네요 역시나 마음에 드네요 반 사이즈인데 사이즈로 하니 어깨가 맞아요 시원하게 잘 입을 게요,"길다, 많이, 핏, 허리쪽, 들어가다, 널널"
품질 너무 훌륭합니다 사이즈도 딱이에요 가격 대비 만족,"사이즈, 배송, 허리라인, 비침"
쿨 소재라 굉장히 가볍고 시 원합니다 사이즈라 하나 허리 쉐잎이 있어서 전혀 부해 보이지 않아 요 하게 입을 거면 딱 맞게 입을 거면 추천합니다,"사이즈, 배송, 허리라인, 비침"
로켓배송인가요 어제시켰는데 오늘 왔어요 키 인데 길이 괜찮고 어깨 좀 있는 체형인데 사이즈 이 쁘게 맞아요 완전 딱이네 여,"사이즈, 배송, 허리라인, 비침"
시원하게 입을 수 있어 좋습니다 길이는 짧지도 얇지도 않은 두께 고 편하게 입을 수 있어 좋을 듯 다크 그린도 탐 나는 중,"기능성, 재질, 블랙"
옷이 얇아 시원하겠어요 다만 블랙이더라도 속옷은 챙겨 입어야 하는 두께,"기능성, 재질, 블랙"
사이즈 는 핏되는 스타일이고 좀 편하게 입고 싶다면 추천 옷이 얇아 비치나 속옷은 히 입어야 합니다제 키에 짧지 않아 이쁩니다,"넉넉하다, 만들다, 따다봉, 색깔별, 사이즈, 물다"
길이도 적당하니 좋아요 주된 임산부인데 사이즈 허니 이쁘게 잘 입었습니다 짧지 않아 좋네요,"여름, 소재, 핏, 개, 성비, 프린팅, 기장"
핏 예쁘고 너무 짧지도 길지도 않아서 너무 예뻐오,"얇다, 색상, 비침, 구김, 화면, 넓다, 어깨"
배송 빠르고 크게 기대 안 했는데 날씬해 보여 요 자주 입을 듯,"편하다, 앱, 컬러, 블랙, 라인, 매장, 사이즈업, 기장감"
허리 라인 들어가 있어서 날씬해 보이고 길이 적당해서 좋음,"숄, 스트라이프, 원피스"
여자친구 오프라인에서 입어보고 맘에 들어 다른 색상 구매 완료,"편하다, 딱좋다, 꾸안꾸, 원피스"
핏이 너무 이쁩니다 가격도 저렴하고 배송도 빨랐어요 세탁 전이라 물 빠짐이나 변형이 없길 바랍니다,"편하다, 얇다, 널널다, 많이, 시원하다"
옷 핏이 너무 이쁩니다 주위에서 이쁘다고 허리라인도 잡아주고 사이즈 딱 맞네요 가볍고 시원하고 재질도 좋아요 골프 치러 가야 고 묻는 분들도 있었어요 다른 색상으로 한 벌 더 구매할까 합니다,"얇다, 저렴하다, 어유, 시원하다, 만족하다"
군기 없이 깔끔한 디자인에 착용감이 거칠 않고 부드러워요 길이도 너무 길지 않고 딱 좋았습니다,"숄, 스트라이프, 원피스"
배송 빠르고 제품 가성비가 좋네요 가볍게 여름 나 기 좋을 것 같아요,"편하다, 딱좋다, 꾸안꾸, 원피스"
저는 주차 초산모 에 요 친구들과 떠나는 여름 휴가에 배는 좀 나왔지만 이 쁘게 입고 싶어 주문했고 길이나 사이즈 모두 좋었습니다 편 했어요,"편하다, 얇다, 널널다, 많이, 시원하다"
잘 맞아요 무신사 스탠다드 옷 질도 좋고 다 좋은데 사이즈가 타사에 비해 작다는 점녀를 위해 큰 사이즈도 만들어줬음 좋겠다,"얇다, 저렴하다, 어유, 시원하다, 만족하다"
사이즈 딱 좋고 무릎 위로 조금 올라가서 길이 감도 괜찮아요 근데 좀 얇아서 다리 실루엣이 다 보여 요 안에 어떻게 입고 다녀야 할지 고민이 좀 되네요,"어플, 저렴하다, 직접, 입어보다, 매장, 시원하다"
핏은 예쁜데 두께가 조금 얇아서 다리 부분이 살짝 비쳐 보여 요 속 바지나 짧은 속 치마 입고 입어야겠어요,"원단, 땀, 군살, 날씬, 진작"
옷 얇아서 한 여름에 입어도 될 정도이긴 한데 다리 사이가 비치긴 흐네요 그리고 왠만 하신 분들은 다 맞으실 것 같아 요 이랑 고민했는데 핏이 더 이 쁠 것 같으서 시켰는데 이 뻐요,"땀, 정석, 군살, 날씬, 진작"
길이가 긴 편이라 길이 수선해서 입었습니다 얇은 편이에요,"원단, 땀, 군살, 날씬, 진작"
기본 검정 원피스로 품질이 우수합니다 매우 만족스럽습니다,"시원, 소재, 재질, 슬립"
핏도 예쁘고 전체적으로 마음에 들어 요 조금 비칠 것 같긴 한데 속 바지 입으면 괜찮을 것 같아요 얇아서 덥지 않아 좋습니다,"가볍다, 여름, XL, 사이즈"
사이즈 잘 맞아요 너무 만족해요 더운 여름이 입어도 땀 안 나고 시원할 꺼 같아 요 다른 칼라 주문 할려고요,"편하다, 사이즈, 재질"
핏은 예쁜데 치마 속 비침이 좀 있어서 아무래도 속 치마를 입고 입어야 할 듯요,"가볍다, 여름, XL, 사이즈"
예뻐요 너무 작지도 않고 너무 크지도 읺 고 핏이 닥 예뻐요 정 사이즈로 주문하면 예쁘게 입을 수 있을 것 같아 요 예뻐서 다른 컬러도 구매하고 싶어요,"비침, 사이즈, 교복, 슬립, 기장"
기본 데일리로 편하게 입기 좋아요 편하게 입는데 꾸민 척 쌉 가능,"여름, 길이, 부담스럽지, 초반, 짧다"
비슷한 디자인으로 하나 같이 삿는데 이 옷이 좀 더 타이트 합니다,"가볍다, 여름, XL, 사이즈"
하얀 게 뭍어 있는데 세탁해서 지워지는 거였으면 좋겠네요 카라 부분 틀어진 곳 없고 단추도 잘 붙어 있어요,"편하다, 사이즈, 재질"
너무 길어서 살짝 잘 랏더니 더 이 뿌네요 엄청 얇아서 좋긴 한데 밝은 데 가면 다리 라인이 다 보 일 정 돓 비치긴 해요 저는 걍 청반바지 입고 입어요,"가볍다, 여름, XL, 사이즈"
이 뻐요 아주 이 뻐요 허리가 살짝 들어가서 더 이 쁘고 편하고 시원하네요잉,"비침, 사이즈, 교복, 슬립, 기장"
우왕 너무 이 뻐요 허리도 살짝 들어가서 더 이 뻐요,"여름, 길이, 부담스럽지, 초반, 짧다"
두께도 적당하고 길이도 마음에 들어 요 허리 라인이 많이 들어가 있는 게 아니라서 편하게 입을 것 같아요,"수선, 기장, 핏"
여름에 편하게 입 기 좋을 것 같아 요 다른 색상은 비칠 것 같아서 검은색으로 샀어요,"커버, 배송, 기장, 핏"
제 신체 사이즈에 입으니까 허리 라인 들어가고 치마 길이도 딱 적당합니다 남자친구도 이 쁘다고 하네요 자주 입을 것 같아요,"걸이, 자루, 완벽하다, 길이, 몸매, 통짜"
허리도 잘 잡히고 예뻐요 편하게 잘 입을 것 같습니다,"걸이, 자루, 몸매, 통짜, 교환"
슬림핏으로 약간 허리도 들어가 있어서 몸매도 잡아주고 좋았어요 그렇다고 딱 달라붙는 핏은 아니라 편 했구요,"비침, 만족, 가격, 핏"
오프라인 매장에서 입어보고 예뻐서 샀어요 치마가 살짝 만 더 짧았으면 좋았겠지만 허리도 잘 잡아주고 예뻐요,"사이즈, 길이, 완벽"
시원하고 편해요 허리 라인 있어서 핏도 이쁘고 가성비조아요,"걸이, 초등학생, 포장, 사은품, 딸아이, 배송, 학년, 기장"
딱 알맞게 잘 맞아요 재질도 시원할 거 같아 요 배송도 빨랐습니다,"시원, 원피스, 그레이, 재질, 짱짱, 블랙, 핏, 사이즈, 편, 기본, 선택, 폭"
핏이 정말 이 뻐요 소재도 정말 시원하고 배송도 빨리와요,"시원, 원피스, 그레이, 재질, 짱짱, 블랙, 핏, 사이즈, 편, 기본, 선택, 폭"
핏이 정말 이 뻐요 소재도 시원해서 잘 입을 것 같아용,"짱, 꾸안꾸, 가성비"
배송 엄청 빠르네요 러켓배송인 줄 핏이 예쁘고 전체적으로 마음에 들어요,"사이즈, 길이, 완벽"
핏이 예뻐서 전체적으로 예쁘네요 적극 추천합니다,"걸이, 초등학생, 포장, 사은품, 딸아이, 배송, 학년, 기장"
여자친구 사 줬어요 배송이 진짜 빠르네요 놀랬어요,"시원, 원피스, 그레이, 재질, 짱짱, 블랙, 핏, 사이즈, 편, 기본, 선택, 폭"
딱 좋아요 속 치마는 필수입니다 구매 시 참고하세요,"시원, 원피스, 그레이, 재질, 짱짱, 블랙, 핏, 사이즈, 편, 기본, 선택, 폭"
핏되게 입으니 깔끔하네요 허리선도 살짝 들어가 있어요,"짱, 꾸안꾸, 가성비"
사이즈나 핏이 아주 좋아요 얇은 거라 비치는 것만 빼면요,"짱, 꾸안꾸, 가성비"
만족스럽습니다 허리 라인이 잡혀서 더욱 좋은 것 같아요,"삽가능, 재질, 꾸안꾸, 시원하다"
약간 애매한 느낌의 기장과 폼이여서 시킬 걸 싶지만 그래도 편하게 입긴 좋을 거 같아 요,"S사이즈, 소재, 하비, 핏, 속치마"
깔끔해요 디자인도 품질도 주말에 편하게 입 기 좋을 듯해용,"비치다, S사이즈, 하비, 핏, 속치마"
약간 큰 느낌이지만 오히려 편하게 입을 수 있을 거 같아 요 군 기 없이 깔끔함,"핏, 하비, S사이즈"
원단 너무 시원하고 핏도 좋아요 좀 긴 거 빼면 완전 만족스러움,"제품, 사서, 드디어"
원단 너무 시원하구 핏도 좋아요 좀 긴 거 빼면 완전 만족스러움,"제품, 사서, 드디어"
대만족스러운 카라티 얇고 소재도 찰랑해서 여름에 딱 좋음 절대 안 들러붙는 재질 하나도 안 짧음 길고 하게 나온 편,"제품, 사서, 드디어"
같은 제품 하늘색 선물 받고 너무 마음에 들어서 또 주문했어요 같은 사이즈인데도 하늘색보다는 타이트한 감이 있습니다,"키크다, 쉬원, 짧다"
배송이 엄청나게 빨리 도착했어요 옷도 편하게 잘 입을 수 있을 것 같아요,"스타일, 바이크다팬츠, 체형, 원피스"
만 천 원 대에 샀는데 지금은 만 천 원 대에 살 수 있네요 슬퍼티비 원피스라서 위 아래 매치할 필요도 없고 걍 입을 거 없다 싶으면 입게 되는 옷이에요 핏은 진짜 개완벽한데 바람 불면 뱃살 보입니다,"제품, 사서, 드디어"
사이즈샀다 취소하고 으로 재구매했어요 사이즈 딱입니다,"제품, 사서, 드디어"
블랙 구입했는데 완전 기 본 스타일이에 요 네이비랑 별 차이 앖어요 다른 색 살 껄 그랬어요 얇아서 속 치마나 속바지는 입으셔야 해요,"제품, 사서, 드디어"
여자친구 대신 해서 구매해줬는데 이 쁘고 좋네요,"키크다, 쉬원, 짧다"
시원하고 좋아요 근데 진짜 비치기는 하네요 그래도 만족합니다,"스타일, 바이크다팬츠, 체형, 원피스"
기장이 짧지 않고 아주 적당합니 당 비침이 살짝 있을 거라고 예상했는데 저는 잘 못 느꼈어요 별로 티 안나는 듯합니당 재질도 적당히 하고 후들 후들하니 좋고 빨래 후에도 큰 변화 없이 괜찮아요 구김도 별로 없습니다 시원하구요 핏은 허리 부분이 잡혀 있어서 예뻐용 좀 얇아 보입니 당 팔 부분도 너무 길지도 짧지도 않고 적당해서 팔뚝이 얇아 보이는 길이 각도로 돼 있어서 그게 가 장 만족스러워 요 어깨랑 소매 부분 디테일이 더 날씬해 보이도록 해줍니 당 올 여름 예쁘게 잘 입을 것 같아 요 원피스는 보통 너무 꾸민 느낌이라 부담스럽기 쉬운데 이 제품은 꾸안꾸 느낌으로 손이 더 자주 가는 것 같아 요 넘우 만족스럽습니당,"허리라인, 재질, 핏, 시원하다"
착용감 좋아요 무게 가벼워요 재질 생각한데로 사이즈 사이즈 표 참고 구매한 이유 선물 선물로 구매해줘는 데 좋아하네요 잘 입고 다니고 있어요,"가격, 대박, 핏"
만 천 원 대에 샀는데 지금은 만 천 원 대에 살 수 있네요 슬퍼티비 원피스라서 위 아래 매치할 필요도 없고 걍 입을 거 없다 싶으면 입게 되는 옷이에요 핏은 진짜 개완벽한데 바람 불면 뱃살 보입니다,"배송, 핏"
여행 갈 때 입으려고 샀습니다 시원하고 좋습니다,"가격, 기장감, 저렴"
생각보다 길이가 길고 잘 비쳐서 속 바지 꼭 입어야 할 것 같아요,"여름, 재다, 원피스"
핏 깔끔하고 날씬해 보여 요후기에도 있듯이 밖에서 속이 비칠꺼 같긴 해요,"가볍다, 시원, 편, 깔별"
검은색이라 날씬해 보이고 얇아서 한 여름에도 덥지 않을 것 같아 요 라인이 맘에 들어요,"가볍다, 시원, 편, 깔별"
마음에 들어 요 년 전에 네이비 구매하고 추가 구매 했습니당,"여름, 데일리, 교복, 라인"
빠른 배송 감사합니다 여름에도 입기 좋네 여 원하는 핏나와서 만족합니다,"선물, 여자친구"
얇아서 비침 있다고 하는데 속 바지 입고 입어서 그런 가 그 부분은 괜찮았고 생각보다 길이감이 길어요 다만 계단 오르내릴 때나 의자에 앉을 때는 지금 길이감이 딱 안정적이라 다 감안하고 만드신거면 천재 만재,"원단, 살, 색, 살찌다, 할인, 핏, 물다, 걱정하고, 잡다, 후회"
여름에 시원하게 입을 원피스 사고 싶어서 쿨탠다드 옷 중에서 골랐는데 입어보니까 진짜 시원하고 원단도 얇아서 가벼운 게 여름에 입 기 딱 좋은 것 같아 용 키가 인데 그렇게 엄청 짧지도 않아서 키 크 신 분들도 길이 신경 안 쓰고 입으실 수 있을 것 같습니다,"가볍다, 시원, 편, 깔별"
무탠다드 역시 짱이네요 이런 디자인 옷 많이 사봤는데 핏이랑 길이가 이렇게 적절한 건 처음이에 요 다들 피케 원피스 생각하시면 이 걸루 사세요,"가볍다, 시원, 편, 깔별"
생각보다 얇아서 밝은 데서는 실루엔이 보일 수 있는데 크게 신경 쓰이지는 않는 속옷은 안 비쳐 요 그냥 다리 라인 조금 정도 잘 입고 있습니당,"여름, 데일리, 교복, 라인"
여자친구 선물해줬는데 사이즈도 딱 맞고 시원해서 좋아하네요 쿨탠다드 좋습니다,"선물, 여자친구"
진짜 소재가 너무 좋아요 시원하고 길이는 조금 짧은 감이 있는데 그건 제가 키가 커서 품은 합니다,"원단, 살, 색, 살찌다, 할인, 핏, 물다, 걱정하고, 잡다, 후회"
검정색이 고 소재는 얇긴 한데 여름에 입기에 딱 좋을 느낌이고 적당히 신축성 있어서 핏되게 입어주니 더 좋네요 키 기준 에스사이즈도 길이 감 안정적이예 요 상체는 어깨 넓은 편이라 딱 떨어집니다 길이 재보니 카라 빼고 뒷목선부터 센치 나와요,"허리선, 엉덩이, 허벅지, 사이즈, 부각"
길이감은 후기대로 긴 편이에 요 엠 사이즈 사려다가 에스 샀는데 엠사이즈 샀으면 길이 때문에 교환 고민했을 것 같아 요 에스 사이즈도 길이 안정적이라서 팬티 보일 염려 안 해도 돼 요 그래도 속 바지는 필수입니다,"편하다, 길이, 바람"
옷이 몸에 착 붙 입니다 라인도 너무 이쁘게 떨어져서 고민도 안하고 바로 샀습니다 여름에 너무 잘 입고 다닐 꺼 같아요,"탁탁, 허리, 먼지, 핏"
라인이 잘 잡혀 있어서 입었을 때 너무 이 뻤어요 몸에 착 붙어서 몸매를 부각시켜주고 이쁘게 잡아줘서 좋았습니다 너무 이 뻐요,"길다, 짧다없다"
키 크 고 마른 편인데 사니까 딱 핏하고 좋네요 휘뚜루마 뚜루 입고 다닐 것 같아 요,"가격, 컬러, 핏"
저렴한 가격에 잘 산 거 같아 요 핏 되게 입었을 때 더 이 뻐요,"보, 컬러, 만족"
예뻐요 입으니까 사이즈가 딱 맞아 여 좋습니다 꾿,"시원, 날씬, 좋아하다"
가격 대비 품질도 좋고 핏도 좋아서 다양한 색상으로 사 두려 구요,"키크다, 쉬원, 짧다"
다른 원피스에 비해 훨씬 슬림해 보여서 마음에 들어 요 깔별로 사려 구요,"원단, 두껍다, 사이즈, 무릎위로, 기장"
허리 부분이 들어가서 여성스럽고 예뻐 보여 요 길이가 살짝 길어 보여 수선해서 입으려고요,"얇다, 반값, 매장, 시원하다"
무난무 난무난템인데 라인 슬림하게 똭 잡아줘서 넘 조아 여 하나쯤 잇음 좋을 휘뚤마뚤 템,"이너, 조심하다, 비치다"
그냥 딱 맞아요 좀 여유가 있으면 좋을 것 같아 요 할인받아서 좋은 가격에 구입했네요,"보, 컬러, 만족"
이 뻐요 좋아요 만족합니다 무신사 정말 만족합니다,"시원, 날씬, 좋아하다"
키가 많이 큰 편이라서 기장은 감안해야 하지만 전체적으로 괜찮아요,"키크다, 쉬원, 짧다"
편하게 데일리로 입 기 좋아요 길이가 너무 짧지 않아서 크게 신경 쓰이지 않아 요 재질이 얇아서 되게 가벼운데 조금 비치는 게 있어요 다리 사이가 비쳐서 안에 반 바지 입고 입었어요 가볍고 신축성도 좋아서 편하게 입 기 매우 좋아요 여름에 데일리로 자주 입을 수 있을 것 같아요,"원단, 두껍다, 사이즈, 무릎위로, 기장"
생각보다 많이 비치는 데 군살 가려주고 핏 예뻐여,"얇다, 반값, 매장, 시원하다"
피케 폴로 원피스를 구입하려고 찾다가 길이 감 좋은 무신사 피케 폴로 원피스를 보고 구입했어요 길이가 짧지 않아서 만족 손 세탁해보니 살짝 물 빠짐이 있지만 심하지 않아서 만족 원단이 얇아서 속 바지나 속 치마 없이는 착용 시 조금 곤란할 것 같고 속에 갖춰 입으면 완벽합니다 한 여름에 입어도 시원할 만큼 통기성 좋고 검은색이라서 날씬해 보여서 더 좋고 합리적인 가격에  구입해서 더 좋아요,"이너, 조심하다, 비치다"
소재가 여름에 시원하게 잘 입을 수 있을 꺼 같아 요 길이도 적당하고 허리 라인도 잘 들어갔어요 배송도 빠르게 오고 마음에 들어요,"가격대비, 저렴, 만족, 가격, 짱, 추천, 굳다, 온라인, 오프라인"
배송도 빠르게 오고 마음에 들어 요 여름에 시원하게 잘 입을 수 있을 꺼 같아 요 길이도 적당하고 허리 라인도 잘 들어갔어요,"만족, 가격, 추천, 온라인, 오프라인"
인데 상체는 하게 잘 맞고 엉덩이가 큰 편이라 엉덩이가 딱 맞아서 좀 부담스럽습니다 하지만 귀여워서 살 좀 빼고 입으려구요,"가격대비, 저렴, 만족, 가격, 짱, 추천, 온라인, 굳다굳다, 오프라인"
쿠폰이랑 적립금 써서 사면 만원 초반대로 살 수 있어서 가성비 좋은데 옷 넘 예뻐요 역시 무탠다드,"여름, 편, 허리라인, 움직이다"
바랜 느낌의 검은색이 아니라서 좋아요 저랑 비슷한 신체 사이즈이신 분들 추천합니다,"스포티, 편안하다, 시원하다소재"
허리 부분을 잡아줘서 말라 보여서 넘 좋아요 무난무난하게 입을 수 있고 여성 캐주얼룩 느낌이라 자주 입을 거 같아 요 는 넘 짧을 거 같아서 시켰는데 딱이예요 짧은 거 별로 신경 안 쓰이면서 편하고 예쁜 짧은 길이예요,"박음질, 실물, 프리, 디자인, 구김, 사진, 사이즈, 물, 배송, 어깨"
휘뚜루 마뚜루 여름에 가볍게 입고 다니기 좋은 원피스에 요 허리 라인을 잡아줘서 부해 보이지도 않아요,"시원, 소재, 비침, 컬러, 다양하다"
원피스 예쁘고 스타일도 좋고 소재도 좋아서 여름 원전 완전 추천합니다,"여름, 길이, 부담스럽지, 초반, 짧다"
너무 예쁘고 스타일도 좋고 소재도 좋아서 완전 추천합니다,"편하다, 후기, 길이, S사이즈"
면 시원 할 것 같아 요 가볍게 입 기 좋아요 그래서 만족하고 추천합니다,"스포티, 편안하다, 시원하다소재"
제 사이즈 분이면 이건 해요 한 사이즈 작아도 나쁘지 않을 거 같아 요 전 그냥 입을 게요,"박음질, 실물, 프리, 디자인, 구김, 사진, 사이즈, 물, 배송, 어깨"
길이 적당 비침 살짝 가격 적당 여름에 입 기 좋고 허리 라인 있어서 만족해요,"시원, 소재, 비침, 컬러, 다양하다"
키가 작아서 길이가 약간 어 중간 한 길이긴 한데 핏 응 이 뻐요 소재는 생각보다 얇았어요,"여름, 길이, 부담스럽지, 초반, 짧다"
허리 라인이 들어가서 너무 예뻐요 얇아서 속 치마 입고 입긴 했는데 진짜 잘 입고 다녔어요,"편하다, 후기, 길이, S사이즈"
사이즈 고민하다가 한 게 좋겠지 해서 라지샀는데 엠입으면 더 예쁘게 잘 맞을 거 같아요,"시원, 선물, 사이즈"
날씬해 보이고 편하게 입기 좋아요 저렴하게 잘 샀네요,"단추, 허리, 목, 라인"
세탁 후 변형 없고 적당한 두께 피케입니다 배송 매우 빨랐고 검정색 그 색상 그대로입니다 디자인은 허리 라인 살짝 들어간 베이직이에요,"시원, 갸벼워, 여행, 여름, 땀"
원피스가 엄청 비쳐서 속 바지 필수 일 것 같아 요 얇아서 좋긴 할 것 같아요,"원단얇다, 컬러, 시원하다, 가볍다, 날씬하다보이다"
여자친구랑 매장 가서 입어보고 여유 있게 입고 싶다고 해서 한 치수 크게 구입했습니다 깔끔하니 편하고 좋다 해요,"편하다, 만족, 가격, 핏, 막"
딱 센치만 더 짧았어도 좋았을 것 같아 요 비치니까 속 치마 필수,"여름, 사이즈, 주문, 적다"
허리가 많이 크고 생각보다 조금 길어서 한 사이즈 더 작은 옵션이 있으면 좋을 것 같아 요 다음엔 남색으로도 사볼래요,"사이즈, 넉넉, S"
예쁘도 다 하지만 검정색이 제일 예쁘도 다 다른 색은 너무 테니스 같음,"얇다, S, 천, 라인, M"
무탠다드 가격 괜찮고 질 좋은 브랜드로 인식이 되어 버림 입었는데 핏도 너무 괜찮구 심지어 싸 외안 삼 키로도 단 정빡끈녀로 만들어주는 옷 구매 개 추천,"카라원피스, 물다, 핏"
사이즈 적당하게 잘 맞아요 너무 딱 붙으면 불편할 것 같아서 사이즈 고민했는데 적당히 여유 있어서 편해 요 길이도 생각보단 긴 느낌이지만 앉으면 꽤 많이 올라가서 이게 나을 것 같기도 해요 한 여름에 입어도 될 만큼 시원한 재질이에요,"천, 길이, 달라붙다, 소재"
배송 매우 빠르고 재질이 좋네요 핏도 너무 예쁘네요,"여름, 사이즈, 주문, 적다"
배송 바로 다음날 왔어요 월요일에 오는 줄 알았는데 작을 줄 알았는데 해요,"사이즈, 넉넉, S"
잘 맞는 것 같네요 허리는 좀 튼 것 같은데 좋아요,"얇다, S, 천, 라인, M"
아직 안 입어 봤어요 후기 보고 사이즈 샀어요 시원해는 보여요,"카라원피스, 물다, 핏"
이 뻐요 잘 샀어요 사이즈 적당해요 배는 안 가려만 적당한 길이에 화사하고 이쁩니다 여름에 입 기 좋아서 구매해요,"천, 길이, 달라붙다, 소재"
마음에 듭니다 무신사 스텐다드 기본은 하겠죠짱,"가볍다, 하나, 편하다, 색상추가"
날씬해 보이는 효과가 있네 용 다리 쪽은 살짝 비침이 있는데 그렇게 신경 쓸 정도는 아닌 거 같아 요 쿨탠다드라 얆아서 시원해요,"편하다, 엉덩이, 기장"
여름용 원피스 사고 싶었는데 딱 깔끔하니 예쁘네요 허리 쪽은 라인이 있어 날씬해 보여 요 키가 좀 작아서 기장이 짧지도 않고 길지도 않은 거 같아요,"편하다, 엉덩이, 기장"
사이즈 딱 맞고 꽤 길게 나와서 맘에 들어 요 근데 다른 후기 처럼 원단이 얇아서 다리가 엄청 비칩니다 참고,"친구, 세탁"
길이가 딱 적당해서 부담 없이 입을 거 같아 요 재질은 좋고 생각보다 얇은 편이예요,"무게, 사이즈, 재질"
길이가 너무 짧지 않아서 좋고 시원한 소재라 부담 없이 편하게 입을 수 있어요 허리도 예쁘게 들어가서 날씬해 보여요,"여름, 소재, 넉넉, 블랙, 비치지, 사이즈, 비치"
사이즈 딱 맞아서 좋고 핏이 너무 예쁘네요 어두운 색상이긴 한데 얇아서 비칠까봐 안에 슬립 착용하고 입었어요,"편하다, 여성스럽다, 원피스, 스포티, 시원하다소재"
사이즈 딱 좋네요 핏도 예쁘고 길이가 많이 짧지 않아서 좋아요,"편하다, 불안, 스킨, 무릎, 햇빛"
진짜 옷이 체형에 딱 맞게 너무 이 뻐요 길이도 너무 안 짧고 저는 적당했어요,"길이, 재질, 핏"
딱 여름용으로 시원하게 입을 수 있어요 비침이 살짝 있어서 속 바지나 치마는 필수입니다,"재질, 핏"
아무 무늬가 없다 보니까 해 보이긴 합니다 기장도 약간 긴 느낌이 있구 여 근데 무난하게 입을 원피스로는 딱인 것 같아요,"여름, 소재, 넉넉, 블랙, 비치지, 사이즈, 비치"
여기저기 편하게 입기 좋은 원피스입니다 허리 라인 잡혀 잇어서 날씬해 보이고 좋아요,"편하다, 여성스럽다, 원피스, 스포티, 시원하다소재"
옷은 너무 예뻐요 허리도 잘록해 보이고 날씬해 보여서 좋습니다 단지 몸매가 좀 들어 나서 제 배를 가릴 수가 없더라구요 뱃살을 좀 빼야 할 꺼 같았고 다른 후기들처럼 옷이 좀 얇아서 속옷을 잘 갖춰 입어야 겠어요 햇빛에선 다리가 다 비치니 주의 하세요,"편하다, 불안, 스킨, 무릎, 햇빛"
엑몰은 짧을까봐 스몰했는데 생각보다 좀 커오,"길이, 재질, 핏"
저한테 사이즈는 딱 좋았어요 옷 특성상 배에 힘은 주어야 하지만 옷 자체는 허리도 잡혀 있고 해서 예뻐요 후기들 처럼 옷은 좀 얇아서 햇빛에 다리가 비칠꺼 같아 속옷 잘 챙겨 입어야 할 꺼 같아 요 맘에 듭니다,"재질, 핏"
이런 핏의 원피스 찾고 잇엇 다 만족힌 다 예쁘다 근데 초큼 입기 부끄럽다 헷 나에 스펙에 아주 딱이 다 큥 어 좁걸,"싸다가격, 배송, 빨리오다"
이런 핏의 원피스 찾고 잇엇 다 만족힌 다 예쁘다 근데 초큼 입기 부끄럽다 헷,"싸다가격, 배송, 빨리오다"
저는 허리 부분이 좀 컸는데 가슴 때문에 라지입으니 편 했어요,"배송빨리옴, 사이즈, 싸다"
여자친구한테 선물 해줬는데 너무 좋아하네요 핏도 좋고 기장감도 좋아요,"배송, 빠르다, 저렴하다"
월 베트남 여행에 입었습니다 핏이 편안하고 여유 있게 잘 맞았고 면이 하면서도 붙지 않아 좋네요,자다
애기 낳고 살 많이 쪄서 여행 가 입을 옷이 없어 구매했어요 착용 감편해요 옷이 얇아서 그런지 잘 늘어나는 거 같아 요 배송은 일정도 소요 됬어요 가격이 저렴해서 막 입기 괜찮은 거 같아요,"시원, 많이, 신경, 물다, 비치, 라인"
애기 낳고 살쪄서 편한 옷 찾게 되었어요 옷은 편해요 너무 얇아서 속 바지나 치마 입어야 될 거 같아 요 옷은 시원해 요 한 번 빨면 늘어나거나 색 빠질 듯 싶어요 가격 저렴하니 감안해야 할 듯해요,"퀄리티, 핏, 모델핏, 물다, 대아줌마"
처음 포장 뜯을 때 새 옷 냄새가 많이 나는 편이 긴 하지만 금방 빠지고 허리 라인이 들어가 있어서 전체적으로 옷 태가 예뻐 보여요,"물다, 따다봉, 사랭해, 아아악"
배송도 빠르고 너무 마음에 들어 요 다음에 이 브랜드 또 찾아볼 거같네요,"원단, 얇다, 핏, 길이, 부담스럽지"
얇고 가볍고 시원하고 편해서 더운 나라 여행가서 잘 입었어요,"아끼다두다, 늘씬, 정석, 데이트, 남자친구"
팔에 있는 살 커버 이 쁘게 잘 되고 허리 라인도 잡아줘서 너무 이 뻐요,"나쁘다, 선물"
생각보다 엄청 얇거나 그러진 않음 막 입을 용도로,자다
생각보다 사이즈가 잘 맞아요 살짝 길이 줄여서 입으려구요,"시원, 많이, 신경, 물다, 비치, 라인"
기장이 너무 짧지 않아서 좋아요 무난하게 잘 입으려구요,"퀄리티, 핏, 모델핏, 물다, 대아줌마"
블랙 컬러라서 훨씬 슬림해 보이고 좋아요 이전에 같은 라인 밝은 색상은 바스트가 살짝 타이트했는데 이건 타이트하지 않게 잘 맞아서 여름 휘뚜루 마 뚜루 막 입고 다니기 좋았어요,"물다, 따다봉, 사랭해, 아아악"
얇은 재질이라 여름에 시원하게 입 기 좋고 핏 예쁩니다,"원단, 얇다, 핏, 길이, 부담스럽지"
길이가 살짝 긴 가 싶긴 한데 나쁘지 않아서 그냥 입어도 될 거 같아 요 깔끔해서 예쁩니다 배가 좀 도 드라져 보일 수 있어서 배에 힘주고 입긴 해야 해요,"아끼다두다, 늘씬, 정석, 데이트, 남자친구"
가격도 괜찮고 가볍게 입 기 좋아요 편해요 배송도 빨랐어요,"나쁘다, 선물"
디자인도 예쁘고 제 체형에 찰떡이라 잘 입고 다냤습니디,"다리, 얇다, 허벅지쪽, 신경쓰이다"
조금 얇긴 하지만 핏이나 길이가 적당해서 좋아요 무탠다드 제품은 항상 평타는 치는 것 같아요,"비침, 허리, 소재, 슬립, 라인"
피케 원피스 사고 싶었는데 완전 가성비로 사서 너무 좋아요 다만 다른 후기 말대로 좀 얇긴 얇아요 그래도 속 바지 입으면 괜찮을 것 같네용,"편하다, 시원, 신체, 허리, 사이즈, 천, 가격치고, 잡히다"
깔끔한 디자인에 시원한 원단 타이트한 날 씬핏이 연출됩니다 비오는 날 출근룩으로 입었는데 좀 짧은 가 싶었는데 괜찮은 거 같아요,"얇다, 비침, 시원하다"
장마철에 레인부츠랑 같이 입으려고 구매했어요 사이즈 타이트한 편이고 다른 후기들처럼 치마 부분 비침 있어요 원단이 하고 시원해서 잘 입고 다녔네요,"통통, 사이즈, 널널"
못 입을 정도는 아니고 약간 작은 느낌이 있어서 으로 할 껄 싶네요,"코디, 하체, 여름, 허리, 재질, 포인트, 사이즈, 길이, 가방, 스타일, 상체, 통"
아주 무난한 디자인으로 날씬해 보여요 이라 살짝 짧은 감이 있지만 못 입을 정도는 아님,"가격, 추천, 물다, 세탁, 라인"
후기가 좋아서 샀는데 아주 만족합니다 팔다리는 가 늘고 허리가 엄청 한 키 큰 여자입니다 소화할 만 했습니다 길이도 어 쨋든 엉댕이 다 가리고 잘 돌아댕겼습니다,"신랑, 길이, 검정색, 라인, 찰떡, 핑크색"
핏 딱 좋고 색도 선명해서 안에 비침 없어서 좋아요,"시원, 숏버전, 롱버전, 짧다, 키, 여름교복, 휘뚜루마뚜루"
사진 그대로입니다 옷이 예뻐요 좋아요 감사해요,"코디, 하체, 여름, 허리, 재질, 포인트, 사이즈, 길이, 가방, 스타일, 상체, 통"
기준 길이가 애매해서 좀 아쉬워요 다리 쪽 비침 있어요,"가격, 추천, 물다, 세탁, 라인"
편하게 막 입고 벗기 좋아요 맨날 입어요 다른 색도 사고 싶어요,"신랑, 길이, 검정색, 라인, 찰떡, 핑크색"
라지로 구입했는데 여유 있게 잘 맞습니다 재질은 여름용 이르 잘 맞아서 한 여름에 잘 입고 다녔어요 지금은 좀 추울듯 검은색인데도 비침 있으니 참고하시면 좋을 듯,"시원, 숏버전, 롱버전, 짧다, 키, 여름교복, 휘뚜루마뚜루"
여름 끝나기 전에 입었는데 너무 예뻐요 길이도 적당하고 허리 라인이 적당히 잡혀 있어서 여성스러움이 잘 나타나서 좋아요,"배, 사이즈, 살빼다, 흑"
핏 예쁘게 잘 떨어지고 허리 라인 어깨라인 잡아줘서 좋습니다,길이
